%
O1001
(PROGRAM NAME: VEXCAD_PART)
(MATERIAL: aluminum_6061)
(DATE: 2026-06-23)
G17 (XY PLANE)
G21 (METRIC)
G40 (CANCEL CUTTER COMP)
G49 (CANCEL TOOL LENGTH OFFSET)
G80 (CANCEL CANNED CYCLES)
G90 (ABSOLUTE COORDS)
G94 (FEED PER MINUTE)
G54 (WORK OFFSET)
M09 (COOLANT OFF BEFORE TOOL CHANGE)
M05 (SPINDLE STOP)
T1 M06
G43 H1 Z50.000
(PROFILE)
S12000 M03
G00 X-39.305 Y-20.000 Z50.000
G01 Z-1.000 F200.0
G01 X-38.804 Y-20.000 Z-1.000 F800.0
G01 X-38.304 Y-20.000 Z-1.000 F800.0
G01 X-37.803 Y-20.000 Z-1.000 F800.0
G01 X-37.303 Y-20.000 Z-1.000 F800.0
G01 X-36.802 Y-20.000 Z-1.000 F800.0
G01 X-36.302 Y-20.000 Z-1.000 F800.0
G01 X-35.801 Y-20.000 Z-1.000 F800.0
G01 X-35.301 Y-20.000 Z-1.000 F800.0
G01 X-34.800 Y-20.000 Z-1.000 F800.0
G01 X-34.299 Y-20.000 Z-1.000 F800.0
G01 X-33.799 Y-20.000 Z-1.000 F800.0
G01 X-33.298 Y-20.000 Z-1.000 F800.0
G01 X-32.798 Y-20.000 Z-1.000 F800.0
G01 X-32.297 Y-20.000 Z-1.000 F800.0
G01 X-31.797 Y-20.000 Z-1.000 F800.0
G01 X-31.296 Y-20.000 Z-1.000 F800.0
G01 X-30.796 Y-20.000 Z-1.000 F800.0
G01 X-30.295 Y-20.000 Z-1.000 F800.0
G01 X-29.794 Y-20.000 Z-1.000 F800.0
G01 X-29.294 Y-20.000 Z-1.000 F800.0
G01 X-28.793 Y-20.000 Z-1.000 F800.0
G01 X-28.293 Y-20.000 Z-1.000 F800.0
G01 X-27.792 Y-20.000 Z-1.000 F800.0
G01 X-27.292 Y-20.000 Z-1.000 F800.0
G01 X-26.791 Y-20.000 Z-1.000 F800.0
G01 X-26.291 Y-20.000 Z-1.000 F800.0
G01 X-25.790 Y-20.000 Z-1.000 F800.0
G01 X-25.414 Y-20.257 Z-1.000 F800.0
G01 X-25.099 Y-20.646 Z-1.000 F800.0
G01 X-24.778 Y-21.031 Z-1.000 F800.0
G01 X-24.451 Y-21.410 Z-1.000 F800.0
G01 X-24.119 Y-21.784 Z-1.000 F800.0
G01 X-23.781 Y-22.153 Z-1.000 F800.0
G01 X-23.437 Y-22.516 Z-1.000 F800.0
G01 X-23.087 Y-22.874 Z-1.000 F800.0
G01 X-22.732 Y-23.227 Z-1.000 F800.0
G01 X-22.371 Y-23.575 Z-1.000 F800.0
G01 X-22.006 Y-23.916 Z-1.000 F800.0
G01 X-21.635 Y-24.253 Z-1.000 F800.0
G01 X-21.259 Y-24.583 Z-1.000 F800.0
G01 X-20.878 Y-24.907 Z-1.000 F800.0
G01 X-20.492 Y-25.226 Z-1.000 F800.0
G01 X-20.101 Y-25.539 Z-1.000 F800.0
G01 X-19.705 Y-25.845 Z-1.000 F800.0
G01 X-19.305 Y-26.145 Z-1.000 F800.0
G01 X-18.900 Y-26.440 Z-1.000 F800.0
G01 X-18.490 Y-26.728 Z-1.000 F800.0
G01 X-18.076 Y-27.009 Z-1.000 F800.0
G01 X-17.658 Y-27.284 Z-1.000 F800.0
G01 X-17.236 Y-27.553 Z-1.000 F800.0
G01 X-16.809 Y-27.815 Z-1.000 F800.0
G01 X-16.379 Y-28.071 Z-1.000 F800.0
G01 X-15.945 Y-28.320 Z-1.000 F800.0
G01 X-15.507 Y-28.562 Z-1.000 F800.0
G01 X-15.065 Y-28.797 Z-1.000 F800.0
G01 X-14.620 Y-29.026 Z-1.000 F800.0
G01 X-14.171 Y-29.248 Z-1.000 F800.0
G01 X-13.719 Y-29.463 Z-1.000 F800.0
G01 X-13.263 Y-29.670 Z-1.000 F800.0
G01 X-12.805 Y-29.871 Z-1.000 F800.0
G01 X-12.343 Y-30.065 Z-1.000 F800.0
G01 X-11.879 Y-30.251 Z-1.000 F800.0
G01 X-11.412 Y-30.431 Z-1.000 F800.0
G01 X-10.942 Y-30.603 Z-1.000 F800.0
G01 X-10.469 Y-30.768 Z-1.000 F800.0
G01 X-9.994 Y-30.925 Z-1.000 F800.0
G01 X-9.516 Y-31.076 Z-1.000 F800.0
G01 X-9.037 Y-31.218 Z-1.000 F800.0
G01 X-8.555 Y-31.354 Z-1.000 F800.0
G01 X-8.071 Y-31.482 Z-1.000 F800.0
G01 X-7.585 Y-31.602 Z-1.000 F800.0
G01 X-7.097 Y-31.716 Z-1.000 F800.0
G01 X-6.608 Y-31.821 Z-1.000 F800.0
G01 X-6.117 Y-31.919 Z-1.000 F800.0
G01 X-5.625 Y-32.010 Z-1.000 F800.0
G01 X-5.131 Y-32.092 Z-1.000 F800.0
G01 X-4.636 Y-32.168 Z-1.000 F800.0
G01 X-4.141 Y-32.235 Z-1.000 F800.0
G01 X-3.644 Y-32.295 Z-1.000 F800.0
G01 X-3.146 Y-32.347 Z-1.000 F800.0
G01 X-2.647 Y-32.392 Z-1.000 F800.0
G01 X-2.148 Y-32.429 Z-1.000 F800.0
G01 X-1.648 Y-32.458 Z-1.000 F800.0
G01 X-1.148 Y-32.480 Z-1.000 F800.0
G01 X-0.648 Y-32.494 Z-1.000 F800.0
G01 X-0.147 Y-32.500 Z-1.000 F800.0
G01 X0.353 Y-32.498 Z-1.000 F800.0
G01 X0.854 Y-32.489 Z-1.000 F800.0
G01 X1.354 Y-32.472 Z-1.000 F800.0
G01 X1.854 Y-32.447 Z-1.000 F800.0
G01 X2.353 Y-32.415 Z-1.000 F800.0
G01 X2.852 Y-32.375 Z-1.000 F800.0
G01 X3.351 Y-32.327 Z-1.000 F800.0
G01 X3.848 Y-32.271 Z-1.000 F800.0
G01 X4.345 Y-32.208 Z-1.000 F800.0
G01 X4.840 Y-32.138 Z-1.000 F800.0
G01 X5.335 Y-32.059 Z-1.000 F800.0
G01 X5.828 Y-31.973 Z-1.000 F800.0
G01 X6.319 Y-31.880 Z-1.000 F800.0
G01 X6.810 Y-31.779 Z-1.000 F800.0
G01 X7.298 Y-31.670 Z-1.000 F800.0
G01 X7.785 Y-31.554 Z-1.000 F800.0
G01 X8.270 Y-31.430 Z-1.000 F800.0
G01 X8.753 Y-31.299 Z-1.000 F800.0
G01 X9.234 Y-31.161 Z-1.000 F800.0
G01 X9.713 Y-31.015 Z-1.000 F800.0
G01 X10.190 Y-30.861 Z-1.000 F800.0
G01 X10.664 Y-30.701 Z-1.000 F800.0
G01 X11.135 Y-30.533 Z-1.000 F800.0
G01 X11.604 Y-30.358 Z-1.000 F800.0
G01 X12.070 Y-30.175 Z-1.000 F800.0
G01 X12.534 Y-29.986 Z-1.000 F800.0
G01 X12.994 Y-29.789 Z-1.000 F800.0
G01 X13.451 Y-29.586 Z-1.000 F800.0
G01 X13.905 Y-29.375 Z-1.000 F800.0
G01 X14.356 Y-29.157 Z-1.000 F800.0
G01 X14.803 Y-28.933 Z-1.000 F800.0
G01 X15.247 Y-28.701 Z-1.000 F800.0
G01 X15.687 Y-28.463 Z-1.000 F800.0
G01 X16.124 Y-28.218 Z-1.000 F800.0
G01 X16.557 Y-27.967 Z-1.000 F800.0
G01 X16.985 Y-27.708 Z-1.000 F800.0
G01 X17.410 Y-27.443 Z-1.000 F800.0
G01 X17.831 Y-27.172 Z-1.000 F800.0
G01 X18.247 Y-26.894 Z-1.000 F800.0
G01 X18.659 Y-26.610 Z-1.000 F800.0
G01 X19.067 Y-26.319 Z-1.000 F800.0
G01 X19.470 Y-26.023 Z-1.000 F800.0
G01 X19.868 Y-25.720 Z-1.000 F800.0
G01 X20.262 Y-25.411 Z-1.000 F800.0
G01 X20.651 Y-25.096 Z-1.000 F800.0
G01 X21.035 Y-24.775 Z-1.000 F800.0
G01 X21.414 Y-24.448 Z-1.000 F800.0
G01 X21.788 Y-24.115 Z-1.000 F800.0
G01 X22.157 Y-23.777 Z-1.000 F800.0
G01 X22.520 Y-23.433 Z-1.000 F800.0
G01 X22.879 Y-23.083 Z-1.000 F800.0
G01 X23.231 Y-22.728 Z-1.000 F800.0
G01 X23.579 Y-22.367 Z-1.000 F800.0
G01 X23.920 Y-22.002 Z-1.000 F800.0
G01 X24.256 Y-21.631 Z-1.000 F800.0
G01 X24.587 Y-21.254 Z-1.000 F800.0
G01 X24.911 Y-20.873 Z-1.000 F800.0
G01 X25.230 Y-20.487 Z-1.000 F800.0
G01 X25.542 Y-20.096 Z-1.000 F800.0
G01 X25.996 Y-20.000 Z-1.000 F800.0
G01 X26.496 Y-20.000 Z-1.000 F800.0
G01 X26.997 Y-20.000 Z-1.000 F800.0
G01 X27.498 Y-20.000 Z-1.000 F800.0
G01 X27.998 Y-20.000 Z-1.000 F800.0
G01 X28.499 Y-20.000 Z-1.000 F800.0
G01 X28.999 Y-20.000 Z-1.000 F800.0
G01 X29.500 Y-20.000 Z-1.000 F800.0
G01 X30.000 Y-20.000 Z-1.000 F800.0
G01 X30.501 Y-20.000 Z-1.000 F800.0
G01 X31.001 Y-20.000 Z-1.000 F800.0
G01 X31.502 Y-20.000 Z-1.000 F800.0
G01 X32.003 Y-20.000 Z-1.000 F800.0
G01 X32.503 Y-20.000 Z-1.000 F800.0
G01 X33.004 Y-20.000 Z-1.000 F800.0
G01 X33.504 Y-20.000 Z-1.000 F800.0
G01 X34.005 Y-20.000 Z-1.000 F800.0
G01 X34.505 Y-20.000 Z-1.000 F800.0
G01 X35.006 Y-20.000 Z-1.000 F800.0
G01 X35.506 Y-20.000 Z-1.000 F800.0
G01 X36.007 Y-20.000 Z-1.000 F800.0
G01 X36.508 Y-20.000 Z-1.000 F800.0
G01 X37.008 Y-20.000 Z-1.000 F800.0
G01 X37.509 Y-20.000 Z-1.000 F800.0
G01 X38.009 Y-20.000 Z-1.000 F800.0
G01 X38.510 Y-20.000 Z-1.000 F800.0
G01 X39.010 Y-20.000 Z-1.000 F800.0
G01 X39.305 Y-19.794 Z-1.000 F800.0
G01 X39.305 Y-19.294 Z-1.000 F800.0
G01 X39.305 Y-18.793 Z-1.000 F800.0
G01 X39.305 Y-18.292 Z-1.000 F800.0
G01 X39.305 Y-17.792 Z-1.000 F800.0
G01 X39.305 Y-17.291 Z-1.000 F800.0
G01 X39.305 Y-16.791 Z-1.000 F800.0
G01 X39.305 Y-16.290 Z-1.000 F800.0
G01 X39.305 Y-15.790 Z-1.000 F800.0
G01 X39.305 Y-15.289 Z-1.000 F800.0
G01 X39.305 Y-14.789 Z-1.000 F800.0
G01 X39.305 Y-14.288 Z-1.000 F800.0
G01 X39.305 Y-13.787 Z-1.000 F800.0
G01 X39.305 Y-13.287 Z-1.000 F800.0
G01 X39.305 Y-12.786 Z-1.000 F800.0
G01 X39.305 Y-12.286 Z-1.000 F800.0
G01 X39.305 Y-11.785 Z-1.000 F800.0
G01 X39.305 Y-11.285 Z-1.000 F800.0
G01 X39.305 Y-10.784 Z-1.000 F800.0
G01 X39.305 Y-10.284 Z-1.000 F800.0
G01 X39.305 Y-9.783 Z-1.000 F800.0
G01 X39.305 Y-9.282 Z-1.000 F800.0
G01 X39.305 Y-8.782 Z-1.000 F800.0
G01 X39.305 Y-8.281 Z-1.000 F800.0
G01 X39.305 Y-7.781 Z-1.000 F800.0
G01 X39.305 Y-7.280 Z-1.000 F800.0
G01 X39.305 Y-6.780 Z-1.000 F800.0
G01 X39.305 Y-6.279 Z-1.000 F800.0
G01 X39.305 Y-5.779 Z-1.000 F800.0
G01 X39.305 Y-5.278 Z-1.000 F800.0
G01 X39.305 Y-4.777 Z-1.000 F800.0
G01 X39.305 Y-4.277 Z-1.000 F800.0
G01 X39.305 Y-3.776 Z-1.000 F800.0
G01 X39.305 Y-3.276 Z-1.000 F800.0
G01 X39.305 Y-2.775 Z-1.000 F800.0
G01 X39.305 Y-2.275 Z-1.000 F800.0
G01 X39.305 Y-1.774 Z-1.000 F800.0
G01 X39.305 Y-1.274 Z-1.000 F800.0
G01 X39.305 Y-0.773 Z-1.000 F800.0
G01 X39.305 Y-0.272 Z-1.000 F800.0
G01 X39.305 Y0.228 Z-1.000 F800.0
G01 X39.305 Y0.729 Z-1.000 F800.0
G01 X39.305 Y1.229 Z-1.000 F800.0
G01 X39.305 Y1.730 Z-1.000 F800.0
G01 X39.305 Y2.230 Z-1.000 F800.0
G01 X39.305 Y2.731 Z-1.000 F800.0
G01 X39.305 Y3.231 Z-1.000 F800.0
G01 X39.305 Y3.732 Z-1.000 F800.0
G01 X39.305 Y4.233 Z-1.000 F800.0
G01 X39.305 Y4.733 Z-1.000 F800.0
G01 X39.305 Y5.234 Z-1.000 F800.0
G01 X39.305 Y5.734 Z-1.000 F800.0
G01 X39.305 Y6.235 Z-1.000 F800.0
G01 X39.305 Y6.735 Z-1.000 F800.0
G01 X39.305 Y7.236 Z-1.000 F800.0
G01 X39.305 Y7.736 Z-1.000 F800.0
G01 X39.305 Y8.237 Z-1.000 F800.0
G01 X39.305 Y8.738 Z-1.000 F800.0
G01 X39.305 Y9.238 Z-1.000 F800.0
G01 X39.305 Y9.739 Z-1.000 F800.0
G01 X39.305 Y10.239 Z-1.000 F800.0
G01 X39.305 Y10.740 Z-1.000 F800.0
G01 X39.305 Y11.240 Z-1.000 F800.0
G01 X39.305 Y11.741 Z-1.000 F800.0
G01 X39.305 Y12.241 Z-1.000 F800.0
G01 X39.305 Y12.742 Z-1.000 F800.0
G01 X39.305 Y13.243 Z-1.000 F800.0
G01 X39.305 Y13.743 Z-1.000 F800.0
G01 X39.305 Y14.244 Z-1.000 F800.0
G01 X39.305 Y14.744 Z-1.000 F800.0
G01 X39.305 Y15.245 Z-1.000 F800.0
G01 X39.305 Y15.745 Z-1.000 F800.0
G01 X39.305 Y16.246 Z-1.000 F800.0
G01 X39.305 Y16.746 Z-1.000 F800.0
G01 X39.305 Y17.247 Z-1.000 F800.0
G01 X39.305 Y17.748 Z-1.000 F800.0
G01 X39.305 Y18.248 Z-1.000 F800.0
G01 X39.305 Y18.749 Z-1.000 F800.0
G01 X39.305 Y19.249 Z-1.000 F800.0
G01 X39.305 Y19.750 Z-1.000 F800.0
G01 X39.055 Y20.000 Z-1.000 F800.0
G01 X38.554 Y20.000 Z-1.000 F800.0
G01 X38.054 Y20.000 Z-1.000 F800.0
G01 X37.553 Y20.000 Z-1.000 F800.0
G01 X37.053 Y20.000 Z-1.000 F800.0
G01 X36.552 Y20.000 Z-1.000 F800.0
G01 X36.051 Y20.000 Z-1.000 F800.0
G01 X35.551 Y20.000 Z-1.000 F800.0
G01 X35.050 Y20.000 Z-1.000 F800.0
G01 X34.550 Y20.000 Z-1.000 F800.0
G01 X34.049 Y20.000 Z-1.000 F800.0
G01 X33.549 Y20.000 Z-1.000 F800.0
G01 X33.048 Y20.000 Z-1.000 F800.0
G01 X32.548 Y20.000 Z-1.000 F800.0
G01 X32.047 Y20.000 Z-1.000 F800.0
G01 X31.546 Y20.000 Z-1.000 F800.0
G01 X31.046 Y20.000 Z-1.000 F800.0
G01 X30.545 Y20.000 Z-1.000 F800.0
G01 X30.045 Y20.000 Z-1.000 F800.0
G01 X29.544 Y20.000 Z-1.000 F800.0
G01 X29.044 Y20.000 Z-1.000 F800.0
G01 X28.543 Y20.000 Z-1.000 F800.0
G01 X28.043 Y20.000 Z-1.000 F800.0
G01 X27.542 Y20.000 Z-1.000 F800.0
G01 X27.041 Y20.000 Z-1.000 F800.0
G01 X26.541 Y20.000 Z-1.000 F800.0
G01 X26.040 Y20.000 Z-1.000 F800.0
G01 X25.570 Y20.061 Z-1.000 F800.0
G01 X25.258 Y20.453 Z-1.000 F800.0
G01 X24.940 Y20.839 Z-1.000 F800.0
G01 X24.616 Y21.221 Z-1.000 F800.0
G01 X24.286 Y21.597 Z-1.000 F800.0
G01 X23.950 Y21.969 Z-1.000 F800.0
G01 X23.609 Y22.335 Z-1.000 F800.0
G01 X23.262 Y22.696 Z-1.000 F800.0
G01 X22.910 Y23.052 Z-1.000 F800.0
G01 X22.552 Y23.402 Z-1.000 F800.0
G01 X22.189 Y23.746 Z-1.000 F800.0
G01 X21.821 Y24.085 Z-1.000 F800.0
G01 X21.447 Y24.418 Z-1.000 F800.0
G01 X21.069 Y24.746 Z-1.000 F800.0
G01 X20.685 Y25.067 Z-1.000 F800.0
G01 X20.297 Y25.383 Z-1.000 F800.0
G01 X19.903 Y25.693 Z-1.000 F800.0
G01 X19.505 Y25.996 Z-1.000 F800.0
G01 X19.103 Y26.293 Z-1.000 F800.0
G01 X18.695 Y26.584 Z-1.000 F800.0
G01 X18.284 Y26.869 Z-1.000 F800.0
G01 X17.868 Y27.148 Z-1.000 F800.0
G01 X17.448 Y27.420 Z-1.000 F800.0
G01 X17.023 Y27.685 Z-1.000 F800.0
G01 X16.595 Y27.944 Z-1.000 F800.0
G01 X16.162 Y28.196 Z-1.000 F800.0
G01 X15.726 Y28.442 Z-1.000 F800.0
G01 X15.286 Y28.681 Z-1.000 F800.0
G01 X14.843 Y28.913 Z-1.000 F800.0
G01 X14.396 Y29.138 Z-1.000 F800.0
G01 X13.945 Y29.356 Z-1.000 F800.0
G01 X13.492 Y29.567 Z-1.000 F800.0
G01 X13.035 Y29.772 Z-1.000 F800.0
G01 X12.575 Y29.969 Z-1.000 F800.0
G01 X12.112 Y30.159 Z-1.000 F800.0
G01 X11.646 Y30.342 Z-1.000 F800.0
G01 X11.177 Y30.518 Z-1.000 F800.0
G01 X10.706 Y30.686 Z-1.000 F800.0
G01 X10.232 Y30.847 Z-1.000 F800.0
G01 X9.755 Y31.001 Z-1.000 F800.0
G01 X9.277 Y31.148 Z-1.000 F800.0
G01 X8.796 Y31.287 Z-1.000 F800.0
G01 X8.313 Y31.419 Z-1.000 F800.0
G01 X7.828 Y31.543 Z-1.000 F800.0
G01 X7.341 Y31.660 Z-1.000 F800.0
G01 X6.853 Y31.769 Z-1.000 F800.0
G01 X6.363 Y31.871 Z-1.000 F800.0
G01 X5.871 Y31.965 Z-1.000 F800.0
G01 X5.378 Y32.052 Z-1.000 F800.0
G01 X4.884 Y32.131 Z-1.000 F800.0
G01 X4.389 Y32.202 Z-1.000 F800.0
G01 X3.892 Y32.266 Z-1.000 F800.0
G01 X3.395 Y32.322 Z-1.000 F800.0
G01 X2.897 Y32.371 Z-1.000 F800.0
G01 X2.398 Y32.411 Z-1.000 F800.0
G01 X1.898 Y32.445 Z-1.000 F800.0
G01 X1.398 Y32.470 Z-1.000 F800.0
G01 X0.898 Y32.488 Z-1.000 F800.0
G01 X0.398 Y32.498 Z-1.000 F800.0
G01 X-0.103 Y32.500 Z-1.000 F800.0
G01 X-0.603 Y32.494 Z-1.000 F800.0
G01 X-1.104 Y32.481 Z-1.000 F800.0
G01 X-1.604 Y32.460 Z-1.000 F800.0
G01 X-2.104 Y32.432 Z-1.000 F800.0
G01 X-2.603 Y32.396 Z-1.000 F800.0
G01 X-3.102 Y32.352 Z-1.000 F800.0
G01 X-3.599 Y32.300 Z-1.000 F800.0
G01 X-4.096 Y32.241 Z-1.000 F800.0
G01 X-4.593 Y32.174 Z-1.000 F800.0
G01 X-5.087 Y32.099 Z-1.000 F800.0
G01 X-5.581 Y32.017 Z-1.000 F800.0
G01 X-6.074 Y31.927 Z-1.000 F800.0
G01 X-6.565 Y31.830 Z-1.000 F800.0
G01 X-7.054 Y31.725 Z-1.000 F800.0
G01 X-7.542 Y31.613 Z-1.000 F800.0
G01 X-8.028 Y31.493 Z-1.000 F800.0
G01 X-8.512 Y31.366 Z-1.000 F800.0
G01 X-8.994 Y31.231 Z-1.000 F800.0
G01 X-9.474 Y31.089 Z-1.000 F800.0
G01 X-9.952 Y30.939 Z-1.000 F800.0
G01 X-10.427 Y30.782 Z-1.000 F800.0
G01 X-10.900 Y30.618 Z-1.000 F800.0
G01 X-11.370 Y30.446 Z-1.000 F800.0
G01 X-11.838 Y30.268 Z-1.000 F800.0
G01 X-12.302 Y30.082 Z-1.000 F800.0
G01 X-12.764 Y29.889 Z-1.000 F800.0
G01 X-13.223 Y29.688 Z-1.000 F800.0
G01 X-13.679 Y29.481 Z-1.000 F800.0
G01 X-14.131 Y29.267 Z-1.000 F800.0
G01 X-14.580 Y29.046 Z-1.000 F800.0
G01 X-15.026 Y28.818 Z-1.000 F800.0
G01 X-15.468 Y28.583 Z-1.000 F800.0
G01 X-15.906 Y28.342 Z-1.000 F800.0
G01 X-16.341 Y28.093 Z-1.000 F800.0
G01 X-16.771 Y27.838 Z-1.000 F800.0
G01 X-17.198 Y27.577 Z-1.000 F800.0
G01 X-17.621 Y27.309 Z-1.000 F800.0
G01 X-18.039 Y27.034 Z-1.000 F800.0
G01 X-18.454 Y26.753 Z-1.000 F800.0
G01 X-18.863 Y26.465 Z-1.000 F800.0
G01 X-19.269 Y26.172 Z-1.000 F800.0
G01 X-19.670 Y25.872 Z-1.000 F800.0
G01 X-20.066 Y25.566 Z-1.000 F800.0
G01 X-20.457 Y25.254 Z-1.000 F800.0
G01 X-20.844 Y24.936 Z-1.000 F800.0
G01 X-21.225 Y24.612 Z-1.000 F800.0
G01 X-21.602 Y24.282 Z-1.000 F800.0
G01 X-21.973 Y23.946 Z-1.000 F800.0
G01 X-22.339 Y23.605 Z-1.000 F800.0
G01 X-22.700 Y23.258 Z-1.000 F800.0
G01 X-23.056 Y22.906 Z-1.000 F800.0
G01 X-23.406 Y22.548 Z-1.000 F800.0
G01 X-23.750 Y22.185 Z-1.000 F800.0
G01 X-24.089 Y21.817 Z-1.000 F800.0
G01 X-24.422 Y21.443 Z-1.000 F800.0
G01 X-24.750 Y21.064 Z-1.000 F800.0
G01 X-25.071 Y20.681 Z-1.000 F800.0
G01 X-25.387 Y20.292 Z-1.000 F800.0
G01 X-25.746 Y20.000 Z-1.000 F800.0
G01 X-26.246 Y20.000 Z-1.000 F800.0
G01 X-26.747 Y20.000 Z-1.000 F800.0
G01 X-27.247 Y20.000 Z-1.000 F800.0
G01 X-27.748 Y20.000 Z-1.000 F800.0
G01 X-28.248 Y20.000 Z-1.000 F800.0
G01 X-28.749 Y20.000 Z-1.000 F800.0
G01 X-29.249 Y20.000 Z-1.000 F800.0
G01 X-29.750 Y20.000 Z-1.000 F800.0
G01 X-30.251 Y20.000 Z-1.000 F800.0
G01 X-30.751 Y20.000 Z-1.000 F800.0
G01 X-31.252 Y20.000 Z-1.000 F800.0
G01 X-31.752 Y20.000 Z-1.000 F800.0
G01 X-32.253 Y20.000 Z-1.000 F800.0
G01 X-32.753 Y20.000 Z-1.000 F800.0
G01 X-33.254 Y20.000 Z-1.000 F800.0
G01 X-33.754 Y20.000 Z-1.000 F800.0
G01 X-34.255 Y20.000 Z-1.000 F800.0
G01 X-34.756 Y20.000 Z-1.000 F800.0
G01 X-35.256 Y20.000 Z-1.000 F800.0
G01 X-35.757 Y20.000 Z-1.000 F800.0
G01 X-36.257 Y20.000 Z-1.000 F800.0
G01 X-36.758 Y20.000 Z-1.000 F800.0
G01 X-37.258 Y20.000 Z-1.000 F800.0
G01 X-37.759 Y20.000 Z-1.000 F800.0
G01 X-38.259 Y20.000 Z-1.000 F800.0
G01 X-38.760 Y20.000 Z-1.000 F800.0
G01 X-39.261 Y20.000 Z-1.000 F800.0
G01 X-39.305 Y19.544 Z-1.000 F800.0
G01 X-39.305 Y19.043 Z-1.000 F800.0
G01 X-39.305 Y18.543 Z-1.000 F800.0
G01 X-39.305 Y18.042 Z-1.000 F800.0
G01 X-39.305 Y17.542 Z-1.000 F800.0
G01 X-39.305 Y17.041 Z-1.000 F800.0
G01 X-39.305 Y16.541 Z-1.000 F800.0
G01 X-39.305 Y16.040 Z-1.000 F800.0
G01 X-39.305 Y15.539 Z-1.000 F800.0
G01 X-39.305 Y15.039 Z-1.000 F800.0
G01 X-39.305 Y14.538 Z-1.000 F800.0
G01 X-39.305 Y14.038 Z-1.000 F800.0
G01 X-39.305 Y13.537 Z-1.000 F800.0
G01 X-39.305 Y13.037 Z-1.000 F800.0
G01 X-39.305 Y12.536 Z-1.000 F800.0
G01 X-39.305 Y12.036 Z-1.000 F800.0
G01 X-39.305 Y11.535 Z-1.000 F800.0
G01 X-39.305 Y11.034 Z-1.000 F800.0
G01 X-39.305 Y10.534 Z-1.000 F800.0
G01 X-39.305 Y10.033 Z-1.000 F800.0
G01 X-39.305 Y9.533 Z-1.000 F800.0
G01 X-39.305 Y9.032 Z-1.000 F800.0
G01 X-39.305 Y8.532 Z-1.000 F800.0
G01 X-39.305 Y8.031 Z-1.000 F800.0
G01 X-39.305 Y7.531 Z-1.000 F800.0
G01 X-39.305 Y7.030 Z-1.000 F800.0
G01 X-39.305 Y6.529 Z-1.000 F800.0
G01 X-39.305 Y6.029 Z-1.000 F800.0
G01 X-39.305 Y5.528 Z-1.000 F800.0
G01 X-39.305 Y5.028 Z-1.000 F800.0
G01 X-39.305 Y4.527 Z-1.000 F800.0
G01 X-39.305 Y4.027 Z-1.000 F800.0
G01 X-39.305 Y3.526 Z-1.000 F800.0
G01 X-39.305 Y3.026 Z-1.000 F800.0
G01 X-39.305 Y2.525 Z-1.000 F800.0
G01 X-39.305 Y2.024 Z-1.000 F800.0
G01 X-39.305 Y1.524 Z-1.000 F800.0
G01 X-39.305 Y1.023 Z-1.000 F800.0
G01 X-39.305 Y0.523 Z-1.000 F800.0
G01 X-39.305 Y0.022 Z-1.000 F800.0
G01 X-39.305 Y-0.478 Z-1.000 F800.0
G01 X-39.305 Y-0.979 Z-1.000 F800.0
G01 X-39.305 Y-1.479 Z-1.000 F800.0
G01 X-39.305 Y-1.980 Z-1.000 F800.0
G01 X-39.305 Y-2.481 Z-1.000 F800.0
G01 X-39.305 Y-2.981 Z-1.000 F800.0
G01 X-39.305 Y-3.482 Z-1.000 F800.0
G01 X-39.305 Y-3.982 Z-1.000 F800.0
G01 X-39.305 Y-4.483 Z-1.000 F800.0
G01 X-39.305 Y-4.983 Z-1.000 F800.0
G01 X-39.305 Y-5.484 Z-1.000 F800.0
G01 X-39.305 Y-5.984 Z-1.000 F800.0
G01 X-39.305 Y-6.485 Z-1.000 F800.0
G01 X-39.305 Y-6.986 Z-1.000 F800.0
G01 X-39.305 Y-7.486 Z-1.000 F800.0
G01 X-39.305 Y-7.987 Z-1.000 F800.0
G01 X-39.305 Y-8.487 Z-1.000 F800.0
G01 X-39.305 Y-8.988 Z-1.000 F800.0
G01 X-39.305 Y-9.488 Z-1.000 F800.0
G01 X-39.305 Y-9.989 Z-1.000 F800.0
G01 X-39.305 Y-10.489 Z-1.000 F800.0
G01 X-39.305 Y-10.990 Z-1.000 F800.0
G01 X-39.305 Y-11.491 Z-1.000 F800.0
G01 X-39.305 Y-11.991 Z-1.000 F800.0
G01 X-39.305 Y-12.492 Z-1.000 F800.0
G01 X-39.305 Y-12.992 Z-1.000 F800.0
G01 X-39.305 Y-13.493 Z-1.000 F800.0
G01 X-39.305 Y-13.993 Z-1.000 F800.0
G01 X-39.305 Y-14.494 Z-1.000 F800.0
G01 X-39.305 Y-14.994 Z-1.000 F800.0
G01 X-39.305 Y-15.495 Z-1.000 F800.0
G01 X-39.305 Y-15.996 Z-1.000 F800.0
G01 X-39.305 Y-16.496 Z-1.000 F800.0
G01 X-39.305 Y-16.997 Z-1.000 F800.0
G01 X-39.305 Y-17.497 Z-1.000 F800.0
G01 X-39.305 Y-17.998 Z-1.000 F800.0
G01 X-39.305 Y-18.498 Z-1.000 F800.0
G01 X-39.305 Y-18.999 Z-1.000 F800.0
G01 X-39.305 Y-19.499 Z-1.000 F800.0
G01 X-39.305 Y-20.000 Z-1.000 F800.0
G00 X-39.305 Y-20.000 Z50.000
G00 X-39.305 Y-20.000 Z50.000
G01 Z-2.000 F200.0
G01 X-38.804 Y-20.000 Z-2.000 F800.0
G01 X-38.304 Y-20.000 Z-2.000 F800.0
G01 X-37.803 Y-20.000 Z-2.000 F800.0
G01 X-37.303 Y-20.000 Z-2.000 F800.0
G01 X-36.802 Y-20.000 Z-2.000 F800.0
G01 X-36.302 Y-20.000 Z-2.000 F800.0
G01 X-35.801 Y-20.000 Z-2.000 F800.0
G01 X-35.301 Y-20.000 Z-2.000 F800.0
G01 X-34.800 Y-20.000 Z-2.000 F800.0
G01 X-34.299 Y-20.000 Z-2.000 F800.0
G01 X-33.799 Y-20.000 Z-2.000 F800.0
G01 X-33.298 Y-20.000 Z-2.000 F800.0
G01 X-32.798 Y-20.000 Z-2.000 F800.0
G01 X-32.297 Y-20.000 Z-2.000 F800.0
G01 X-31.797 Y-20.000 Z-2.000 F800.0
G01 X-31.296 Y-20.000 Z-2.000 F800.0
G01 X-30.796 Y-20.000 Z-2.000 F800.0
G01 X-30.295 Y-20.000 Z-2.000 F800.0
G01 X-29.794 Y-20.000 Z-2.000 F800.0
G01 X-29.294 Y-20.000 Z-2.000 F800.0
G01 X-28.793 Y-20.000 Z-2.000 F800.0
G01 X-28.293 Y-20.000 Z-2.000 F800.0
G01 X-27.792 Y-20.000 Z-2.000 F800.0
G01 X-27.292 Y-20.000 Z-2.000 F800.0
G01 X-26.791 Y-20.000 Z-2.000 F800.0
G01 X-26.291 Y-20.000 Z-2.000 F800.0
G01 X-25.790 Y-20.000 Z-2.000 F800.0
G01 X-25.414 Y-20.257 Z-2.000 F800.0
G01 X-25.099 Y-20.646 Z-2.000 F800.0
G01 X-24.778 Y-21.031 Z-2.000 F800.0
G01 X-24.451 Y-21.410 Z-2.000 F800.0
G01 X-24.119 Y-21.784 Z-2.000 F800.0
G01 X-23.781 Y-22.153 Z-2.000 F800.0
G01 X-23.437 Y-22.516 Z-2.000 F800.0
G01 X-23.087 Y-22.874 Z-2.000 F800.0
G01 X-22.732 Y-23.227 Z-2.000 F800.0
G01 X-22.371 Y-23.575 Z-2.000 F800.0
G01 X-22.006 Y-23.916 Z-2.000 F800.0
G01 X-21.635 Y-24.253 Z-2.000 F800.0
G01 X-21.259 Y-24.583 Z-2.000 F800.0
G01 X-20.878 Y-24.907 Z-2.000 F800.0
G01 X-20.492 Y-25.226 Z-2.000 F800.0
G01 X-20.101 Y-25.539 Z-2.000 F800.0
G01 X-19.705 Y-25.845 Z-2.000 F800.0
G01 X-19.305 Y-26.145 Z-2.000 F800.0
G01 X-18.900 Y-26.440 Z-2.000 F800.0
G01 X-18.490 Y-26.728 Z-2.000 F800.0
G01 X-18.076 Y-27.009 Z-2.000 F800.0
G01 X-17.658 Y-27.284 Z-2.000 F800.0
G01 X-17.236 Y-27.553 Z-2.000 F800.0
G01 X-16.809 Y-27.815 Z-2.000 F800.0
G01 X-16.379 Y-28.071 Z-2.000 F800.0
G01 X-15.945 Y-28.320 Z-2.000 F800.0
G01 X-15.507 Y-28.562 Z-2.000 F800.0
G01 X-15.065 Y-28.797 Z-2.000 F800.0
G01 X-14.620 Y-29.026 Z-2.000 F800.0
G01 X-14.171 Y-29.248 Z-2.000 F800.0
G01 X-13.719 Y-29.463 Z-2.000 F800.0
G01 X-13.263 Y-29.670 Z-2.000 F800.0
G01 X-12.805 Y-29.871 Z-2.000 F800.0
G01 X-12.343 Y-30.065 Z-2.000 F800.0
G01 X-11.879 Y-30.251 Z-2.000 F800.0
G01 X-11.412 Y-30.431 Z-2.000 F800.0
G01 X-10.942 Y-30.603 Z-2.000 F800.0
G01 X-10.469 Y-30.768 Z-2.000 F800.0
G01 X-9.994 Y-30.925 Z-2.000 F800.0
G01 X-9.516 Y-31.076 Z-2.000 F800.0
G01 X-9.037 Y-31.218 Z-2.000 F800.0
G01 X-8.555 Y-31.354 Z-2.000 F800.0
G01 X-8.071 Y-31.482 Z-2.000 F800.0
G01 X-7.585 Y-31.602 Z-2.000 F800.0
G01 X-7.097 Y-31.716 Z-2.000 F800.0
G01 X-6.608 Y-31.821 Z-2.000 F800.0
G01 X-6.117 Y-31.919 Z-2.000 F800.0
G01 X-5.625 Y-32.010 Z-2.000 F800.0
G01 X-5.131 Y-32.092 Z-2.000 F800.0
G01 X-4.636 Y-32.168 Z-2.000 F800.0
G01 X-4.141 Y-32.235 Z-2.000 F800.0
G01 X-3.644 Y-32.295 Z-2.000 F800.0
G01 X-3.146 Y-32.347 Z-2.000 F800.0
G01 X-2.647 Y-32.392 Z-2.000 F800.0
G01 X-2.148 Y-32.429 Z-2.000 F800.0
G01 X-1.648 Y-32.458 Z-2.000 F800.0
G01 X-1.148 Y-32.480 Z-2.000 F800.0
G01 X-0.648 Y-32.494 Z-2.000 F800.0
G01 X-0.147 Y-32.500 Z-2.000 F800.0
G01 X0.353 Y-32.498 Z-2.000 F800.0
G01 X0.854 Y-32.489 Z-2.000 F800.0
G01 X1.354 Y-32.472 Z-2.000 F800.0
G01 X1.854 Y-32.447 Z-2.000 F800.0
G01 X2.353 Y-32.415 Z-2.000 F800.0
G01 X2.852 Y-32.375 Z-2.000 F800.0
G01 X3.351 Y-32.327 Z-2.000 F800.0
G01 X3.848 Y-32.271 Z-2.000 F800.0
G01 X4.345 Y-32.208 Z-2.000 F800.0
G01 X4.840 Y-32.138 Z-2.000 F800.0
G01 X5.335 Y-32.059 Z-2.000 F800.0
G01 X5.828 Y-31.973 Z-2.000 F800.0
G01 X6.319 Y-31.880 Z-2.000 F800.0
G01 X6.810 Y-31.779 Z-2.000 F800.0
G01 X7.298 Y-31.670 Z-2.000 F800.0
G01 X7.785 Y-31.554 Z-2.000 F800.0
G01 X8.270 Y-31.430 Z-2.000 F800.0
G01 X8.753 Y-31.299 Z-2.000 F800.0
G01 X9.234 Y-31.161 Z-2.000 F800.0
G01 X9.713 Y-31.015 Z-2.000 F800.0
G01 X10.190 Y-30.861 Z-2.000 F800.0
G01 X10.664 Y-30.701 Z-2.000 F800.0
G01 X11.135 Y-30.533 Z-2.000 F800.0
G01 X11.604 Y-30.358 Z-2.000 F800.0
G01 X12.070 Y-30.175 Z-2.000 F800.0
G01 X12.534 Y-29.986 Z-2.000 F800.0
G01 X12.994 Y-29.789 Z-2.000 F800.0
G01 X13.451 Y-29.586 Z-2.000 F800.0
G01 X13.905 Y-29.375 Z-2.000 F800.0
G01 X14.356 Y-29.157 Z-2.000 F800.0
G01 X14.803 Y-28.933 Z-2.000 F800.0
G01 X15.247 Y-28.701 Z-2.000 F800.0
G01 X15.687 Y-28.463 Z-2.000 F800.0
G01 X16.124 Y-28.218 Z-2.000 F800.0
G01 X16.557 Y-27.967 Z-2.000 F800.0
G01 X16.985 Y-27.708 Z-2.000 F800.0
G01 X17.410 Y-27.443 Z-2.000 F800.0
G01 X17.831 Y-27.172 Z-2.000 F800.0
G01 X18.247 Y-26.894 Z-2.000 F800.0
G01 X18.659 Y-26.610 Z-2.000 F800.0
G01 X19.067 Y-26.319 Z-2.000 F800.0
G01 X19.470 Y-26.023 Z-2.000 F800.0
G01 X19.868 Y-25.720 Z-2.000 F800.0
G01 X20.262 Y-25.411 Z-2.000 F800.0
G01 X20.651 Y-25.096 Z-2.000 F800.0
G01 X21.035 Y-24.775 Z-2.000 F800.0
G01 X21.414 Y-24.448 Z-2.000 F800.0
G01 X21.788 Y-24.115 Z-2.000 F800.0
G01 X22.157 Y-23.777 Z-2.000 F800.0
G01 X22.520 Y-23.433 Z-2.000 F800.0
G01 X22.879 Y-23.083 Z-2.000 F800.0
G01 X23.231 Y-22.728 Z-2.000 F800.0
G01 X23.579 Y-22.367 Z-2.000 F800.0
G01 X23.920 Y-22.002 Z-2.000 F800.0
G01 X24.256 Y-21.631 Z-2.000 F800.0
G01 X24.587 Y-21.254 Z-2.000 F800.0
G01 X24.911 Y-20.873 Z-2.000 F800.0
G01 X25.230 Y-20.487 Z-2.000 F800.0
G01 X25.542 Y-20.096 Z-2.000 F800.0
G01 X25.996 Y-20.000 Z-2.000 F800.0
G01 X26.496 Y-20.000 Z-2.000 F800.0
G01 X26.997 Y-20.000 Z-2.000 F800.0
G01 X27.498 Y-20.000 Z-2.000 F800.0
G01 X27.998 Y-20.000 Z-2.000 F800.0
G01 X28.499 Y-20.000 Z-2.000 F800.0
G01 X28.999 Y-20.000 Z-2.000 F800.0
G01 X29.500 Y-20.000 Z-2.000 F800.0
G01 X30.000 Y-20.000 Z-2.000 F800.0
G01 X30.501 Y-20.000 Z-2.000 F800.0
G01 X31.001 Y-20.000 Z-2.000 F800.0
G01 X31.502 Y-20.000 Z-2.000 F800.0
G01 X32.003 Y-20.000 Z-2.000 F800.0
G01 X32.503 Y-20.000 Z-2.000 F800.0
G01 X33.004 Y-20.000 Z-2.000 F800.0
G01 X33.504 Y-20.000 Z-2.000 F800.0
G01 X34.005 Y-20.000 Z-2.000 F800.0
G01 X34.505 Y-20.000 Z-2.000 F800.0
G01 X35.006 Y-20.000 Z-2.000 F800.0
G01 X35.506 Y-20.000 Z-2.000 F800.0
G01 X36.007 Y-20.000 Z-2.000 F800.0
G01 X36.508 Y-20.000 Z-2.000 F800.0
G01 X37.008 Y-20.000 Z-2.000 F800.0
G01 X37.509 Y-20.000 Z-2.000 F800.0
G01 X38.009 Y-20.000 Z-2.000 F800.0
G01 X38.510 Y-20.000 Z-2.000 F800.0
G01 X39.010 Y-20.000 Z-2.000 F800.0
G01 X39.305 Y-19.794 Z-2.000 F800.0
G01 X39.305 Y-19.294 Z-2.000 F800.0
G01 X39.305 Y-18.793 Z-2.000 F800.0
G01 X39.305 Y-18.292 Z-2.000 F800.0
G01 X39.305 Y-17.792 Z-2.000 F800.0
G01 X39.305 Y-17.291 Z-2.000 F800.0
G01 X39.305 Y-16.791 Z-2.000 F800.0
G01 X39.305 Y-16.290 Z-2.000 F800.0
G01 X39.305 Y-15.790 Z-2.000 F800.0
G01 X39.305 Y-15.289 Z-2.000 F800.0
G01 X39.305 Y-14.789 Z-2.000 F800.0
G01 X39.305 Y-14.288 Z-2.000 F800.0
G01 X39.305 Y-13.787 Z-2.000 F800.0
G01 X39.305 Y-13.287 Z-2.000 F800.0
G01 X39.305 Y-12.786 Z-2.000 F800.0
G01 X39.305 Y-12.286 Z-2.000 F800.0
G01 X39.305 Y-11.785 Z-2.000 F800.0
G01 X39.305 Y-11.285 Z-2.000 F800.0
G01 X39.305 Y-10.784 Z-2.000 F800.0
G01 X39.305 Y-10.284 Z-2.000 F800.0
G01 X39.305 Y-9.783 Z-2.000 F800.0
G01 X39.305 Y-9.282 Z-2.000 F800.0
G01 X39.305 Y-8.782 Z-2.000 F800.0
G01 X39.305 Y-8.281 Z-2.000 F800.0
G01 X39.305 Y-7.781 Z-2.000 F800.0
G01 X39.305 Y-7.280 Z-2.000 F800.0
G01 X39.305 Y-6.780 Z-2.000 F800.0
G01 X39.305 Y-6.279 Z-2.000 F800.0
G01 X39.305 Y-5.779 Z-2.000 F800.0
G01 X39.305 Y-5.278 Z-2.000 F800.0
G01 X39.305 Y-4.777 Z-2.000 F800.0
G01 X39.305 Y-4.277 Z-2.000 F800.0
G01 X39.305 Y-3.776 Z-2.000 F800.0
G01 X39.305 Y-3.276 Z-2.000 F800.0
G01 X39.305 Y-2.775 Z-2.000 F800.0
G01 X39.305 Y-2.275 Z-2.000 F800.0
G01 X39.305 Y-1.774 Z-2.000 F800.0
G01 X39.305 Y-1.274 Z-2.000 F800.0
G01 X39.305 Y-0.773 Z-2.000 F800.0
G01 X39.305 Y-0.272 Z-2.000 F800.0
G01 X39.305 Y0.228 Z-2.000 F800.0
G01 X39.305 Y0.729 Z-2.000 F800.0
G01 X39.305 Y1.229 Z-2.000 F800.0
G01 X39.305 Y1.730 Z-2.000 F800.0
G01 X39.305 Y2.230 Z-2.000 F800.0
G01 X39.305 Y2.731 Z-2.000 F800.0
G01 X39.305 Y3.231 Z-2.000 F800.0
G01 X39.305 Y3.732 Z-2.000 F800.0
G01 X39.305 Y4.233 Z-2.000 F800.0
G01 X39.305 Y4.733 Z-2.000 F800.0
G01 X39.305 Y5.234 Z-2.000 F800.0
G01 X39.305 Y5.734 Z-2.000 F800.0
G01 X39.305 Y6.235 Z-2.000 F800.0
G01 X39.305 Y6.735 Z-2.000 F800.0
G01 X39.305 Y7.236 Z-2.000 F800.0
G01 X39.305 Y7.736 Z-2.000 F800.0
G01 X39.305 Y8.237 Z-2.000 F800.0
G01 X39.305 Y8.738 Z-2.000 F800.0
G01 X39.305 Y9.238 Z-2.000 F800.0
G01 X39.305 Y9.739 Z-2.000 F800.0
G01 X39.305 Y10.239 Z-2.000 F800.0
G01 X39.305 Y10.740 Z-2.000 F800.0
G01 X39.305 Y11.240 Z-2.000 F800.0
G01 X39.305 Y11.741 Z-2.000 F800.0
G01 X39.305 Y12.241 Z-2.000 F800.0
G01 X39.305 Y12.742 Z-2.000 F800.0
G01 X39.305 Y13.243 Z-2.000 F800.0
G01 X39.305 Y13.743 Z-2.000 F800.0
G01 X39.305 Y14.244 Z-2.000 F800.0
G01 X39.305 Y14.744 Z-2.000 F800.0
G01 X39.305 Y15.245 Z-2.000 F800.0
G01 X39.305 Y15.745 Z-2.000 F800.0
G01 X39.305 Y16.246 Z-2.000 F800.0
G01 X39.305 Y16.746 Z-2.000 F800.0
G01 X39.305 Y17.247 Z-2.000 F800.0
G01 X39.305 Y17.748 Z-2.000 F800.0
G01 X39.305 Y18.248 Z-2.000 F800.0
G01 X39.305 Y18.749 Z-2.000 F800.0
G01 X39.305 Y19.249 Z-2.000 F800.0
G01 X39.305 Y19.750 Z-2.000 F800.0
G01 X39.055 Y20.000 Z-2.000 F800.0
G01 X38.554 Y20.000 Z-2.000 F800.0
G01 X38.054 Y20.000 Z-2.000 F800.0
G01 X37.553 Y20.000 Z-2.000 F800.0
G01 X37.053 Y20.000 Z-2.000 F800.0
G01 X36.552 Y20.000 Z-2.000 F800.0
G01 X36.051 Y20.000 Z-2.000 F800.0
G01 X35.551 Y20.000 Z-2.000 F800.0
G01 X35.050 Y20.000 Z-2.000 F800.0
G01 X34.550 Y20.000 Z-2.000 F800.0
G01 X34.049 Y20.000 Z-2.000 F800.0
G01 X33.549 Y20.000 Z-2.000 F800.0
G01 X33.048 Y20.000 Z-2.000 F800.0
G01 X32.548 Y20.000 Z-2.000 F800.0
G01 X32.047 Y20.000 Z-2.000 F800.0
G01 X31.546 Y20.000 Z-2.000 F800.0
G01 X31.046 Y20.000 Z-2.000 F800.0
G01 X30.545 Y20.000 Z-2.000 F800.0
G01 X30.045 Y20.000 Z-2.000 F800.0
G01 X29.544 Y20.000 Z-2.000 F800.0
G01 X29.044 Y20.000 Z-2.000 F800.0
G01 X28.543 Y20.000 Z-2.000 F800.0
G01 X28.043 Y20.000 Z-2.000 F800.0
G01 X27.542 Y20.000 Z-2.000 F800.0
G01 X27.041 Y20.000 Z-2.000 F800.0
G01 X26.541 Y20.000 Z-2.000 F800.0
G01 X26.040 Y20.000 Z-2.000 F800.0
G01 X25.570 Y20.061 Z-2.000 F800.0
G01 X25.258 Y20.453 Z-2.000 F800.0
G01 X24.940 Y20.839 Z-2.000 F800.0
G01 X24.616 Y21.221 Z-2.000 F800.0
G01 X24.286 Y21.597 Z-2.000 F800.0
G01 X23.950 Y21.969 Z-2.000 F800.0
G01 X23.609 Y22.335 Z-2.000 F800.0
G01 X23.262 Y22.696 Z-2.000 F800.0
G01 X22.910 Y23.052 Z-2.000 F800.0
G01 X22.552 Y23.402 Z-2.000 F800.0
G01 X22.189 Y23.746 Z-2.000 F800.0
G01 X21.821 Y24.085 Z-2.000 F800.0
G01 X21.447 Y24.418 Z-2.000 F800.0
G01 X21.069 Y24.746 Z-2.000 F800.0
G01 X20.685 Y25.067 Z-2.000 F800.0
G01 X20.297 Y25.383 Z-2.000 F800.0
G01 X19.903 Y25.693 Z-2.000 F800.0
G01 X19.505 Y25.996 Z-2.000 F800.0
G01 X19.103 Y26.293 Z-2.000 F800.0
G01 X18.695 Y26.584 Z-2.000 F800.0
G01 X18.284 Y26.869 Z-2.000 F800.0
G01 X17.868 Y27.148 Z-2.000 F800.0
G01 X17.448 Y27.420 Z-2.000 F800.0
G01 X17.023 Y27.685 Z-2.000 F800.0
G01 X16.595 Y27.944 Z-2.000 F800.0
G01 X16.162 Y28.196 Z-2.000 F800.0
G01 X15.726 Y28.442 Z-2.000 F800.0
G01 X15.286 Y28.681 Z-2.000 F800.0
G01 X14.843 Y28.913 Z-2.000 F800.0
G01 X14.396 Y29.138 Z-2.000 F800.0
G01 X13.945 Y29.356 Z-2.000 F800.0
G01 X13.492 Y29.567 Z-2.000 F800.0
G01 X13.035 Y29.772 Z-2.000 F800.0
G01 X12.575 Y29.969 Z-2.000 F800.0
G01 X12.112 Y30.159 Z-2.000 F800.0
G01 X11.646 Y30.342 Z-2.000 F800.0
G01 X11.177 Y30.518 Z-2.000 F800.0
G01 X10.706 Y30.686 Z-2.000 F800.0
G01 X10.232 Y30.847 Z-2.000 F800.0
G01 X9.755 Y31.001 Z-2.000 F800.0
G01 X9.277 Y31.148 Z-2.000 F800.0
G01 X8.796 Y31.287 Z-2.000 F800.0
G01 X8.313 Y31.419 Z-2.000 F800.0
G01 X7.828 Y31.543 Z-2.000 F800.0
G01 X7.341 Y31.660 Z-2.000 F800.0
G01 X6.853 Y31.769 Z-2.000 F800.0
G01 X6.363 Y31.871 Z-2.000 F800.0
G01 X5.871 Y31.965 Z-2.000 F800.0
G01 X5.378 Y32.052 Z-2.000 F800.0
G01 X4.884 Y32.131 Z-2.000 F800.0
G01 X4.389 Y32.202 Z-2.000 F800.0
G01 X3.892 Y32.266 Z-2.000 F800.0
G01 X3.395 Y32.322 Z-2.000 F800.0
G01 X2.897 Y32.371 Z-2.000 F800.0
G01 X2.398 Y32.411 Z-2.000 F800.0
G01 X1.898 Y32.445 Z-2.000 F800.0
G01 X1.398 Y32.470 Z-2.000 F800.0
G01 X0.898 Y32.488 Z-2.000 F800.0
G01 X0.398 Y32.498 Z-2.000 F800.0
G01 X-0.103 Y32.500 Z-2.000 F800.0
G01 X-0.603 Y32.494 Z-2.000 F800.0
G01 X-1.104 Y32.481 Z-2.000 F800.0
G01 X-1.604 Y32.460 Z-2.000 F800.0
G01 X-2.104 Y32.432 Z-2.000 F800.0
G01 X-2.603 Y32.396 Z-2.000 F800.0
G01 X-3.102 Y32.352 Z-2.000 F800.0
G01 X-3.599 Y32.300 Z-2.000 F800.0
G01 X-4.096 Y32.241 Z-2.000 F800.0
G01 X-4.593 Y32.174 Z-2.000 F800.0
G01 X-5.087 Y32.099 Z-2.000 F800.0
G01 X-5.581 Y32.017 Z-2.000 F800.0
G01 X-6.074 Y31.927 Z-2.000 F800.0
G01 X-6.565 Y31.830 Z-2.000 F800.0
G01 X-7.054 Y31.725 Z-2.000 F800.0
G01 X-7.542 Y31.613 Z-2.000 F800.0
G01 X-8.028 Y31.493 Z-2.000 F800.0
G01 X-8.512 Y31.366 Z-2.000 F800.0
G01 X-8.994 Y31.231 Z-2.000 F800.0
G01 X-9.474 Y31.089 Z-2.000 F800.0
G01 X-9.952 Y30.939 Z-2.000 F800.0
G01 X-10.427 Y30.782 Z-2.000 F800.0
G01 X-10.900 Y30.618 Z-2.000 F800.0
G01 X-11.370 Y30.446 Z-2.000 F800.0
G01 X-11.838 Y30.268 Z-2.000 F800.0
G01 X-12.302 Y30.082 Z-2.000 F800.0
G01 X-12.764 Y29.889 Z-2.000 F800.0
G01 X-13.223 Y29.688 Z-2.000 F800.0
G01 X-13.679 Y29.481 Z-2.000 F800.0
G01 X-14.131 Y29.267 Z-2.000 F800.0
G01 X-14.580 Y29.046 Z-2.000 F800.0
G01 X-15.026 Y28.818 Z-2.000 F800.0
G01 X-15.468 Y28.583 Z-2.000 F800.0
G01 X-15.906 Y28.342 Z-2.000 F800.0
G01 X-16.341 Y28.093 Z-2.000 F800.0
G01 X-16.771 Y27.838 Z-2.000 F800.0
G01 X-17.198 Y27.577 Z-2.000 F800.0
G01 X-17.621 Y27.309 Z-2.000 F800.0
G01 X-18.039 Y27.034 Z-2.000 F800.0
G01 X-18.454 Y26.753 Z-2.000 F800.0
G01 X-18.863 Y26.465 Z-2.000 F800.0
G01 X-19.269 Y26.172 Z-2.000 F800.0
G01 X-19.670 Y25.872 Z-2.000 F800.0
G01 X-20.066 Y25.566 Z-2.000 F800.0
G01 X-20.457 Y25.254 Z-2.000 F800.0
G01 X-20.844 Y24.936 Z-2.000 F800.0
G01 X-21.225 Y24.612 Z-2.000 F800.0
G01 X-21.602 Y24.282 Z-2.000 F800.0
G01 X-21.973 Y23.946 Z-2.000 F800.0
G01 X-22.339 Y23.605 Z-2.000 F800.0
G01 X-22.700 Y23.258 Z-2.000 F800.0
G01 X-23.056 Y22.906 Z-2.000 F800.0
G01 X-23.406 Y22.548 Z-2.000 F800.0
G01 X-23.750 Y22.185 Z-2.000 F800.0
G01 X-24.089 Y21.817 Z-2.000 F800.0
G01 X-24.422 Y21.443 Z-2.000 F800.0
G01 X-24.750 Y21.064 Z-2.000 F800.0
G01 X-25.071 Y20.681 Z-2.000 F800.0
G01 X-25.387 Y20.292 Z-2.000 F800.0
G01 X-25.746 Y20.000 Z-2.000 F800.0
G01 X-26.246 Y20.000 Z-2.000 F800.0
G01 X-26.747 Y20.000 Z-2.000 F800.0
G01 X-27.247 Y20.000 Z-2.000 F800.0
G01 X-27.748 Y20.000 Z-2.000 F800.0
G01 X-28.248 Y20.000 Z-2.000 F800.0
G01 X-28.749 Y20.000 Z-2.000 F800.0
G01 X-29.249 Y20.000 Z-2.000 F800.0
G01 X-29.750 Y20.000 Z-2.000 F800.0
G01 X-30.251 Y20.000 Z-2.000 F800.0
G01 X-30.751 Y20.000 Z-2.000 F800.0
G01 X-31.252 Y20.000 Z-2.000 F800.0
G01 X-31.752 Y20.000 Z-2.000 F800.0
G01 X-32.253 Y20.000 Z-2.000 F800.0
G01 X-32.753 Y20.000 Z-2.000 F800.0
G01 X-33.254 Y20.000 Z-2.000 F800.0
G01 X-33.754 Y20.000 Z-2.000 F800.0
G01 X-34.255 Y20.000 Z-2.000 F800.0
G01 X-34.756 Y20.000 Z-2.000 F800.0
G01 X-35.256 Y20.000 Z-2.000 F800.0
G01 X-35.757 Y20.000 Z-2.000 F800.0
G01 X-36.257 Y20.000 Z-2.000 F800.0
G01 X-36.758 Y20.000 Z-2.000 F800.0
G01 X-37.258 Y20.000 Z-2.000 F800.0
G01 X-37.759 Y20.000 Z-2.000 F800.0
G01 X-38.259 Y20.000 Z-2.000 F800.0
G01 X-38.760 Y20.000 Z-2.000 F800.0
G01 X-39.261 Y20.000 Z-2.000 F800.0
G01 X-39.305 Y19.544 Z-2.000 F800.0
G01 X-39.305 Y19.043 Z-2.000 F800.0
G01 X-39.305 Y18.543 Z-2.000 F800.0
G01 X-39.305 Y18.042 Z-2.000 F800.0
G01 X-39.305 Y17.542 Z-2.000 F800.0
G01 X-39.305 Y17.041 Z-2.000 F800.0
G01 X-39.305 Y16.541 Z-2.000 F800.0
G01 X-39.305 Y16.040 Z-2.000 F800.0
G01 X-39.305 Y15.539 Z-2.000 F800.0
G01 X-39.305 Y15.039 Z-2.000 F800.0
G01 X-39.305 Y14.538 Z-2.000 F800.0
G01 X-39.305 Y14.038 Z-2.000 F800.0
G01 X-39.305 Y13.537 Z-2.000 F800.0
G01 X-39.305 Y13.037 Z-2.000 F800.0
G01 X-39.305 Y12.536 Z-2.000 F800.0
G01 X-39.305 Y12.036 Z-2.000 F800.0
G01 X-39.305 Y11.535 Z-2.000 F800.0
G01 X-39.305 Y11.034 Z-2.000 F800.0
G01 X-39.305 Y10.534 Z-2.000 F800.0
G01 X-39.305 Y10.033 Z-2.000 F800.0
G01 X-39.305 Y9.533 Z-2.000 F800.0
G01 X-39.305 Y9.032 Z-2.000 F800.0
G01 X-39.305 Y8.532 Z-2.000 F800.0
G01 X-39.305 Y8.031 Z-2.000 F800.0
G01 X-39.305 Y7.531 Z-2.000 F800.0
G01 X-39.305 Y7.030 Z-2.000 F800.0
G01 X-39.305 Y6.529 Z-2.000 F800.0
G01 X-39.305 Y6.029 Z-2.000 F800.0
G01 X-39.305 Y5.528 Z-2.000 F800.0
G01 X-39.305 Y5.028 Z-2.000 F800.0
G01 X-39.305 Y4.527 Z-2.000 F800.0
G01 X-39.305 Y4.027 Z-2.000 F800.0
G01 X-39.305 Y3.526 Z-2.000 F800.0
G01 X-39.305 Y3.026 Z-2.000 F800.0
G01 X-39.305 Y2.525 Z-2.000 F800.0
G01 X-39.305 Y2.024 Z-2.000 F800.0
G01 X-39.305 Y1.524 Z-2.000 F800.0
G01 X-39.305 Y1.023 Z-2.000 F800.0
G01 X-39.305 Y0.523 Z-2.000 F800.0
G01 X-39.305 Y0.022 Z-2.000 F800.0
G01 X-39.305 Y-0.478 Z-2.000 F800.0
G01 X-39.305 Y-0.979 Z-2.000 F800.0
G01 X-39.305 Y-1.479 Z-2.000 F800.0
G01 X-39.305 Y-1.980 Z-2.000 F800.0
G01 X-39.305 Y-2.481 Z-2.000 F800.0
G01 X-39.305 Y-2.981 Z-2.000 F800.0
G01 X-39.305 Y-3.482 Z-2.000 F800.0
G01 X-39.305 Y-3.982 Z-2.000 F800.0
G01 X-39.305 Y-4.483 Z-2.000 F800.0
G01 X-39.305 Y-4.983 Z-2.000 F800.0
G01 X-39.305 Y-5.484 Z-2.000 F800.0
G01 X-39.305 Y-5.984 Z-2.000 F800.0
G01 X-39.305 Y-6.485 Z-2.000 F800.0
G01 X-39.305 Y-6.986 Z-2.000 F800.0
G01 X-39.305 Y-7.486 Z-2.000 F800.0
G01 X-39.305 Y-7.987 Z-2.000 F800.0
G01 X-39.305 Y-8.487 Z-2.000 F800.0
G01 X-39.305 Y-8.988 Z-2.000 F800.0
G01 X-39.305 Y-9.488 Z-2.000 F800.0
G01 X-39.305 Y-9.989 Z-2.000 F800.0
G01 X-39.305 Y-10.489 Z-2.000 F800.0
G01 X-39.305 Y-10.990 Z-2.000 F800.0
G01 X-39.305 Y-11.491 Z-2.000 F800.0
G01 X-39.305 Y-11.991 Z-2.000 F800.0
G01 X-39.305 Y-12.492 Z-2.000 F800.0
G01 X-39.305 Y-12.992 Z-2.000 F800.0
G01 X-39.305 Y-13.493 Z-2.000 F800.0
G01 X-39.305 Y-13.993 Z-2.000 F800.0
G01 X-39.305 Y-14.494 Z-2.000 F800.0
G01 X-39.305 Y-14.994 Z-2.000 F800.0
G01 X-39.305 Y-15.495 Z-2.000 F800.0
G01 X-39.305 Y-15.996 Z-2.000 F800.0
G01 X-39.305 Y-16.496 Z-2.000 F800.0
G01 X-39.305 Y-16.997 Z-2.000 F800.0
G01 X-39.305 Y-17.497 Z-2.000 F800.0
G01 X-39.305 Y-17.998 Z-2.000 F800.0
G01 X-39.305 Y-18.498 Z-2.000 F800.0
G01 X-39.305 Y-18.999 Z-2.000 F800.0
G01 X-39.305 Y-19.499 Z-2.000 F800.0
G01 X-39.305 Y-20.000 Z-2.000 F800.0
G00 X-39.305 Y-20.000 Z50.000
G00 X-39.305 Y-20.000 Z50.000
G01 Z-3.000 F200.0
G01 X-38.804 Y-20.000 Z-3.000 F800.0
G01 X-38.304 Y-20.000 Z-3.000 F800.0
G01 X-37.803 Y-20.000 Z-3.000 F800.0
G01 X-37.303 Y-20.000 Z-3.000 F800.0
G01 X-36.802 Y-20.000 Z-3.000 F800.0
G01 X-36.302 Y-20.000 Z-3.000 F800.0
G01 X-35.801 Y-20.000 Z-3.000 F800.0
G01 X-35.301 Y-20.000 Z-3.000 F800.0
G01 X-34.800 Y-20.000 Z-3.000 F800.0
G01 X-34.299 Y-20.000 Z-3.000 F800.0
G01 X-33.799 Y-20.000 Z-3.000 F800.0
G01 X-33.298 Y-20.000 Z-3.000 F800.0
G01 X-32.798 Y-20.000 Z-3.000 F800.0
G01 X-32.297 Y-20.000 Z-3.000 F800.0
G01 X-31.797 Y-20.000 Z-3.000 F800.0
G01 X-31.296 Y-20.000 Z-3.000 F800.0
G01 X-30.796 Y-20.000 Z-3.000 F800.0
G01 X-30.295 Y-20.000 Z-3.000 F800.0
G01 X-29.794 Y-20.000 Z-3.000 F800.0
G01 X-29.294 Y-20.000 Z-3.000 F800.0
G01 X-28.793 Y-20.000 Z-3.000 F800.0
G01 X-28.293 Y-20.000 Z-3.000 F800.0
G01 X-27.792 Y-20.000 Z-3.000 F800.0
G01 X-27.292 Y-20.000 Z-3.000 F800.0
G01 X-26.791 Y-20.000 Z-3.000 F800.0
G01 X-26.291 Y-20.000 Z-3.000 F800.0
G01 X-25.790 Y-20.000 Z-3.000 F800.0
G01 X-25.414 Y-20.257 Z-3.000 F800.0
G01 X-25.099 Y-20.646 Z-3.000 F800.0
G01 X-24.778 Y-21.031 Z-3.000 F800.0
G01 X-24.451 Y-21.410 Z-3.000 F800.0
G01 X-24.119 Y-21.784 Z-3.000 F800.0
G01 X-23.781 Y-22.153 Z-3.000 F800.0
G01 X-23.437 Y-22.516 Z-3.000 F800.0
G01 X-23.087 Y-22.874 Z-3.000 F800.0
G01 X-22.732 Y-23.227 Z-3.000 F800.0
G01 X-22.371 Y-23.575 Z-3.000 F800.0
G01 X-22.006 Y-23.916 Z-3.000 F800.0
G01 X-21.635 Y-24.253 Z-3.000 F800.0
G01 X-21.259 Y-24.583 Z-3.000 F800.0
G01 X-20.878 Y-24.907 Z-3.000 F800.0
G01 X-20.492 Y-25.226 Z-3.000 F800.0
G01 X-20.101 Y-25.539 Z-3.000 F800.0
G01 X-19.705 Y-25.845 Z-3.000 F800.0
G01 X-19.305 Y-26.145 Z-3.000 F800.0
G01 X-18.900 Y-26.440 Z-3.000 F800.0
G01 X-18.490 Y-26.728 Z-3.000 F800.0
G01 X-18.076 Y-27.009 Z-3.000 F800.0
G01 X-17.658 Y-27.284 Z-3.000 F800.0
G01 X-17.236 Y-27.553 Z-3.000 F800.0
G01 X-16.809 Y-27.815 Z-3.000 F800.0
G01 X-16.379 Y-28.071 Z-3.000 F800.0
G01 X-15.945 Y-28.320 Z-3.000 F800.0
G01 X-15.507 Y-28.562 Z-3.000 F800.0
G01 X-15.065 Y-28.797 Z-3.000 F800.0
G01 X-14.620 Y-29.026 Z-3.000 F800.0
G01 X-14.171 Y-29.248 Z-3.000 F800.0
G01 X-13.719 Y-29.463 Z-3.000 F800.0
G01 X-13.263 Y-29.670 Z-3.000 F800.0
G01 X-12.805 Y-29.871 Z-3.000 F800.0
G01 X-12.343 Y-30.065 Z-3.000 F800.0
G01 X-11.879 Y-30.251 Z-3.000 F800.0
G01 X-11.412 Y-30.431 Z-3.000 F800.0
G01 X-10.942 Y-30.603 Z-3.000 F800.0
G01 X-10.469 Y-30.768 Z-3.000 F800.0
G01 X-9.994 Y-30.925 Z-3.000 F800.0
G01 X-9.516 Y-31.076 Z-3.000 F800.0
G01 X-9.037 Y-31.218 Z-3.000 F800.0
G01 X-8.555 Y-31.354 Z-3.000 F800.0
G01 X-8.071 Y-31.482 Z-3.000 F800.0
G01 X-7.585 Y-31.602 Z-3.000 F800.0
G01 X-7.097 Y-31.716 Z-3.000 F800.0
G01 X-6.608 Y-31.821 Z-3.000 F800.0
G01 X-6.117 Y-31.919 Z-3.000 F800.0
G01 X-5.625 Y-32.010 Z-3.000 F800.0
G01 X-5.131 Y-32.092 Z-3.000 F800.0
G01 X-4.636 Y-32.168 Z-3.000 F800.0
G01 X-4.141 Y-32.235 Z-3.000 F800.0
G01 X-3.644 Y-32.295 Z-3.000 F800.0
G01 X-3.146 Y-32.347 Z-3.000 F800.0
G01 X-2.647 Y-32.392 Z-3.000 F800.0
G01 X-2.148 Y-32.429 Z-3.000 F800.0
G01 X-1.648 Y-32.458 Z-3.000 F800.0
G01 X-1.148 Y-32.480 Z-3.000 F800.0
G01 X-0.648 Y-32.494 Z-3.000 F800.0
G01 X-0.147 Y-32.500 Z-3.000 F800.0
G01 X0.353 Y-32.498 Z-3.000 F800.0
G01 X0.854 Y-32.489 Z-3.000 F800.0
G01 X1.354 Y-32.472 Z-3.000 F800.0
G01 X1.854 Y-32.447 Z-3.000 F800.0
G01 X2.353 Y-32.415 Z-3.000 F800.0
G01 X2.852 Y-32.375 Z-3.000 F800.0
G01 X3.351 Y-32.327 Z-3.000 F800.0
G01 X3.848 Y-32.271 Z-3.000 F800.0
G01 X4.345 Y-32.208 Z-3.000 F800.0
G01 X4.840 Y-32.138 Z-3.000 F800.0
G01 X5.335 Y-32.059 Z-3.000 F800.0
G01 X5.828 Y-31.973 Z-3.000 F800.0
G01 X6.319 Y-31.880 Z-3.000 F800.0
G01 X6.810 Y-31.779 Z-3.000 F800.0
G01 X7.298 Y-31.670 Z-3.000 F800.0
G01 X7.785 Y-31.554 Z-3.000 F800.0
G01 X8.270 Y-31.430 Z-3.000 F800.0
G01 X8.753 Y-31.299 Z-3.000 F800.0
G01 X9.234 Y-31.161 Z-3.000 F800.0
G01 X9.713 Y-31.015 Z-3.000 F800.0
G01 X10.190 Y-30.861 Z-3.000 F800.0
G01 X10.664 Y-30.701 Z-3.000 F800.0
G01 X11.135 Y-30.533 Z-3.000 F800.0
G01 X11.604 Y-30.358 Z-3.000 F800.0
G01 X12.070 Y-30.175 Z-3.000 F800.0
G01 X12.534 Y-29.986 Z-3.000 F800.0
G01 X12.994 Y-29.789 Z-3.000 F800.0
G01 X13.451 Y-29.586 Z-3.000 F800.0
G01 X13.905 Y-29.375 Z-3.000 F800.0
G01 X14.356 Y-29.157 Z-3.000 F800.0
G01 X14.803 Y-28.933 Z-3.000 F800.0
G01 X15.247 Y-28.701 Z-3.000 F800.0
G01 X15.687 Y-28.463 Z-3.000 F800.0
G01 X16.124 Y-28.218 Z-3.000 F800.0
G01 X16.557 Y-27.967 Z-3.000 F800.0
G01 X16.985 Y-27.708 Z-3.000 F800.0
G01 X17.410 Y-27.443 Z-3.000 F800.0
G01 X17.831 Y-27.172 Z-3.000 F800.0
G01 X18.247 Y-26.894 Z-3.000 F800.0
G01 X18.659 Y-26.610 Z-3.000 F800.0
G01 X19.067 Y-26.319 Z-3.000 F800.0
G01 X19.470 Y-26.023 Z-3.000 F800.0
G01 X19.868 Y-25.720 Z-3.000 F800.0
G01 X20.262 Y-25.411 Z-3.000 F800.0
G01 X20.651 Y-25.096 Z-3.000 F800.0
G01 X21.035 Y-24.775 Z-3.000 F800.0
G01 X21.414 Y-24.448 Z-3.000 F800.0
G01 X21.788 Y-24.115 Z-3.000 F800.0
G01 X22.157 Y-23.777 Z-3.000 F800.0
G01 X22.520 Y-23.433 Z-3.000 F800.0
G01 X22.879 Y-23.083 Z-3.000 F800.0
G01 X23.231 Y-22.728 Z-3.000 F800.0
G01 X23.579 Y-22.367 Z-3.000 F800.0
G01 X23.920 Y-22.002 Z-3.000 F800.0
G01 X24.256 Y-21.631 Z-3.000 F800.0
G01 X24.587 Y-21.254 Z-3.000 F800.0
G01 X24.911 Y-20.873 Z-3.000 F800.0
G01 X25.230 Y-20.487 Z-3.000 F800.0
G01 X25.542 Y-20.096 Z-3.000 F800.0
G01 X25.996 Y-20.000 Z-3.000 F800.0
G01 X26.496 Y-20.000 Z-3.000 F800.0
G01 X26.997 Y-20.000 Z-3.000 F800.0
G01 X27.498 Y-20.000 Z-3.000 F800.0
G01 X27.998 Y-20.000 Z-3.000 F800.0
G01 X28.499 Y-20.000 Z-3.000 F800.0
G01 X28.999 Y-20.000 Z-3.000 F800.0
G01 X29.500 Y-20.000 Z-3.000 F800.0
G01 X30.000 Y-20.000 Z-3.000 F800.0
G01 X30.501 Y-20.000 Z-3.000 F800.0
G01 X31.001 Y-20.000 Z-3.000 F800.0
G01 X31.502 Y-20.000 Z-3.000 F800.0
G01 X32.003 Y-20.000 Z-3.000 F800.0
G01 X32.503 Y-20.000 Z-3.000 F800.0
G01 X33.004 Y-20.000 Z-3.000 F800.0
G01 X33.504 Y-20.000 Z-3.000 F800.0
G01 X34.005 Y-20.000 Z-3.000 F800.0
G01 X34.505 Y-20.000 Z-3.000 F800.0
G01 X35.006 Y-20.000 Z-3.000 F800.0
G01 X35.506 Y-20.000 Z-3.000 F800.0
G01 X36.007 Y-20.000 Z-3.000 F800.0
G01 X36.508 Y-20.000 Z-3.000 F800.0
G01 X37.008 Y-20.000 Z-3.000 F800.0
G01 X37.509 Y-20.000 Z-3.000 F800.0
G01 X38.009 Y-20.000 Z-3.000 F800.0
G01 X38.510 Y-20.000 Z-3.000 F800.0
G01 X39.010 Y-20.000 Z-3.000 F800.0
G01 X39.305 Y-19.794 Z-3.000 F800.0
G01 X39.305 Y-19.294 Z-3.000 F800.0
G01 X39.305 Y-18.793 Z-3.000 F800.0
G01 X39.305 Y-18.292 Z-3.000 F800.0
G01 X39.305 Y-17.792 Z-3.000 F800.0
G01 X39.305 Y-17.291 Z-3.000 F800.0
G01 X39.305 Y-16.791 Z-3.000 F800.0
G01 X39.305 Y-16.290 Z-3.000 F800.0
G01 X39.305 Y-15.790 Z-3.000 F800.0
G01 X39.305 Y-15.289 Z-3.000 F800.0
G01 X39.305 Y-14.789 Z-3.000 F800.0
G01 X39.305 Y-14.288 Z-3.000 F800.0
G01 X39.305 Y-13.787 Z-3.000 F800.0
G01 X39.305 Y-13.287 Z-3.000 F800.0
G01 X39.305 Y-12.786 Z-3.000 F800.0
G01 X39.305 Y-12.286 Z-3.000 F800.0
G01 X39.305 Y-11.785 Z-3.000 F800.0
G01 X39.305 Y-11.285 Z-3.000 F800.0
G01 X39.305 Y-10.784 Z-3.000 F800.0
G01 X39.305 Y-10.284 Z-3.000 F800.0
G01 X39.305 Y-9.783 Z-3.000 F800.0
G01 X39.305 Y-9.282 Z-3.000 F800.0
G01 X39.305 Y-8.782 Z-3.000 F800.0
G01 X39.305 Y-8.281 Z-3.000 F800.0
G01 X39.305 Y-7.781 Z-3.000 F800.0
G01 X39.305 Y-7.280 Z-3.000 F800.0
G01 X39.305 Y-6.780 Z-3.000 F800.0
G01 X39.305 Y-6.279 Z-3.000 F800.0
G01 X39.305 Y-5.779 Z-3.000 F800.0
G01 X39.305 Y-5.278 Z-3.000 F800.0
G01 X39.305 Y-4.777 Z-3.000 F800.0
G01 X39.305 Y-4.277 Z-3.000 F800.0
G01 X39.305 Y-3.776 Z-3.000 F800.0
G01 X39.305 Y-3.276 Z-3.000 F800.0
G01 X39.305 Y-2.775 Z-3.000 F800.0
G01 X39.305 Y-2.275 Z-3.000 F800.0
G01 X39.305 Y-1.774 Z-3.000 F800.0
G01 X39.305 Y-1.274 Z-3.000 F800.0
G01 X39.305 Y-0.773 Z-3.000 F800.0
G01 X39.305 Y-0.272 Z-3.000 F800.0
G01 X39.305 Y0.228 Z-3.000 F800.0
G01 X39.305 Y0.729 Z-3.000 F800.0
G01 X39.305 Y1.229 Z-3.000 F800.0
G01 X39.305 Y1.730 Z-3.000 F800.0
G01 X39.305 Y2.230 Z-3.000 F800.0
G01 X39.305 Y2.731 Z-3.000 F800.0
G01 X39.305 Y3.231 Z-3.000 F800.0
G01 X39.305 Y3.732 Z-3.000 F800.0
G01 X39.305 Y4.233 Z-3.000 F800.0
G01 X39.305 Y4.733 Z-3.000 F800.0
G01 X39.305 Y5.234 Z-3.000 F800.0
G01 X39.305 Y5.734 Z-3.000 F800.0
G01 X39.305 Y6.235 Z-3.000 F800.0
G01 X39.305 Y6.735 Z-3.000 F800.0
G01 X39.305 Y7.236 Z-3.000 F800.0
G01 X39.305 Y7.736 Z-3.000 F800.0
G01 X39.305 Y8.237 Z-3.000 F800.0
G01 X39.305 Y8.738 Z-3.000 F800.0
G01 X39.305 Y9.238 Z-3.000 F800.0
G01 X39.305 Y9.739 Z-3.000 F800.0
G01 X39.305 Y10.239 Z-3.000 F800.0
G01 X39.305 Y10.740 Z-3.000 F800.0
G01 X39.305 Y11.240 Z-3.000 F800.0
G01 X39.305 Y11.741 Z-3.000 F800.0
G01 X39.305 Y12.241 Z-3.000 F800.0
G01 X39.305 Y12.742 Z-3.000 F800.0
G01 X39.305 Y13.243 Z-3.000 F800.0
G01 X39.305 Y13.743 Z-3.000 F800.0
G01 X39.305 Y14.244 Z-3.000 F800.0
G01 X39.305 Y14.744 Z-3.000 F800.0
G01 X39.305 Y15.245 Z-3.000 F800.0
G01 X39.305 Y15.745 Z-3.000 F800.0
G01 X39.305 Y16.246 Z-3.000 F800.0
G01 X39.305 Y16.746 Z-3.000 F800.0
G01 X39.305 Y17.247 Z-3.000 F800.0
G01 X39.305 Y17.748 Z-3.000 F800.0
G01 X39.305 Y18.248 Z-3.000 F800.0
G01 X39.305 Y18.749 Z-3.000 F800.0
G01 X39.305 Y19.249 Z-3.000 F800.0
G01 X39.305 Y19.750 Z-3.000 F800.0
G01 X39.055 Y20.000 Z-3.000 F800.0
G01 X38.554 Y20.000 Z-3.000 F800.0
G01 X38.054 Y20.000 Z-3.000 F800.0
G01 X37.553 Y20.000 Z-3.000 F800.0
G01 X37.053 Y20.000 Z-3.000 F800.0
G01 X36.552 Y20.000 Z-3.000 F800.0
G01 X36.051 Y20.000 Z-3.000 F800.0
G01 X35.551 Y20.000 Z-3.000 F800.0
G01 X35.050 Y20.000 Z-3.000 F800.0
G01 X34.550 Y20.000 Z-3.000 F800.0
G01 X34.049 Y20.000 Z-3.000 F800.0
G01 X33.549 Y20.000 Z-3.000 F800.0
G01 X33.048 Y20.000 Z-3.000 F800.0
G01 X32.548 Y20.000 Z-3.000 F800.0
G01 X32.047 Y20.000 Z-3.000 F800.0
G01 X31.546 Y20.000 Z-3.000 F800.0
G01 X31.046 Y20.000 Z-3.000 F800.0
G01 X30.545 Y20.000 Z-3.000 F800.0
G01 X30.045 Y20.000 Z-3.000 F800.0
G01 X29.544 Y20.000 Z-3.000 F800.0
G01 X29.044 Y20.000 Z-3.000 F800.0
G01 X28.543 Y20.000 Z-3.000 F800.0
G01 X28.043 Y20.000 Z-3.000 F800.0
G01 X27.542 Y20.000 Z-3.000 F800.0
G01 X27.041 Y20.000 Z-3.000 F800.0
G01 X26.541 Y20.000 Z-3.000 F800.0
G01 X26.040 Y20.000 Z-3.000 F800.0
G01 X25.570 Y20.061 Z-3.000 F800.0
G01 X25.258 Y20.453 Z-3.000 F800.0
G01 X24.940 Y20.839 Z-3.000 F800.0
G01 X24.616 Y21.221 Z-3.000 F800.0
G01 X24.286 Y21.597 Z-3.000 F800.0
G01 X23.950 Y21.969 Z-3.000 F800.0
G01 X23.609 Y22.335 Z-3.000 F800.0
G01 X23.262 Y22.696 Z-3.000 F800.0
G01 X22.910 Y23.052 Z-3.000 F800.0
G01 X22.552 Y23.402 Z-3.000 F800.0
G01 X22.189 Y23.746 Z-3.000 F800.0
G01 X21.821 Y24.085 Z-3.000 F800.0
G01 X21.447 Y24.418 Z-3.000 F800.0
G01 X21.069 Y24.746 Z-3.000 F800.0
G01 X20.685 Y25.067 Z-3.000 F800.0
G01 X20.297 Y25.383 Z-3.000 F800.0
G01 X19.903 Y25.693 Z-3.000 F800.0
G01 X19.505 Y25.996 Z-3.000 F800.0
G01 X19.103 Y26.293 Z-3.000 F800.0
G01 X18.695 Y26.584 Z-3.000 F800.0
G01 X18.284 Y26.869 Z-3.000 F800.0
G01 X17.868 Y27.148 Z-3.000 F800.0
G01 X17.448 Y27.420 Z-3.000 F800.0
G01 X17.023 Y27.685 Z-3.000 F800.0
G01 X16.595 Y27.944 Z-3.000 F800.0
G01 X16.162 Y28.196 Z-3.000 F800.0
G01 X15.726 Y28.442 Z-3.000 F800.0
G01 X15.286 Y28.681 Z-3.000 F800.0
G01 X14.843 Y28.913 Z-3.000 F800.0
G01 X14.396 Y29.138 Z-3.000 F800.0
G01 X13.945 Y29.356 Z-3.000 F800.0
G01 X13.492 Y29.567 Z-3.000 F800.0
G01 X13.035 Y29.772 Z-3.000 F800.0
G01 X12.575 Y29.969 Z-3.000 F800.0
G01 X12.112 Y30.159 Z-3.000 F800.0
G01 X11.646 Y30.342 Z-3.000 F800.0
G01 X11.177 Y30.518 Z-3.000 F800.0
G01 X10.706 Y30.686 Z-3.000 F800.0
G01 X10.232 Y30.847 Z-3.000 F800.0
G01 X9.755 Y31.001 Z-3.000 F800.0
G01 X9.277 Y31.148 Z-3.000 F800.0
G01 X8.796 Y31.287 Z-3.000 F800.0
G01 X8.313 Y31.419 Z-3.000 F800.0
G01 X7.828 Y31.543 Z-3.000 F800.0
G01 X7.341 Y31.660 Z-3.000 F800.0
G01 X6.853 Y31.769 Z-3.000 F800.0
G01 X6.363 Y31.871 Z-3.000 F800.0
G01 X5.871 Y31.965 Z-3.000 F800.0
G01 X5.378 Y32.052 Z-3.000 F800.0
G01 X4.884 Y32.131 Z-3.000 F800.0
G01 X4.389 Y32.202 Z-3.000 F800.0
G01 X3.892 Y32.266 Z-3.000 F800.0
G01 X3.395 Y32.322 Z-3.000 F800.0
G01 X2.897 Y32.371 Z-3.000 F800.0
G01 X2.398 Y32.411 Z-3.000 F800.0
G01 X1.898 Y32.445 Z-3.000 F800.0
G01 X1.398 Y32.470 Z-3.000 F800.0
G01 X0.898 Y32.488 Z-3.000 F800.0
G01 X0.398 Y32.498 Z-3.000 F800.0
G01 X-0.103 Y32.500 Z-3.000 F800.0
G01 X-0.603 Y32.494 Z-3.000 F800.0
G01 X-1.104 Y32.481 Z-3.000 F800.0
G01 X-1.604 Y32.460 Z-3.000 F800.0
G01 X-2.104 Y32.432 Z-3.000 F800.0
G01 X-2.603 Y32.396 Z-3.000 F800.0
G01 X-3.102 Y32.352 Z-3.000 F800.0
G01 X-3.599 Y32.300 Z-3.000 F800.0
G01 X-4.096 Y32.241 Z-3.000 F800.0
G01 X-4.593 Y32.174 Z-3.000 F800.0
G01 X-5.087 Y32.099 Z-3.000 F800.0
G01 X-5.581 Y32.017 Z-3.000 F800.0
G01 X-6.074 Y31.927 Z-3.000 F800.0
G01 X-6.565 Y31.830 Z-3.000 F800.0
G01 X-7.054 Y31.725 Z-3.000 F800.0
G01 X-7.542 Y31.613 Z-3.000 F800.0
G01 X-8.028 Y31.493 Z-3.000 F800.0
G01 X-8.512 Y31.366 Z-3.000 F800.0
G01 X-8.994 Y31.231 Z-3.000 F800.0
G01 X-9.474 Y31.089 Z-3.000 F800.0
G01 X-9.952 Y30.939 Z-3.000 F800.0
G01 X-10.427 Y30.782 Z-3.000 F800.0
G01 X-10.900 Y30.618 Z-3.000 F800.0
G01 X-11.370 Y30.446 Z-3.000 F800.0
G01 X-11.838 Y30.268 Z-3.000 F800.0
G01 X-12.302 Y30.082 Z-3.000 F800.0
G01 X-12.764 Y29.889 Z-3.000 F800.0
G01 X-13.223 Y29.688 Z-3.000 F800.0
G01 X-13.679 Y29.481 Z-3.000 F800.0
G01 X-14.131 Y29.267 Z-3.000 F800.0
G01 X-14.580 Y29.046 Z-3.000 F800.0
G01 X-15.026 Y28.818 Z-3.000 F800.0
G01 X-15.468 Y28.583 Z-3.000 F800.0
G01 X-15.906 Y28.342 Z-3.000 F800.0
G01 X-16.341 Y28.093 Z-3.000 F800.0
G01 X-16.771 Y27.838 Z-3.000 F800.0
G01 X-17.198 Y27.577 Z-3.000 F800.0
G01 X-17.621 Y27.309 Z-3.000 F800.0
G01 X-18.039 Y27.034 Z-3.000 F800.0
G01 X-18.454 Y26.753 Z-3.000 F800.0
G01 X-18.863 Y26.465 Z-3.000 F800.0
G01 X-19.269 Y26.172 Z-3.000 F800.0
G01 X-19.670 Y25.872 Z-3.000 F800.0
G01 X-20.066 Y25.566 Z-3.000 F800.0
G01 X-20.457 Y25.254 Z-3.000 F800.0
G01 X-20.844 Y24.936 Z-3.000 F800.0
G01 X-21.225 Y24.612 Z-3.000 F800.0
G01 X-21.602 Y24.282 Z-3.000 F800.0
G01 X-21.973 Y23.946 Z-3.000 F800.0
G01 X-22.339 Y23.605 Z-3.000 F800.0
G01 X-22.700 Y23.258 Z-3.000 F800.0
G01 X-23.056 Y22.906 Z-3.000 F800.0
G01 X-23.406 Y22.548 Z-3.000 F800.0
G01 X-23.750 Y22.185 Z-3.000 F800.0
G01 X-24.089 Y21.817 Z-3.000 F800.0
G01 X-24.422 Y21.443 Z-3.000 F800.0
G01 X-24.750 Y21.064 Z-3.000 F800.0
G01 X-25.071 Y20.681 Z-3.000 F800.0
G01 X-25.387 Y20.292 Z-3.000 F800.0
G01 X-25.746 Y20.000 Z-3.000 F800.0
G01 X-26.246 Y20.000 Z-3.000 F800.0
G01 X-26.747 Y20.000 Z-3.000 F800.0
G01 X-27.247 Y20.000 Z-3.000 F800.0
G01 X-27.748 Y20.000 Z-3.000 F800.0
G01 X-28.248 Y20.000 Z-3.000 F800.0
G01 X-28.749 Y20.000 Z-3.000 F800.0
G01 X-29.249 Y20.000 Z-3.000 F800.0
G01 X-29.750 Y20.000 Z-3.000 F800.0
G01 X-30.251 Y20.000 Z-3.000 F800.0
G01 X-30.751 Y20.000 Z-3.000 F800.0
G01 X-31.252 Y20.000 Z-3.000 F800.0
G01 X-31.752 Y20.000 Z-3.000 F800.0
G01 X-32.253 Y20.000 Z-3.000 F800.0
G01 X-32.753 Y20.000 Z-3.000 F800.0
G01 X-33.254 Y20.000 Z-3.000 F800.0
G01 X-33.754 Y20.000 Z-3.000 F800.0
G01 X-34.255 Y20.000 Z-3.000 F800.0
G01 X-34.756 Y20.000 Z-3.000 F800.0
G01 X-35.256 Y20.000 Z-3.000 F800.0
G01 X-35.757 Y20.000 Z-3.000 F800.0
G01 X-36.257 Y20.000 Z-3.000 F800.0
G01 X-36.758 Y20.000 Z-3.000 F800.0
G01 X-37.258 Y20.000 Z-3.000 F800.0
G01 X-37.759 Y20.000 Z-3.000 F800.0
G01 X-38.259 Y20.000 Z-3.000 F800.0
G01 X-38.760 Y20.000 Z-3.000 F800.0
G01 X-39.261 Y20.000 Z-3.000 F800.0
G01 X-39.305 Y19.544 Z-3.000 F800.0
G01 X-39.305 Y19.043 Z-3.000 F800.0
G01 X-39.305 Y18.543 Z-3.000 F800.0
G01 X-39.305 Y18.042 Z-3.000 F800.0
G01 X-39.305 Y17.542 Z-3.000 F800.0
G01 X-39.305 Y17.041 Z-3.000 F800.0
G01 X-39.305 Y16.541 Z-3.000 F800.0
G01 X-39.305 Y16.040 Z-3.000 F800.0
G01 X-39.305 Y15.539 Z-3.000 F800.0
G01 X-39.305 Y15.039 Z-3.000 F800.0
G01 X-39.305 Y14.538 Z-3.000 F800.0
G01 X-39.305 Y14.038 Z-3.000 F800.0
G01 X-39.305 Y13.537 Z-3.000 F800.0
G01 X-39.305 Y13.037 Z-3.000 F800.0
G01 X-39.305 Y12.536 Z-3.000 F800.0
G01 X-39.305 Y12.036 Z-3.000 F800.0
G01 X-39.305 Y11.535 Z-3.000 F800.0
G01 X-39.305 Y11.034 Z-3.000 F800.0
G01 X-39.305 Y10.534 Z-3.000 F800.0
G01 X-39.305 Y10.033 Z-3.000 F800.0
G01 X-39.305 Y9.533 Z-3.000 F800.0
G01 X-39.305 Y9.032 Z-3.000 F800.0
G01 X-39.305 Y8.532 Z-3.000 F800.0
G01 X-39.305 Y8.031 Z-3.000 F800.0
G01 X-39.305 Y7.531 Z-3.000 F800.0
G01 X-39.305 Y7.030 Z-3.000 F800.0
G01 X-39.305 Y6.529 Z-3.000 F800.0
G01 X-39.305 Y6.029 Z-3.000 F800.0
G01 X-39.305 Y5.528 Z-3.000 F800.0
G01 X-39.305 Y5.028 Z-3.000 F800.0
G01 X-39.305 Y4.527 Z-3.000 F800.0
G01 X-39.305 Y4.027 Z-3.000 F800.0
G01 X-39.305 Y3.526 Z-3.000 F800.0
G01 X-39.305 Y3.026 Z-3.000 F800.0
G01 X-39.305 Y2.525 Z-3.000 F800.0
G01 X-39.305 Y2.024 Z-3.000 F800.0
G01 X-39.305 Y1.524 Z-3.000 F800.0
G01 X-39.305 Y1.023 Z-3.000 F800.0
G01 X-39.305 Y0.523 Z-3.000 F800.0
G01 X-39.305 Y0.022 Z-3.000 F800.0
G01 X-39.305 Y-0.478 Z-3.000 F800.0
G01 X-39.305 Y-0.979 Z-3.000 F800.0
G01 X-39.305 Y-1.479 Z-3.000 F800.0
G01 X-39.305 Y-1.980 Z-3.000 F800.0
G01 X-39.305 Y-2.481 Z-3.000 F800.0
G01 X-39.305 Y-2.981 Z-3.000 F800.0
G01 X-39.305 Y-3.482 Z-3.000 F800.0
G01 X-39.305 Y-3.982 Z-3.000 F800.0
G01 X-39.305 Y-4.483 Z-3.000 F800.0
G01 X-39.305 Y-4.983 Z-3.000 F800.0
G01 X-39.305 Y-5.484 Z-3.000 F800.0
G01 X-39.305 Y-5.984 Z-3.000 F800.0
G01 X-39.305 Y-6.485 Z-3.000 F800.0
G01 X-39.305 Y-6.986 Z-3.000 F800.0
G01 X-39.305 Y-7.486 Z-3.000 F800.0
G01 X-39.305 Y-7.987 Z-3.000 F800.0
G01 X-39.305 Y-8.487 Z-3.000 F800.0
G01 X-39.305 Y-8.988 Z-3.000 F800.0
G01 X-39.305 Y-9.488 Z-3.000 F800.0
G01 X-39.305 Y-9.989 Z-3.000 F800.0
G01 X-39.305 Y-10.489 Z-3.000 F800.0
G01 X-39.305 Y-10.990 Z-3.000 F800.0
G01 X-39.305 Y-11.491 Z-3.000 F800.0
G01 X-39.305 Y-11.991 Z-3.000 F800.0
G01 X-39.305 Y-12.492 Z-3.000 F800.0
G01 X-39.305 Y-12.992 Z-3.000 F800.0
G01 X-39.305 Y-13.493 Z-3.000 F800.0
G01 X-39.305 Y-13.993 Z-3.000 F800.0
G01 X-39.305 Y-14.494 Z-3.000 F800.0
G01 X-39.305 Y-14.994 Z-3.000 F800.0
G01 X-39.305 Y-15.495 Z-3.000 F800.0
G01 X-39.305 Y-15.996 Z-3.000 F800.0
G01 X-39.305 Y-16.496 Z-3.000 F800.0
G01 X-39.305 Y-16.997 Z-3.000 F800.0
G01 X-39.305 Y-17.497 Z-3.000 F800.0
G01 X-39.305 Y-17.998 Z-3.000 F800.0
G01 X-39.305 Y-18.498 Z-3.000 F800.0
G01 X-39.305 Y-18.999 Z-3.000 F800.0
G01 X-39.305 Y-19.499 Z-3.000 F800.0
G01 X-39.305 Y-20.000 Z-3.000 F800.0
G00 X-39.305 Y-20.000 Z50.000
G00 X-39.305 Y-20.000 Z50.000
G01 Z-4.000 F200.0
G01 X-38.804 Y-20.000 Z-4.000 F800.0
G01 X-38.304 Y-20.000 Z-4.000 F800.0
G01 X-37.803 Y-20.000 Z-4.000 F800.0
G01 X-37.303 Y-20.000 Z-4.000 F800.0
G01 X-36.802 Y-20.000 Z-4.000 F800.0
G01 X-36.302 Y-20.000 Z-4.000 F800.0
G01 X-35.801 Y-20.000 Z-4.000 F800.0
G01 X-35.301 Y-20.000 Z-4.000 F800.0
G01 X-34.800 Y-20.000 Z-4.000 F800.0
G01 X-34.299 Y-20.000 Z-4.000 F800.0
G01 X-33.799 Y-20.000 Z-4.000 F800.0
G01 X-33.298 Y-20.000 Z-4.000 F800.0
G01 X-32.798 Y-20.000 Z-4.000 F800.0
G01 X-32.297 Y-20.000 Z-4.000 F800.0
G01 X-31.797 Y-20.000 Z-4.000 F800.0
G01 X-31.296 Y-20.000 Z-4.000 F800.0
G01 X-30.796 Y-20.000 Z-4.000 F800.0
G01 X-30.295 Y-20.000 Z-4.000 F800.0
G01 X-29.794 Y-20.000 Z-4.000 F800.0
G01 X-29.294 Y-20.000 Z-4.000 F800.0
G01 X-28.793 Y-20.000 Z-4.000 F800.0
G01 X-28.293 Y-20.000 Z-4.000 F800.0
G01 X-27.792 Y-20.000 Z-4.000 F800.0
G01 X-27.292 Y-20.000 Z-4.000 F800.0
G01 X-26.791 Y-20.000 Z-4.000 F800.0
G01 X-26.291 Y-20.000 Z-4.000 F800.0
G01 X-25.790 Y-20.000 Z-4.000 F800.0
G01 X-25.414 Y-20.257 Z-4.000 F800.0
G01 X-25.099 Y-20.646 Z-4.000 F800.0
G01 X-24.778 Y-21.031 Z-4.000 F800.0
G01 X-24.451 Y-21.410 Z-4.000 F800.0
G01 X-24.119 Y-21.784 Z-4.000 F800.0
G01 X-23.781 Y-22.153 Z-4.000 F800.0
G01 X-23.437 Y-22.516 Z-4.000 F800.0
G01 X-23.087 Y-22.874 Z-4.000 F800.0
G01 X-22.732 Y-23.227 Z-4.000 F800.0
G01 X-22.371 Y-23.575 Z-4.000 F800.0
G01 X-22.006 Y-23.916 Z-4.000 F800.0
G01 X-21.635 Y-24.253 Z-4.000 F800.0
G01 X-21.259 Y-24.583 Z-4.000 F800.0
G01 X-20.878 Y-24.907 Z-4.000 F800.0
G01 X-20.492 Y-25.226 Z-4.000 F800.0
G01 X-20.101 Y-25.539 Z-4.000 F800.0
G01 X-19.705 Y-25.845 Z-4.000 F800.0
G01 X-19.305 Y-26.145 Z-4.000 F800.0
G01 X-18.900 Y-26.440 Z-4.000 F800.0
G01 X-18.490 Y-26.728 Z-4.000 F800.0
G01 X-18.076 Y-27.009 Z-4.000 F800.0
G01 X-17.658 Y-27.284 Z-4.000 F800.0
G01 X-17.236 Y-27.553 Z-4.000 F800.0
G01 X-16.809 Y-27.815 Z-4.000 F800.0
G01 X-16.379 Y-28.071 Z-4.000 F800.0
G01 X-15.945 Y-28.320 Z-4.000 F800.0
G01 X-15.507 Y-28.562 Z-4.000 F800.0
G01 X-15.065 Y-28.797 Z-4.000 F800.0
G01 X-14.620 Y-29.026 Z-4.000 F800.0
G01 X-14.171 Y-29.248 Z-4.000 F800.0
G01 X-13.719 Y-29.463 Z-4.000 F800.0
G01 X-13.263 Y-29.670 Z-4.000 F800.0
G01 X-12.805 Y-29.871 Z-4.000 F800.0
G01 X-12.343 Y-30.065 Z-4.000 F800.0
G01 X-11.879 Y-30.251 Z-4.000 F800.0
G01 X-11.412 Y-30.431 Z-4.000 F800.0
G01 X-10.942 Y-30.603 Z-4.000 F800.0
G01 X-10.469 Y-30.768 Z-4.000 F800.0
G01 X-9.994 Y-30.925 Z-4.000 F800.0
G01 X-9.516 Y-31.076 Z-4.000 F800.0
G01 X-9.037 Y-31.218 Z-4.000 F800.0
G01 X-8.555 Y-31.354 Z-4.000 F800.0
G01 X-8.071 Y-31.482 Z-4.000 F800.0
G01 X-7.585 Y-31.602 Z-4.000 F800.0
G01 X-7.097 Y-31.716 Z-4.000 F800.0
G01 X-6.608 Y-31.821 Z-4.000 F800.0
G01 X-6.117 Y-31.919 Z-4.000 F800.0
G01 X-5.625 Y-32.010 Z-4.000 F800.0
G01 X-5.131 Y-32.092 Z-4.000 F800.0
G01 X-4.636 Y-32.168 Z-4.000 F800.0
G01 X-4.141 Y-32.235 Z-4.000 F800.0
G01 X-3.644 Y-32.295 Z-4.000 F800.0
G01 X-3.146 Y-32.347 Z-4.000 F800.0
G01 X-2.647 Y-32.392 Z-4.000 F800.0
G01 X-2.148 Y-32.429 Z-4.000 F800.0
G01 X-1.648 Y-32.458 Z-4.000 F800.0
G01 X-1.148 Y-32.480 Z-4.000 F800.0
G01 X-0.648 Y-32.494 Z-4.000 F800.0
G01 X-0.147 Y-32.500 Z-4.000 F800.0
G01 X0.353 Y-32.498 Z-4.000 F800.0
G01 X0.854 Y-32.489 Z-4.000 F800.0
G01 X1.354 Y-32.472 Z-4.000 F800.0
G01 X1.854 Y-32.447 Z-4.000 F800.0
G01 X2.353 Y-32.415 Z-4.000 F800.0
G01 X2.852 Y-32.375 Z-4.000 F800.0
G01 X3.351 Y-32.327 Z-4.000 F800.0
G01 X3.848 Y-32.271 Z-4.000 F800.0
G01 X4.345 Y-32.208 Z-4.000 F800.0
G01 X4.840 Y-32.138 Z-4.000 F800.0
G01 X5.335 Y-32.059 Z-4.000 F800.0
G01 X5.828 Y-31.973 Z-4.000 F800.0
G01 X6.319 Y-31.880 Z-4.000 F800.0
G01 X6.810 Y-31.779 Z-4.000 F800.0
G01 X7.298 Y-31.670 Z-4.000 F800.0
G01 X7.785 Y-31.554 Z-4.000 F800.0
G01 X8.270 Y-31.430 Z-4.000 F800.0
G01 X8.753 Y-31.299 Z-4.000 F800.0
G01 X9.234 Y-31.161 Z-4.000 F800.0
G01 X9.713 Y-31.015 Z-4.000 F800.0
G01 X10.190 Y-30.861 Z-4.000 F800.0
G01 X10.664 Y-30.701 Z-4.000 F800.0
G01 X11.135 Y-30.533 Z-4.000 F800.0
G01 X11.604 Y-30.358 Z-4.000 F800.0
G01 X12.070 Y-30.175 Z-4.000 F800.0
G01 X12.534 Y-29.986 Z-4.000 F800.0
G01 X12.994 Y-29.789 Z-4.000 F800.0
G01 X13.451 Y-29.586 Z-4.000 F800.0
G01 X13.905 Y-29.375 Z-4.000 F800.0
G01 X14.356 Y-29.157 Z-4.000 F800.0
G01 X14.803 Y-28.933 Z-4.000 F800.0
G01 X15.247 Y-28.701 Z-4.000 F800.0
G01 X15.687 Y-28.463 Z-4.000 F800.0
G01 X16.124 Y-28.218 Z-4.000 F800.0
G01 X16.557 Y-27.967 Z-4.000 F800.0
G01 X16.985 Y-27.708 Z-4.000 F800.0
G01 X17.410 Y-27.443 Z-4.000 F800.0
G01 X17.831 Y-27.172 Z-4.000 F800.0
G01 X18.247 Y-26.894 Z-4.000 F800.0
G01 X18.659 Y-26.610 Z-4.000 F800.0
G01 X19.067 Y-26.319 Z-4.000 F800.0
G01 X19.470 Y-26.023 Z-4.000 F800.0
G01 X19.868 Y-25.720 Z-4.000 F800.0
G01 X20.262 Y-25.411 Z-4.000 F800.0
G01 X20.651 Y-25.096 Z-4.000 F800.0
G01 X21.035 Y-24.775 Z-4.000 F800.0
G01 X21.414 Y-24.448 Z-4.000 F800.0
G01 X21.788 Y-24.115 Z-4.000 F800.0
G01 X22.157 Y-23.777 Z-4.000 F800.0
G01 X22.520 Y-23.433 Z-4.000 F800.0
G01 X22.879 Y-23.083 Z-4.000 F800.0
G01 X23.231 Y-22.728 Z-4.000 F800.0
G01 X23.579 Y-22.367 Z-4.000 F800.0
G01 X23.920 Y-22.002 Z-4.000 F800.0
G01 X24.256 Y-21.631 Z-4.000 F800.0
G01 X24.587 Y-21.254 Z-4.000 F800.0
G01 X24.911 Y-20.873 Z-4.000 F800.0
G01 X25.230 Y-20.487 Z-4.000 F800.0
G01 X25.542 Y-20.096 Z-4.000 F800.0
G01 X25.996 Y-20.000 Z-4.000 F800.0
G01 X26.496 Y-20.000 Z-4.000 F800.0
G01 X26.997 Y-20.000 Z-4.000 F800.0
G01 X27.498 Y-20.000 Z-4.000 F800.0
G01 X27.998 Y-20.000 Z-4.000 F800.0
G01 X28.499 Y-20.000 Z-4.000 F800.0
G01 X28.999 Y-20.000 Z-4.000 F800.0
G01 X29.500 Y-20.000 Z-4.000 F800.0
G01 X30.000 Y-20.000 Z-4.000 F800.0
G01 X30.501 Y-20.000 Z-4.000 F800.0
G01 X31.001 Y-20.000 Z-4.000 F800.0
G01 X31.502 Y-20.000 Z-4.000 F800.0
G01 X32.003 Y-20.000 Z-4.000 F800.0
G01 X32.503 Y-20.000 Z-4.000 F800.0
G01 X33.004 Y-20.000 Z-4.000 F800.0
G01 X33.504 Y-20.000 Z-4.000 F800.0
G01 X34.005 Y-20.000 Z-4.000 F800.0
G01 X34.505 Y-20.000 Z-4.000 F800.0
G01 X35.006 Y-20.000 Z-4.000 F800.0
G01 X35.506 Y-20.000 Z-4.000 F800.0
G01 X36.007 Y-20.000 Z-4.000 F800.0
G01 X36.508 Y-20.000 Z-4.000 F800.0
G01 X37.008 Y-20.000 Z-4.000 F800.0
G01 X37.509 Y-20.000 Z-4.000 F800.0
G01 X38.009 Y-20.000 Z-4.000 F800.0
G01 X38.510 Y-20.000 Z-4.000 F800.0
G01 X39.010 Y-20.000 Z-4.000 F800.0
G01 X39.305 Y-19.794 Z-4.000 F800.0
G01 X39.305 Y-19.294 Z-4.000 F800.0
G01 X39.305 Y-18.793 Z-4.000 F800.0
G01 X39.305 Y-18.292 Z-4.000 F800.0
G01 X39.305 Y-17.792 Z-4.000 F800.0
G01 X39.305 Y-17.291 Z-4.000 F800.0
G01 X39.305 Y-16.791 Z-4.000 F800.0
G01 X39.305 Y-16.290 Z-4.000 F800.0
G01 X39.305 Y-15.790 Z-4.000 F800.0
G01 X39.305 Y-15.289 Z-4.000 F800.0
G01 X39.305 Y-14.789 Z-4.000 F800.0
G01 X39.305 Y-14.288 Z-4.000 F800.0
G01 X39.305 Y-13.787 Z-4.000 F800.0
G01 X39.305 Y-13.287 Z-4.000 F800.0
G01 X39.305 Y-12.786 Z-4.000 F800.0
G01 X39.305 Y-12.286 Z-4.000 F800.0
G01 X39.305 Y-11.785 Z-4.000 F800.0
G01 X39.305 Y-11.285 Z-4.000 F800.0
G01 X39.305 Y-10.784 Z-4.000 F800.0
G01 X39.305 Y-10.284 Z-4.000 F800.0
G01 X39.305 Y-9.783 Z-4.000 F800.0
G01 X39.305 Y-9.282 Z-4.000 F800.0
G01 X39.305 Y-8.782 Z-4.000 F800.0
G01 X39.305 Y-8.281 Z-4.000 F800.0
G01 X39.305 Y-7.781 Z-4.000 F800.0
G01 X39.305 Y-7.280 Z-4.000 F800.0
G01 X39.305 Y-6.780 Z-4.000 F800.0
G01 X39.305 Y-6.279 Z-4.000 F800.0
G01 X39.305 Y-5.779 Z-4.000 F800.0
G01 X39.305 Y-5.278 Z-4.000 F800.0
G01 X39.305 Y-4.777 Z-4.000 F800.0
G01 X39.305 Y-4.277 Z-4.000 F800.0
G01 X39.305 Y-3.776 Z-4.000 F800.0
G01 X39.305 Y-3.276 Z-4.000 F800.0
G01 X39.305 Y-2.775 Z-4.000 F800.0
G01 X39.305 Y-2.275 Z-4.000 F800.0
G01 X39.305 Y-1.774 Z-4.000 F800.0
G01 X39.305 Y-1.274 Z-4.000 F800.0
G01 X39.305 Y-0.773 Z-4.000 F800.0
G01 X39.305 Y-0.272 Z-4.000 F800.0
G01 X39.305 Y0.228 Z-4.000 F800.0
G01 X39.305 Y0.729 Z-4.000 F800.0
G01 X39.305 Y1.229 Z-4.000 F800.0
G01 X39.305 Y1.730 Z-4.000 F800.0
G01 X39.305 Y2.230 Z-4.000 F800.0
G01 X39.305 Y2.731 Z-4.000 F800.0
G01 X39.305 Y3.231 Z-4.000 F800.0
G01 X39.305 Y3.732 Z-4.000 F800.0
G01 X39.305 Y4.233 Z-4.000 F800.0
G01 X39.305 Y4.733 Z-4.000 F800.0
G01 X39.305 Y5.234 Z-4.000 F800.0
G01 X39.305 Y5.734 Z-4.000 F800.0
G01 X39.305 Y6.235 Z-4.000 F800.0
G01 X39.305 Y6.735 Z-4.000 F800.0
G01 X39.305 Y7.236 Z-4.000 F800.0
G01 X39.305 Y7.736 Z-4.000 F800.0
G01 X39.305 Y8.237 Z-4.000 F800.0
G01 X39.305 Y8.738 Z-4.000 F800.0
G01 X39.305 Y9.238 Z-4.000 F800.0
G01 X39.305 Y9.739 Z-4.000 F800.0
G01 X39.305 Y10.239 Z-4.000 F800.0
G01 X39.305 Y10.740 Z-4.000 F800.0
G01 X39.305 Y11.240 Z-4.000 F800.0
G01 X39.305 Y11.741 Z-4.000 F800.0
G01 X39.305 Y12.241 Z-4.000 F800.0
G01 X39.305 Y12.742 Z-4.000 F800.0
G01 X39.305 Y13.243 Z-4.000 F800.0
G01 X39.305 Y13.743 Z-4.000 F800.0
G01 X39.305 Y14.244 Z-4.000 F800.0
G01 X39.305 Y14.744 Z-4.000 F800.0
G01 X39.305 Y15.245 Z-4.000 F800.0
G01 X39.305 Y15.745 Z-4.000 F800.0
G01 X39.305 Y16.246 Z-4.000 F800.0
G01 X39.305 Y16.746 Z-4.000 F800.0
G01 X39.305 Y17.247 Z-4.000 F800.0
G01 X39.305 Y17.748 Z-4.000 F800.0
G01 X39.305 Y18.248 Z-4.000 F800.0
G01 X39.305 Y18.749 Z-4.000 F800.0
G01 X39.305 Y19.249 Z-4.000 F800.0
G01 X39.305 Y19.750 Z-4.000 F800.0
G01 X39.055 Y20.000 Z-4.000 F800.0
G01 X38.554 Y20.000 Z-4.000 F800.0
G01 X38.054 Y20.000 Z-4.000 F800.0
G01 X37.553 Y20.000 Z-4.000 F800.0
G01 X37.053 Y20.000 Z-4.000 F800.0
G01 X36.552 Y20.000 Z-4.000 F800.0
G01 X36.051 Y20.000 Z-4.000 F800.0
G01 X35.551 Y20.000 Z-4.000 F800.0
G01 X35.050 Y20.000 Z-4.000 F800.0
G01 X34.550 Y20.000 Z-4.000 F800.0
G01 X34.049 Y20.000 Z-4.000 F800.0
G01 X33.549 Y20.000 Z-4.000 F800.0
G01 X33.048 Y20.000 Z-4.000 F800.0
G01 X32.548 Y20.000 Z-4.000 F800.0
G01 X32.047 Y20.000 Z-4.000 F800.0
G01 X31.546 Y20.000 Z-4.000 F800.0
G01 X31.046 Y20.000 Z-4.000 F800.0
G01 X30.545 Y20.000 Z-4.000 F800.0
G01 X30.045 Y20.000 Z-4.000 F800.0
G01 X29.544 Y20.000 Z-4.000 F800.0
G01 X29.044 Y20.000 Z-4.000 F800.0
G01 X28.543 Y20.000 Z-4.000 F800.0
G01 X28.043 Y20.000 Z-4.000 F800.0
G01 X27.542 Y20.000 Z-4.000 F800.0
G01 X27.041 Y20.000 Z-4.000 F800.0
G01 X26.541 Y20.000 Z-4.000 F800.0
G01 X26.040 Y20.000 Z-4.000 F800.0
G01 X25.570 Y20.061 Z-4.000 F800.0
G01 X25.258 Y20.453 Z-4.000 F800.0
G01 X24.940 Y20.839 Z-4.000 F800.0
G01 X24.616 Y21.221 Z-4.000 F800.0
G01 X24.286 Y21.597 Z-4.000 F800.0
G01 X23.950 Y21.969 Z-4.000 F800.0
G01 X23.609 Y22.335 Z-4.000 F800.0
G01 X23.262 Y22.696 Z-4.000 F800.0
G01 X22.910 Y23.052 Z-4.000 F800.0
G01 X22.552 Y23.402 Z-4.000 F800.0
G01 X22.189 Y23.746 Z-4.000 F800.0
G01 X21.821 Y24.085 Z-4.000 F800.0
G01 X21.447 Y24.418 Z-4.000 F800.0
G01 X21.069 Y24.746 Z-4.000 F800.0
G01 X20.685 Y25.067 Z-4.000 F800.0
G01 X20.297 Y25.383 Z-4.000 F800.0
G01 X19.903 Y25.693 Z-4.000 F800.0
G01 X19.505 Y25.996 Z-4.000 F800.0
G01 X19.103 Y26.293 Z-4.000 F800.0
G01 X18.695 Y26.584 Z-4.000 F800.0
G01 X18.284 Y26.869 Z-4.000 F800.0
G01 X17.868 Y27.148 Z-4.000 F800.0
G01 X17.448 Y27.420 Z-4.000 F800.0
G01 X17.023 Y27.685 Z-4.000 F800.0
G01 X16.595 Y27.944 Z-4.000 F800.0
G01 X16.162 Y28.196 Z-4.000 F800.0
G01 X15.726 Y28.442 Z-4.000 F800.0
G01 X15.286 Y28.681 Z-4.000 F800.0
G01 X14.843 Y28.913 Z-4.000 F800.0
G01 X14.396 Y29.138 Z-4.000 F800.0
G01 X13.945 Y29.356 Z-4.000 F800.0
G01 X13.492 Y29.567 Z-4.000 F800.0
G01 X13.035 Y29.772 Z-4.000 F800.0
G01 X12.575 Y29.969 Z-4.000 F800.0
G01 X12.112 Y30.159 Z-4.000 F800.0
G01 X11.646 Y30.342 Z-4.000 F800.0
G01 X11.177 Y30.518 Z-4.000 F800.0
G01 X10.706 Y30.686 Z-4.000 F800.0
G01 X10.232 Y30.847 Z-4.000 F800.0
G01 X9.755 Y31.001 Z-4.000 F800.0
G01 X9.277 Y31.148 Z-4.000 F800.0
G01 X8.796 Y31.287 Z-4.000 F800.0
G01 X8.313 Y31.419 Z-4.000 F800.0
G01 X7.828 Y31.543 Z-4.000 F800.0
G01 X7.341 Y31.660 Z-4.000 F800.0
G01 X6.853 Y31.769 Z-4.000 F800.0
G01 X6.363 Y31.871 Z-4.000 F800.0
G01 X5.871 Y31.965 Z-4.000 F800.0
G01 X5.378 Y32.052 Z-4.000 F800.0
G01 X4.884 Y32.131 Z-4.000 F800.0
G01 X4.389 Y32.202 Z-4.000 F800.0
G01 X3.892 Y32.266 Z-4.000 F800.0
G01 X3.395 Y32.322 Z-4.000 F800.0
G01 X2.897 Y32.371 Z-4.000 F800.0
G01 X2.398 Y32.411 Z-4.000 F800.0
G01 X1.898 Y32.445 Z-4.000 F800.0
G01 X1.398 Y32.470 Z-4.000 F800.0
G01 X0.898 Y32.488 Z-4.000 F800.0
G01 X0.398 Y32.498 Z-4.000 F800.0
G01 X-0.103 Y32.500 Z-4.000 F800.0
G01 X-0.603 Y32.494 Z-4.000 F800.0
G01 X-1.104 Y32.481 Z-4.000 F800.0
G01 X-1.604 Y32.460 Z-4.000 F800.0
G01 X-2.104 Y32.432 Z-4.000 F800.0
G01 X-2.603 Y32.396 Z-4.000 F800.0
G01 X-3.102 Y32.352 Z-4.000 F800.0
G01 X-3.599 Y32.300 Z-4.000 F800.0
G01 X-4.096 Y32.241 Z-4.000 F800.0
G01 X-4.593 Y32.174 Z-4.000 F800.0
G01 X-5.087 Y32.099 Z-4.000 F800.0
G01 X-5.581 Y32.017 Z-4.000 F800.0
G01 X-6.074 Y31.927 Z-4.000 F800.0
G01 X-6.565 Y31.830 Z-4.000 F800.0
G01 X-7.054 Y31.725 Z-4.000 F800.0
G01 X-7.542 Y31.613 Z-4.000 F800.0
G01 X-8.028 Y31.493 Z-4.000 F800.0
G01 X-8.512 Y31.366 Z-4.000 F800.0
G01 X-8.994 Y31.231 Z-4.000 F800.0
G01 X-9.474 Y31.089 Z-4.000 F800.0
G01 X-9.952 Y30.939 Z-4.000 F800.0
G01 X-10.427 Y30.782 Z-4.000 F800.0
G01 X-10.900 Y30.618 Z-4.000 F800.0
G01 X-11.370 Y30.446 Z-4.000 F800.0
G01 X-11.838 Y30.268 Z-4.000 F800.0
G01 X-12.302 Y30.082 Z-4.000 F800.0
G01 X-12.764 Y29.889 Z-4.000 F800.0
G01 X-13.223 Y29.688 Z-4.000 F800.0
G01 X-13.679 Y29.481 Z-4.000 F800.0
G01 X-14.131 Y29.267 Z-4.000 F800.0
G01 X-14.580 Y29.046 Z-4.000 F800.0
G01 X-15.026 Y28.818 Z-4.000 F800.0
G01 X-15.468 Y28.583 Z-4.000 F800.0
G01 X-15.906 Y28.342 Z-4.000 F800.0
G01 X-16.341 Y28.093 Z-4.000 F800.0
G01 X-16.771 Y27.838 Z-4.000 F800.0
G01 X-17.198 Y27.577 Z-4.000 F800.0
G01 X-17.621 Y27.309 Z-4.000 F800.0
G01 X-18.039 Y27.034 Z-4.000 F800.0
G01 X-18.454 Y26.753 Z-4.000 F800.0
G01 X-18.863 Y26.465 Z-4.000 F800.0
G01 X-19.269 Y26.172 Z-4.000 F800.0
G01 X-19.670 Y25.872 Z-4.000 F800.0
G01 X-20.066 Y25.566 Z-4.000 F800.0
G01 X-20.457 Y25.254 Z-4.000 F800.0
G01 X-20.844 Y24.936 Z-4.000 F800.0
G01 X-21.225 Y24.612 Z-4.000 F800.0
G01 X-21.602 Y24.282 Z-4.000 F800.0
G01 X-21.973 Y23.946 Z-4.000 F800.0
G01 X-22.339 Y23.605 Z-4.000 F800.0
G01 X-22.700 Y23.258 Z-4.000 F800.0
G01 X-23.056 Y22.906 Z-4.000 F800.0
G01 X-23.406 Y22.548 Z-4.000 F800.0
G01 X-23.750 Y22.185 Z-4.000 F800.0
G01 X-24.089 Y21.817 Z-4.000 F800.0
G01 X-24.422 Y21.443 Z-4.000 F800.0
G01 X-24.750 Y21.064 Z-4.000 F800.0
G01 X-25.071 Y20.681 Z-4.000 F800.0
G01 X-25.387 Y20.292 Z-4.000 F800.0
G01 X-25.746 Y20.000 Z-4.000 F800.0
G01 X-26.246 Y20.000 Z-4.000 F800.0
G01 X-26.747 Y20.000 Z-4.000 F800.0
G01 X-27.247 Y20.000 Z-4.000 F800.0
G01 X-27.748 Y20.000 Z-4.000 F800.0
G01 X-28.248 Y20.000 Z-4.000 F800.0
G01 X-28.749 Y20.000 Z-4.000 F800.0
G01 X-29.249 Y20.000 Z-4.000 F800.0
G01 X-29.750 Y20.000 Z-4.000 F800.0
G01 X-30.251 Y20.000 Z-4.000 F800.0
G01 X-30.751 Y20.000 Z-4.000 F800.0
G01 X-31.252 Y20.000 Z-4.000 F800.0
G01 X-31.752 Y20.000 Z-4.000 F800.0
G01 X-32.253 Y20.000 Z-4.000 F800.0
G01 X-32.753 Y20.000 Z-4.000 F800.0
G01 X-33.254 Y20.000 Z-4.000 F800.0
G01 X-33.754 Y20.000 Z-4.000 F800.0
G01 X-34.255 Y20.000 Z-4.000 F800.0
G01 X-34.756 Y20.000 Z-4.000 F800.0
G01 X-35.256 Y20.000 Z-4.000 F800.0
G01 X-35.757 Y20.000 Z-4.000 F800.0
G01 X-36.257 Y20.000 Z-4.000 F800.0
G01 X-36.758 Y20.000 Z-4.000 F800.0
G01 X-37.258 Y20.000 Z-4.000 F800.0
G01 X-37.759 Y20.000 Z-4.000 F800.0
G01 X-38.259 Y20.000 Z-4.000 F800.0
G01 X-38.760 Y20.000 Z-4.000 F800.0
G01 X-39.261 Y20.000 Z-4.000 F800.0
G01 X-39.305 Y19.544 Z-4.000 F800.0
G01 X-39.305 Y19.043 Z-4.000 F800.0
G01 X-39.305 Y18.543 Z-4.000 F800.0
G01 X-39.305 Y18.042 Z-4.000 F800.0
G01 X-39.305 Y17.542 Z-4.000 F800.0
G01 X-39.305 Y17.041 Z-4.000 F800.0
G01 X-39.305 Y16.541 Z-4.000 F800.0
G01 X-39.305 Y16.040 Z-4.000 F800.0
G01 X-39.305 Y15.539 Z-4.000 F800.0
G01 X-39.305 Y15.039 Z-4.000 F800.0
G01 X-39.305 Y14.538 Z-4.000 F800.0
G01 X-39.305 Y14.038 Z-4.000 F800.0
G01 X-39.305 Y13.537 Z-4.000 F800.0
G01 X-39.305 Y13.037 Z-4.000 F800.0
G01 X-39.305 Y12.536 Z-4.000 F800.0
G01 X-39.305 Y12.036 Z-4.000 F800.0
G01 X-39.305 Y11.535 Z-4.000 F800.0
G01 X-39.305 Y11.034 Z-4.000 F800.0
G01 X-39.305 Y10.534 Z-4.000 F800.0
G01 X-39.305 Y10.033 Z-4.000 F800.0
G01 X-39.305 Y9.533 Z-4.000 F800.0
G01 X-39.305 Y9.032 Z-4.000 F800.0
G01 X-39.305 Y8.532 Z-4.000 F800.0
G01 X-39.305 Y8.031 Z-4.000 F800.0
G01 X-39.305 Y7.531 Z-4.000 F800.0
G01 X-39.305 Y7.030 Z-4.000 F800.0
G01 X-39.305 Y6.529 Z-4.000 F800.0
G01 X-39.305 Y6.029 Z-4.000 F800.0
G01 X-39.305 Y5.528 Z-4.000 F800.0
G01 X-39.305 Y5.028 Z-4.000 F800.0
G01 X-39.305 Y4.527 Z-4.000 F800.0
G01 X-39.305 Y4.027 Z-4.000 F800.0
G01 X-39.305 Y3.526 Z-4.000 F800.0
G01 X-39.305 Y3.026 Z-4.000 F800.0
G01 X-39.305 Y2.525 Z-4.000 F800.0
G01 X-39.305 Y2.024 Z-4.000 F800.0
G01 X-39.305 Y1.524 Z-4.000 F800.0
G01 X-39.305 Y1.023 Z-4.000 F800.0
G01 X-39.305 Y0.523 Z-4.000 F800.0
G01 X-39.305 Y0.022 Z-4.000 F800.0
G01 X-39.305 Y-0.478 Z-4.000 F800.0
G01 X-39.305 Y-0.979 Z-4.000 F800.0
G01 X-39.305 Y-1.479 Z-4.000 F800.0
G01 X-39.305 Y-1.980 Z-4.000 F800.0
G01 X-39.305 Y-2.481 Z-4.000 F800.0
G01 X-39.305 Y-2.981 Z-4.000 F800.0
G01 X-39.305 Y-3.482 Z-4.000 F800.0
G01 X-39.305 Y-3.982 Z-4.000 F800.0
G01 X-39.305 Y-4.483 Z-4.000 F800.0
G01 X-39.305 Y-4.983 Z-4.000 F800.0
G01 X-39.305 Y-5.484 Z-4.000 F800.0
G01 X-39.305 Y-5.984 Z-4.000 F800.0
G01 X-39.305 Y-6.485 Z-4.000 F800.0
G01 X-39.305 Y-6.986 Z-4.000 F800.0
G01 X-39.305 Y-7.486 Z-4.000 F800.0
G01 X-39.305 Y-7.987 Z-4.000 F800.0
G01 X-39.305 Y-8.487 Z-4.000 F800.0
G01 X-39.305 Y-8.988 Z-4.000 F800.0
G01 X-39.305 Y-9.488 Z-4.000 F800.0
G01 X-39.305 Y-9.989 Z-4.000 F800.0
G01 X-39.305 Y-10.489 Z-4.000 F800.0
G01 X-39.305 Y-10.990 Z-4.000 F800.0
G01 X-39.305 Y-11.491 Z-4.000 F800.0
G01 X-39.305 Y-11.991 Z-4.000 F800.0
G01 X-39.305 Y-12.492 Z-4.000 F800.0
G01 X-39.305 Y-12.992 Z-4.000 F800.0
G01 X-39.305 Y-13.493 Z-4.000 F800.0
G01 X-39.305 Y-13.993 Z-4.000 F800.0
G01 X-39.305 Y-14.494 Z-4.000 F800.0
G01 X-39.305 Y-14.994 Z-4.000 F800.0
G01 X-39.305 Y-15.495 Z-4.000 F800.0
G01 X-39.305 Y-15.996 Z-4.000 F800.0
G01 X-39.305 Y-16.496 Z-4.000 F800.0
G01 X-39.305 Y-16.997 Z-4.000 F800.0
G01 X-39.305 Y-17.497 Z-4.000 F800.0
G01 X-39.305 Y-17.998 Z-4.000 F800.0
G01 X-39.305 Y-18.498 Z-4.000 F800.0
G01 X-39.305 Y-18.999 Z-4.000 F800.0
G01 X-39.305 Y-19.499 Z-4.000 F800.0
G01 X-39.305 Y-20.000 Z-4.000 F800.0
G00 X-39.305 Y-20.000 Z50.000
G00 X-39.305 Y-20.000 Z50.000
G01 Z-5.000 F200.0
G01 X-38.804 Y-20.000 Z-5.000 F800.0
G01 X-38.304 Y-20.000 Z-5.000 F800.0
G01 X-37.803 Y-20.000 Z-5.000 F800.0
G01 X-37.303 Y-20.000 Z-5.000 F800.0
G01 X-36.802 Y-20.000 Z-5.000 F800.0
G01 X-36.302 Y-20.000 Z-5.000 F800.0
G01 X-35.801 Y-20.000 Z-5.000 F800.0
G01 X-35.301 Y-20.000 Z-5.000 F800.0
G01 X-34.800 Y-20.000 Z-5.000 F800.0
G01 X-34.299 Y-20.000 Z-5.000 F800.0
G01 X-33.799 Y-20.000 Z-5.000 F800.0
G01 X-33.298 Y-20.000 Z-5.000 F800.0
G01 X-32.798 Y-20.000 Z-5.000 F800.0
G01 X-32.297 Y-20.000 Z-5.000 F800.0
G01 X-31.797 Y-20.000 Z-5.000 F800.0
G01 X-31.296 Y-20.000 Z-5.000 F800.0
G01 X-30.796 Y-20.000 Z-5.000 F800.0
G01 X-30.295 Y-20.000 Z-5.000 F800.0
G01 X-29.794 Y-20.000 Z-5.000 F800.0
G01 X-29.294 Y-20.000 Z-5.000 F800.0
G01 X-28.793 Y-20.000 Z-5.000 F800.0
G01 X-28.293 Y-20.000 Z-5.000 F800.0
G01 X-27.792 Y-20.000 Z-5.000 F800.0
G01 X-27.292 Y-20.000 Z-5.000 F800.0
G01 X-26.791 Y-20.000 Z-5.000 F800.0
G01 X-26.291 Y-20.000 Z-5.000 F800.0
G01 X-25.790 Y-20.000 Z-5.000 F800.0
G01 X-25.414 Y-20.257 Z-5.000 F800.0
G01 X-25.099 Y-20.646 Z-5.000 F800.0
G01 X-24.778 Y-21.031 Z-5.000 F800.0
G01 X-24.451 Y-21.410 Z-5.000 F800.0
G01 X-24.119 Y-21.784 Z-5.000 F800.0
G01 X-23.781 Y-22.153 Z-5.000 F800.0
G01 X-23.437 Y-22.516 Z-5.000 F800.0
G01 X-23.087 Y-22.874 Z-5.000 F800.0
G01 X-22.732 Y-23.227 Z-5.000 F800.0
G01 X-22.371 Y-23.575 Z-5.000 F800.0
G01 X-22.006 Y-23.916 Z-5.000 F800.0
G01 X-21.635 Y-24.253 Z-5.000 F800.0
G01 X-21.259 Y-24.583 Z-5.000 F800.0
G01 X-20.878 Y-24.907 Z-5.000 F800.0
G01 X-20.492 Y-25.226 Z-5.000 F800.0
G01 X-20.101 Y-25.539 Z-5.000 F800.0
G01 X-19.705 Y-25.845 Z-5.000 F800.0
G01 X-19.305 Y-26.145 Z-5.000 F800.0
G01 X-18.900 Y-26.440 Z-5.000 F800.0
G01 X-18.490 Y-26.728 Z-5.000 F800.0
G01 X-18.076 Y-27.009 Z-5.000 F800.0
G01 X-17.658 Y-27.284 Z-5.000 F800.0
G01 X-17.236 Y-27.553 Z-5.000 F800.0
G01 X-16.809 Y-27.815 Z-5.000 F800.0
G01 X-16.379 Y-28.071 Z-5.000 F800.0
G01 X-15.945 Y-28.320 Z-5.000 F800.0
G01 X-15.507 Y-28.562 Z-5.000 F800.0
G01 X-15.065 Y-28.797 Z-5.000 F800.0
G01 X-14.620 Y-29.026 Z-5.000 F800.0
G01 X-14.171 Y-29.248 Z-5.000 F800.0
G01 X-13.719 Y-29.463 Z-5.000 F800.0
G01 X-13.263 Y-29.670 Z-5.000 F800.0
G01 X-12.805 Y-29.871 Z-5.000 F800.0
G01 X-12.343 Y-30.065 Z-5.000 F800.0
G01 X-11.879 Y-30.251 Z-5.000 F800.0
G01 X-11.412 Y-30.431 Z-5.000 F800.0
G01 X-10.942 Y-30.603 Z-5.000 F800.0
G01 X-10.469 Y-30.768 Z-5.000 F800.0
G01 X-9.994 Y-30.925 Z-5.000 F800.0
G01 X-9.516 Y-31.076 Z-5.000 F800.0
G01 X-9.037 Y-31.218 Z-5.000 F800.0
G01 X-8.555 Y-31.354 Z-5.000 F800.0
G01 X-8.071 Y-31.482 Z-5.000 F800.0
G01 X-7.585 Y-31.602 Z-5.000 F800.0
G01 X-7.097 Y-31.716 Z-5.000 F800.0
G01 X-6.608 Y-31.821 Z-5.000 F800.0
G01 X-6.117 Y-31.919 Z-5.000 F800.0
G01 X-5.625 Y-32.010 Z-5.000 F800.0
G01 X-5.131 Y-32.092 Z-5.000 F800.0
G01 X-4.636 Y-32.168 Z-5.000 F800.0
G01 X-4.141 Y-32.235 Z-5.000 F800.0
G01 X-3.644 Y-32.295 Z-5.000 F800.0
G01 X-3.146 Y-32.347 Z-5.000 F800.0
G01 X-2.647 Y-32.392 Z-5.000 F800.0
G01 X-2.148 Y-32.429 Z-5.000 F800.0
G01 X-1.648 Y-32.458 Z-5.000 F800.0
G01 X-1.148 Y-32.480 Z-5.000 F800.0
G01 X-0.648 Y-32.494 Z-5.000 F800.0
G01 X-0.147 Y-32.500 Z-5.000 F800.0
G01 X0.353 Y-32.498 Z-5.000 F800.0
G01 X0.854 Y-32.489 Z-5.000 F800.0
G01 X1.354 Y-32.472 Z-5.000 F800.0
G01 X1.854 Y-32.447 Z-5.000 F800.0
G01 X2.353 Y-32.415 Z-5.000 F800.0
G01 X2.852 Y-32.375 Z-5.000 F800.0
G01 X3.351 Y-32.327 Z-5.000 F800.0
G01 X3.848 Y-32.271 Z-5.000 F800.0
G01 X4.345 Y-32.208 Z-5.000 F800.0
G01 X4.840 Y-32.138 Z-5.000 F800.0
G01 X5.335 Y-32.059 Z-5.000 F800.0
G01 X5.828 Y-31.973 Z-5.000 F800.0
G01 X6.319 Y-31.880 Z-5.000 F800.0
G01 X6.810 Y-31.779 Z-5.000 F800.0
G01 X7.298 Y-31.670 Z-5.000 F800.0
G01 X7.785 Y-31.554 Z-5.000 F800.0
G01 X8.270 Y-31.430 Z-5.000 F800.0
G01 X8.753 Y-31.299 Z-5.000 F800.0
G01 X9.234 Y-31.161 Z-5.000 F800.0
G01 X9.713 Y-31.015 Z-5.000 F800.0
G01 X10.190 Y-30.861 Z-5.000 F800.0
G01 X10.664 Y-30.701 Z-5.000 F800.0
G01 X11.135 Y-30.533 Z-5.000 F800.0
G01 X11.604 Y-30.358 Z-5.000 F800.0
G01 X12.070 Y-30.175 Z-5.000 F800.0
G01 X12.534 Y-29.986 Z-5.000 F800.0
G01 X12.994 Y-29.789 Z-5.000 F800.0
G01 X13.451 Y-29.586 Z-5.000 F800.0
G01 X13.905 Y-29.375 Z-5.000 F800.0
G01 X14.356 Y-29.157 Z-5.000 F800.0
G01 X14.803 Y-28.933 Z-5.000 F800.0
G01 X15.247 Y-28.701 Z-5.000 F800.0
G01 X15.687 Y-28.463 Z-5.000 F800.0
G01 X16.124 Y-28.218 Z-5.000 F800.0
G01 X16.557 Y-27.967 Z-5.000 F800.0
G01 X16.985 Y-27.708 Z-5.000 F800.0
G01 X17.410 Y-27.443 Z-5.000 F800.0
G01 X17.831 Y-27.172 Z-5.000 F800.0
G01 X18.247 Y-26.894 Z-5.000 F800.0
G01 X18.659 Y-26.610 Z-5.000 F800.0
G01 X19.067 Y-26.319 Z-5.000 F800.0
G01 X19.470 Y-26.023 Z-5.000 F800.0
G01 X19.868 Y-25.720 Z-5.000 F800.0
G01 X20.262 Y-25.411 Z-5.000 F800.0
G01 X20.651 Y-25.096 Z-5.000 F800.0
G01 X21.035 Y-24.775 Z-5.000 F800.0
G01 X21.414 Y-24.448 Z-5.000 F800.0
G01 X21.788 Y-24.115 Z-5.000 F800.0
G01 X22.157 Y-23.777 Z-5.000 F800.0
G01 X22.520 Y-23.433 Z-5.000 F800.0
G01 X22.879 Y-23.083 Z-5.000 F800.0
G01 X23.231 Y-22.728 Z-5.000 F800.0
G01 X23.579 Y-22.367 Z-5.000 F800.0
G01 X23.920 Y-22.002 Z-5.000 F800.0
G01 X24.256 Y-21.631 Z-5.000 F800.0
G01 X24.587 Y-21.254 Z-5.000 F800.0
G01 X24.911 Y-20.873 Z-5.000 F800.0
G01 X25.230 Y-20.487 Z-5.000 F800.0
G01 X25.542 Y-20.096 Z-5.000 F800.0
G01 X25.996 Y-20.000 Z-5.000 F800.0
G01 X26.496 Y-20.000 Z-5.000 F800.0
G01 X26.997 Y-20.000 Z-5.000 F800.0
G01 X27.498 Y-20.000 Z-5.000 F800.0
G01 X27.998 Y-20.000 Z-5.000 F800.0
G01 X28.499 Y-20.000 Z-5.000 F800.0
G01 X28.999 Y-20.000 Z-5.000 F800.0
G01 X29.500 Y-20.000 Z-5.000 F800.0
G01 X30.000 Y-20.000 Z-5.000 F800.0
G01 X30.501 Y-20.000 Z-5.000 F800.0
G01 X31.001 Y-20.000 Z-5.000 F800.0
G01 X31.502 Y-20.000 Z-5.000 F800.0
G01 X32.003 Y-20.000 Z-5.000 F800.0
G01 X32.503 Y-20.000 Z-5.000 F800.0
G01 X33.004 Y-20.000 Z-5.000 F800.0
G01 X33.504 Y-20.000 Z-5.000 F800.0
G01 X34.005 Y-20.000 Z-5.000 F800.0
G01 X34.505 Y-20.000 Z-5.000 F800.0
G01 X35.006 Y-20.000 Z-5.000 F800.0
G01 X35.506 Y-20.000 Z-5.000 F800.0
G01 X36.007 Y-20.000 Z-5.000 F800.0
G01 X36.508 Y-20.000 Z-5.000 F800.0
G01 X37.008 Y-20.000 Z-5.000 F800.0
G01 X37.509 Y-20.000 Z-5.000 F800.0
G01 X38.009 Y-20.000 Z-5.000 F800.0
G01 X38.510 Y-20.000 Z-5.000 F800.0
G01 X39.010 Y-20.000 Z-5.000 F800.0
G01 X39.305 Y-19.794 Z-5.000 F800.0
G01 X39.305 Y-19.294 Z-5.000 F800.0
G01 X39.305 Y-18.793 Z-5.000 F800.0
G01 X39.305 Y-18.292 Z-5.000 F800.0
G01 X39.305 Y-17.792 Z-5.000 F800.0
G01 X39.305 Y-17.291 Z-5.000 F800.0
G01 X39.305 Y-16.791 Z-5.000 F800.0
G01 X39.305 Y-16.290 Z-5.000 F800.0
G01 X39.305 Y-15.790 Z-5.000 F800.0
G01 X39.305 Y-15.289 Z-5.000 F800.0
G01 X39.305 Y-14.789 Z-5.000 F800.0
G01 X39.305 Y-14.288 Z-5.000 F800.0
G01 X39.305 Y-13.787 Z-5.000 F800.0
G01 X39.305 Y-13.287 Z-5.000 F800.0
G01 X39.305 Y-12.786 Z-5.000 F800.0
G01 X39.305 Y-12.286 Z-5.000 F800.0
G01 X39.305 Y-11.785 Z-5.000 F800.0
G01 X39.305 Y-11.285 Z-5.000 F800.0
G01 X39.305 Y-10.784 Z-5.000 F800.0
G01 X39.305 Y-10.284 Z-5.000 F800.0
G01 X39.305 Y-9.783 Z-5.000 F800.0
G01 X39.305 Y-9.282 Z-5.000 F800.0
G01 X39.305 Y-8.782 Z-5.000 F800.0
G01 X39.305 Y-8.281 Z-5.000 F800.0
G01 X39.305 Y-7.781 Z-5.000 F800.0
G01 X39.305 Y-7.280 Z-5.000 F800.0
G01 X39.305 Y-6.780 Z-5.000 F800.0
G01 X39.305 Y-6.279 Z-5.000 F800.0
G01 X39.305 Y-5.779 Z-5.000 F800.0
G01 X39.305 Y-5.278 Z-5.000 F800.0
G01 X39.305 Y-4.777 Z-5.000 F800.0
G01 X39.305 Y-4.277 Z-5.000 F800.0
G01 X39.305 Y-3.776 Z-5.000 F800.0
G01 X39.305 Y-3.276 Z-5.000 F800.0
G01 X39.305 Y-2.775 Z-5.000 F800.0
G01 X39.305 Y-2.275 Z-5.000 F800.0
G01 X39.305 Y-1.774 Z-5.000 F800.0
G01 X39.305 Y-1.274 Z-5.000 F800.0
G01 X39.305 Y-0.773 Z-5.000 F800.0
G01 X39.305 Y-0.272 Z-5.000 F800.0
G01 X39.305 Y0.228 Z-5.000 F800.0
G01 X39.305 Y0.729 Z-5.000 F800.0
G01 X39.305 Y1.229 Z-5.000 F800.0
G01 X39.305 Y1.730 Z-5.000 F800.0
G01 X39.305 Y2.230 Z-5.000 F800.0
G01 X39.305 Y2.731 Z-5.000 F800.0
G01 X39.305 Y3.231 Z-5.000 F800.0
G01 X39.305 Y3.732 Z-5.000 F800.0
G01 X39.305 Y4.233 Z-5.000 F800.0
G01 X39.305 Y4.733 Z-5.000 F800.0
G01 X39.305 Y5.234 Z-5.000 F800.0
G01 X39.305 Y5.734 Z-5.000 F800.0
G01 X39.305 Y6.235 Z-5.000 F800.0
G01 X39.305 Y6.735 Z-5.000 F800.0
G01 X39.305 Y7.236 Z-5.000 F800.0
G01 X39.305 Y7.736 Z-5.000 F800.0
G01 X39.305 Y8.237 Z-5.000 F800.0
G01 X39.305 Y8.738 Z-5.000 F800.0
G01 X39.305 Y9.238 Z-5.000 F800.0
G01 X39.305 Y9.739 Z-5.000 F800.0
G01 X39.305 Y10.239 Z-5.000 F800.0
G01 X39.305 Y10.740 Z-5.000 F800.0
G01 X39.305 Y11.240 Z-5.000 F800.0
G01 X39.305 Y11.741 Z-5.000 F800.0
G01 X39.305 Y12.241 Z-5.000 F800.0
G01 X39.305 Y12.742 Z-5.000 F800.0
G01 X39.305 Y13.243 Z-5.000 F800.0
G01 X39.305 Y13.743 Z-5.000 F800.0
G01 X39.305 Y14.244 Z-5.000 F800.0
G01 X39.305 Y14.744 Z-5.000 F800.0
G01 X39.305 Y15.245 Z-5.000 F800.0
G01 X39.305 Y15.745 Z-5.000 F800.0
G01 X39.305 Y16.246 Z-5.000 F800.0
G01 X39.305 Y16.746 Z-5.000 F800.0
G01 X39.305 Y17.247 Z-5.000 F800.0
G01 X39.305 Y17.748 Z-5.000 F800.0
G01 X39.305 Y18.248 Z-5.000 F800.0
G01 X39.305 Y18.749 Z-5.000 F800.0
G01 X39.305 Y19.249 Z-5.000 F800.0
G01 X39.305 Y19.750 Z-5.000 F800.0
G01 X39.055 Y20.000 Z-5.000 F800.0
G01 X38.554 Y20.000 Z-5.000 F800.0
G01 X38.054 Y20.000 Z-5.000 F800.0
G01 X37.553 Y20.000 Z-5.000 F800.0
G01 X37.053 Y20.000 Z-5.000 F800.0
G01 X36.552 Y20.000 Z-5.000 F800.0
G01 X36.051 Y20.000 Z-5.000 F800.0
G01 X35.551 Y20.000 Z-5.000 F800.0
G01 X35.050 Y20.000 Z-5.000 F800.0
G01 X34.550 Y20.000 Z-5.000 F800.0
G01 X34.049 Y20.000 Z-5.000 F800.0
G01 X33.549 Y20.000 Z-5.000 F800.0
G01 X33.048 Y20.000 Z-5.000 F800.0
G01 X32.548 Y20.000 Z-5.000 F800.0
G01 X32.047 Y20.000 Z-5.000 F800.0
G01 X31.546 Y20.000 Z-5.000 F800.0
G01 X31.046 Y20.000 Z-5.000 F800.0
G01 X30.545 Y20.000 Z-5.000 F800.0
G01 X30.045 Y20.000 Z-5.000 F800.0
G01 X29.544 Y20.000 Z-5.000 F800.0
G01 X29.044 Y20.000 Z-5.000 F800.0
G01 X28.543 Y20.000 Z-5.000 F800.0
G01 X28.043 Y20.000 Z-5.000 F800.0
G01 X27.542 Y20.000 Z-5.000 F800.0
G01 X27.041 Y20.000 Z-5.000 F800.0
G01 X26.541 Y20.000 Z-5.000 F800.0
G01 X26.040 Y20.000 Z-5.000 F800.0
G01 X25.570 Y20.061 Z-5.000 F800.0
G01 X25.258 Y20.453 Z-5.000 F800.0
G01 X24.940 Y20.839 Z-5.000 F800.0
G01 X24.616 Y21.221 Z-5.000 F800.0
G01 X24.286 Y21.597 Z-5.000 F800.0
G01 X23.950 Y21.969 Z-5.000 F800.0
G01 X23.609 Y22.335 Z-5.000 F800.0
G01 X23.262 Y22.696 Z-5.000 F800.0
G01 X22.910 Y23.052 Z-5.000 F800.0
G01 X22.552 Y23.402 Z-5.000 F800.0
G01 X22.189 Y23.746 Z-5.000 F800.0
G01 X21.821 Y24.085 Z-5.000 F800.0
G01 X21.447 Y24.418 Z-5.000 F800.0
G01 X21.069 Y24.746 Z-5.000 F800.0
G01 X20.685 Y25.067 Z-5.000 F800.0
G01 X20.297 Y25.383 Z-5.000 F800.0
G01 X19.903 Y25.693 Z-5.000 F800.0
G01 X19.505 Y25.996 Z-5.000 F800.0
G01 X19.103 Y26.293 Z-5.000 F800.0
G01 X18.695 Y26.584 Z-5.000 F800.0
G01 X18.284 Y26.869 Z-5.000 F800.0
G01 X17.868 Y27.148 Z-5.000 F800.0
G01 X17.448 Y27.420 Z-5.000 F800.0
G01 X17.023 Y27.685 Z-5.000 F800.0
G01 X16.595 Y27.944 Z-5.000 F800.0
G01 X16.162 Y28.196 Z-5.000 F800.0
G01 X15.726 Y28.442 Z-5.000 F800.0
G01 X15.286 Y28.681 Z-5.000 F800.0
G01 X14.843 Y28.913 Z-5.000 F800.0
G01 X14.396 Y29.138 Z-5.000 F800.0
G01 X13.945 Y29.356 Z-5.000 F800.0
G01 X13.492 Y29.567 Z-5.000 F800.0
G01 X13.035 Y29.772 Z-5.000 F800.0
G01 X12.575 Y29.969 Z-5.000 F800.0
G01 X12.112 Y30.159 Z-5.000 F800.0
G01 X11.646 Y30.342 Z-5.000 F800.0
G01 X11.177 Y30.518 Z-5.000 F800.0
G01 X10.706 Y30.686 Z-5.000 F800.0
G01 X10.232 Y30.847 Z-5.000 F800.0
G01 X9.755 Y31.001 Z-5.000 F800.0
G01 X9.277 Y31.148 Z-5.000 F800.0
G01 X8.796 Y31.287 Z-5.000 F800.0
G01 X8.313 Y31.419 Z-5.000 F800.0
G01 X7.828 Y31.543 Z-5.000 F800.0
G01 X7.341 Y31.660 Z-5.000 F800.0
G01 X6.853 Y31.769 Z-5.000 F800.0
G01 X6.363 Y31.871 Z-5.000 F800.0
G01 X5.871 Y31.965 Z-5.000 F800.0
G01 X5.378 Y32.052 Z-5.000 F800.0
G01 X4.884 Y32.131 Z-5.000 F800.0
G01 X4.389 Y32.202 Z-5.000 F800.0
G01 X3.892 Y32.266 Z-5.000 F800.0
G01 X3.395 Y32.322 Z-5.000 F800.0
G01 X2.897 Y32.371 Z-5.000 F800.0
G01 X2.398 Y32.411 Z-5.000 F800.0
G01 X1.898 Y32.445 Z-5.000 F800.0
G01 X1.398 Y32.470 Z-5.000 F800.0
G01 X0.898 Y32.488 Z-5.000 F800.0
G01 X0.398 Y32.498 Z-5.000 F800.0
G01 X-0.103 Y32.500 Z-5.000 F800.0
G01 X-0.603 Y32.494 Z-5.000 F800.0
G01 X-1.104 Y32.481 Z-5.000 F800.0
G01 X-1.604 Y32.460 Z-5.000 F800.0
G01 X-2.104 Y32.432 Z-5.000 F800.0
G01 X-2.603 Y32.396 Z-5.000 F800.0
G01 X-3.102 Y32.352 Z-5.000 F800.0
G01 X-3.599 Y32.300 Z-5.000 F800.0
G01 X-4.096 Y32.241 Z-5.000 F800.0
G01 X-4.593 Y32.174 Z-5.000 F800.0
G01 X-5.087 Y32.099 Z-5.000 F800.0
G01 X-5.581 Y32.017 Z-5.000 F800.0
G01 X-6.074 Y31.927 Z-5.000 F800.0
G01 X-6.565 Y31.830 Z-5.000 F800.0
G01 X-7.054 Y31.725 Z-5.000 F800.0
G01 X-7.542 Y31.613 Z-5.000 F800.0
G01 X-8.028 Y31.493 Z-5.000 F800.0
G01 X-8.512 Y31.366 Z-5.000 F800.0
G01 X-8.994 Y31.231 Z-5.000 F800.0
G01 X-9.474 Y31.089 Z-5.000 F800.0
G01 X-9.952 Y30.939 Z-5.000 F800.0
G01 X-10.427 Y30.782 Z-5.000 F800.0
G01 X-10.900 Y30.618 Z-5.000 F800.0
G01 X-11.370 Y30.446 Z-5.000 F800.0
G01 X-11.838 Y30.268 Z-5.000 F800.0
G01 X-12.302 Y30.082 Z-5.000 F800.0
G01 X-12.764 Y29.889 Z-5.000 F800.0
G01 X-13.223 Y29.688 Z-5.000 F800.0
G01 X-13.679 Y29.481 Z-5.000 F800.0
G01 X-14.131 Y29.267 Z-5.000 F800.0
G01 X-14.580 Y29.046 Z-5.000 F800.0
G01 X-15.026 Y28.818 Z-5.000 F800.0
G01 X-15.468 Y28.583 Z-5.000 F800.0
G01 X-15.906 Y28.342 Z-5.000 F800.0
G01 X-16.341 Y28.093 Z-5.000 F800.0
G01 X-16.771 Y27.838 Z-5.000 F800.0
G01 X-17.198 Y27.577 Z-5.000 F800.0
G01 X-17.621 Y27.309 Z-5.000 F800.0
G01 X-18.039 Y27.034 Z-5.000 F800.0
G01 X-18.454 Y26.753 Z-5.000 F800.0
G01 X-18.863 Y26.465 Z-5.000 F800.0
G01 X-19.269 Y26.172 Z-5.000 F800.0
G01 X-19.670 Y25.872 Z-5.000 F800.0
G01 X-20.066 Y25.566 Z-5.000 F800.0
G01 X-20.457 Y25.254 Z-5.000 F800.0
G01 X-20.844 Y24.936 Z-5.000 F800.0
G01 X-21.225 Y24.612 Z-5.000 F800.0
G01 X-21.602 Y24.282 Z-5.000 F800.0
G01 X-21.973 Y23.946 Z-5.000 F800.0
G01 X-22.339 Y23.605 Z-5.000 F800.0
G01 X-22.700 Y23.258 Z-5.000 F800.0
G01 X-23.056 Y22.906 Z-5.000 F800.0
G01 X-23.406 Y22.548 Z-5.000 F800.0
G01 X-23.750 Y22.185 Z-5.000 F800.0
G01 X-24.089 Y21.817 Z-5.000 F800.0
G01 X-24.422 Y21.443 Z-5.000 F800.0
G01 X-24.750 Y21.064 Z-5.000 F800.0
G01 X-25.071 Y20.681 Z-5.000 F800.0
G01 X-25.387 Y20.292 Z-5.000 F800.0
G01 X-25.746 Y20.000 Z-5.000 F800.0
G01 X-26.246 Y20.000 Z-5.000 F800.0
G01 X-26.747 Y20.000 Z-5.000 F800.0
G01 X-27.247 Y20.000 Z-5.000 F800.0
G01 X-27.748 Y20.000 Z-5.000 F800.0
G01 X-28.248 Y20.000 Z-5.000 F800.0
G01 X-28.749 Y20.000 Z-5.000 F800.0
G01 X-29.249 Y20.000 Z-5.000 F800.0
G01 X-29.750 Y20.000 Z-5.000 F800.0
G01 X-30.251 Y20.000 Z-5.000 F800.0
G01 X-30.751 Y20.000 Z-5.000 F800.0
G01 X-31.252 Y20.000 Z-5.000 F800.0
G01 X-31.752 Y20.000 Z-5.000 F800.0
G01 X-32.253 Y20.000 Z-5.000 F800.0
G01 X-32.753 Y20.000 Z-5.000 F800.0
G01 X-33.254 Y20.000 Z-5.000 F800.0
G01 X-33.754 Y20.000 Z-5.000 F800.0
G01 X-34.255 Y20.000 Z-5.000 F800.0
G01 X-34.756 Y20.000 Z-5.000 F800.0
G01 X-35.256 Y20.000 Z-5.000 F800.0
G01 X-35.757 Y20.000 Z-5.000 F800.0
G01 X-36.257 Y20.000 Z-5.000 F800.0
G01 X-36.758 Y20.000 Z-5.000 F800.0
G01 X-37.258 Y20.000 Z-5.000 F800.0
G01 X-37.759 Y20.000 Z-5.000 F800.0
G01 X-38.259 Y20.000 Z-5.000 F800.0
G01 X-38.760 Y20.000 Z-5.000 F800.0
G01 X-39.261 Y20.000 Z-5.000 F800.0
G01 X-39.305 Y19.544 Z-5.000 F800.0
G01 X-39.305 Y19.043 Z-5.000 F800.0
G01 X-39.305 Y18.543 Z-5.000 F800.0
G01 X-39.305 Y18.042 Z-5.000 F800.0
G01 X-39.305 Y17.542 Z-5.000 F800.0
G01 X-39.305 Y17.041 Z-5.000 F800.0
G01 X-39.305 Y16.541 Z-5.000 F800.0
G01 X-39.305 Y16.040 Z-5.000 F800.0
G01 X-39.305 Y15.539 Z-5.000 F800.0
G01 X-39.305 Y15.039 Z-5.000 F800.0
G01 X-39.305 Y14.538 Z-5.000 F800.0
G01 X-39.305 Y14.038 Z-5.000 F800.0
G01 X-39.305 Y13.537 Z-5.000 F800.0
G01 X-39.305 Y13.037 Z-5.000 F800.0
G01 X-39.305 Y12.536 Z-5.000 F800.0
G01 X-39.305 Y12.036 Z-5.000 F800.0
G01 X-39.305 Y11.535 Z-5.000 F800.0
G01 X-39.305 Y11.034 Z-5.000 F800.0
G01 X-39.305 Y10.534 Z-5.000 F800.0
G01 X-39.305 Y10.033 Z-5.000 F800.0
G01 X-39.305 Y9.533 Z-5.000 F800.0
G01 X-39.305 Y9.032 Z-5.000 F800.0
G01 X-39.305 Y8.532 Z-5.000 F800.0
G01 X-39.305 Y8.031 Z-5.000 F800.0
G01 X-39.305 Y7.531 Z-5.000 F800.0
G01 X-39.305 Y7.030 Z-5.000 F800.0
G01 X-39.305 Y6.529 Z-5.000 F800.0
G01 X-39.305 Y6.029 Z-5.000 F800.0
G01 X-39.305 Y5.528 Z-5.000 F800.0
G01 X-39.305 Y5.028 Z-5.000 F800.0
G01 X-39.305 Y4.527 Z-5.000 F800.0
G01 X-39.305 Y4.027 Z-5.000 F800.0
G01 X-39.305 Y3.526 Z-5.000 F800.0
G01 X-39.305 Y3.026 Z-5.000 F800.0
G01 X-39.305 Y2.525 Z-5.000 F800.0
G01 X-39.305 Y2.024 Z-5.000 F800.0
G01 X-39.305 Y1.524 Z-5.000 F800.0
G01 X-39.305 Y1.023 Z-5.000 F800.0
G01 X-39.305 Y0.523 Z-5.000 F800.0
G01 X-39.305 Y0.022 Z-5.000 F800.0
G01 X-39.305 Y-0.478 Z-5.000 F800.0
G01 X-39.305 Y-0.979 Z-5.000 F800.0
G01 X-39.305 Y-1.479 Z-5.000 F800.0
G01 X-39.305 Y-1.980 Z-5.000 F800.0
G01 X-39.305 Y-2.481 Z-5.000 F800.0
G01 X-39.305 Y-2.981 Z-5.000 F800.0
G01 X-39.305 Y-3.482 Z-5.000 F800.0
G01 X-39.305 Y-3.982 Z-5.000 F800.0
G01 X-39.305 Y-4.483 Z-5.000 F800.0
G01 X-39.305 Y-4.983 Z-5.000 F800.0
G01 X-39.305 Y-5.484 Z-5.000 F800.0
G01 X-39.305 Y-5.984 Z-5.000 F800.0
G01 X-39.305 Y-6.485 Z-5.000 F800.0
G01 X-39.305 Y-6.986 Z-5.000 F800.0
G01 X-39.305 Y-7.486 Z-5.000 F800.0
G01 X-39.305 Y-7.987 Z-5.000 F800.0
G01 X-39.305 Y-8.487 Z-5.000 F800.0
G01 X-39.305 Y-8.988 Z-5.000 F800.0
G01 X-39.305 Y-9.488 Z-5.000 F800.0
G01 X-39.305 Y-9.989 Z-5.000 F800.0
G01 X-39.305 Y-10.489 Z-5.000 F800.0
G01 X-39.305 Y-10.990 Z-5.000 F800.0
G01 X-39.305 Y-11.491 Z-5.000 F800.0
G01 X-39.305 Y-11.991 Z-5.000 F800.0
G01 X-39.305 Y-12.492 Z-5.000 F800.0
G01 X-39.305 Y-12.992 Z-5.000 F800.0
G01 X-39.305 Y-13.493 Z-5.000 F800.0
G01 X-39.305 Y-13.993 Z-5.000 F800.0
G01 X-39.305 Y-14.494 Z-5.000 F800.0
G01 X-39.305 Y-14.994 Z-5.000 F800.0
G01 X-39.305 Y-15.495 Z-5.000 F800.0
G01 X-39.305 Y-15.996 Z-5.000 F800.0
G01 X-39.305 Y-16.496 Z-5.000 F800.0
G01 X-39.305 Y-16.997 Z-5.000 F800.0
G01 X-39.305 Y-17.497 Z-5.000 F800.0
G01 X-39.305 Y-17.998 Z-5.000 F800.0
G01 X-39.305 Y-18.498 Z-5.000 F800.0
G01 X-39.305 Y-18.999 Z-5.000 F800.0
G01 X-39.305 Y-19.499 Z-5.000 F800.0
G01 X-39.305 Y-20.000 Z-5.000 F800.0
G00 X-39.305 Y-20.000 Z50.000
G00 X-39.305 Y20.000 Z50.000
G01 Z-1.000 F200.0
G01 X-39.305 Y19.499 Z-1.000 F800.0
G01 X-39.305 Y18.999 Z-1.000 F800.0
G01 X-39.305 Y18.498 Z-1.000 F800.0
G01 X-39.305 Y17.998 Z-1.000 F800.0
G01 X-39.305 Y17.497 Z-1.000 F800.0
G01 X-39.305 Y16.997 Z-1.000 F800.0
G01 X-39.305 Y16.496 Z-1.000 F800.0
G01 X-39.305 Y15.996 Z-1.000 F800.0
G01 X-39.305 Y15.495 Z-1.000 F800.0
G01 X-39.305 Y14.994 Z-1.000 F800.0
G01 X-39.305 Y14.494 Z-1.000 F800.0
G01 X-39.305 Y13.993 Z-1.000 F800.0
G01 X-39.305 Y13.493 Z-1.000 F800.0
G01 X-39.305 Y12.992 Z-1.000 F800.0
G01 X-39.305 Y12.492 Z-1.000 F800.0
G01 X-39.305 Y11.991 Z-1.000 F800.0
G01 X-39.305 Y11.491 Z-1.000 F800.0
G01 X-39.305 Y10.990 Z-1.000 F800.0
G01 X-39.305 Y10.489 Z-1.000 F800.0
G01 X-39.305 Y9.989 Z-1.000 F800.0
G01 X-39.305 Y9.488 Z-1.000 F800.0
G01 X-39.305 Y8.988 Z-1.000 F800.0
G01 X-39.305 Y8.487 Z-1.000 F800.0
G01 X-39.305 Y7.987 Z-1.000 F800.0
G01 X-39.305 Y7.486 Z-1.000 F800.0
G01 X-39.305 Y6.986 Z-1.000 F800.0
G01 X-39.305 Y6.485 Z-1.000 F800.0
G01 X-39.305 Y5.984 Z-1.000 F800.0
G01 X-39.305 Y5.484 Z-1.000 F800.0
G01 X-39.305 Y4.983 Z-1.000 F800.0
G01 X-39.305 Y4.483 Z-1.000 F800.0
G01 X-39.305 Y3.982 Z-1.000 F800.0
G01 X-39.305 Y3.482 Z-1.000 F800.0
G01 X-39.305 Y2.981 Z-1.000 F800.0
G01 X-39.305 Y2.481 Z-1.000 F800.0
G01 X-39.305 Y1.980 Z-1.000 F800.0
G01 X-39.305 Y1.479 Z-1.000 F800.0
G01 X-39.305 Y0.979 Z-1.000 F800.0
G01 X-39.305 Y0.478 Z-1.000 F800.0
G01 X-39.305 Y-0.022 Z-1.000 F800.0
G01 X-39.305 Y-0.523 Z-1.000 F800.0
G01 X-39.305 Y-1.023 Z-1.000 F800.0
G01 X-39.305 Y-1.524 Z-1.000 F800.0
G01 X-39.305 Y-2.024 Z-1.000 F800.0
G01 X-39.305 Y-2.525 Z-1.000 F800.0
G01 X-39.305 Y-3.026 Z-1.000 F800.0
G01 X-39.305 Y-3.526 Z-1.000 F800.0
G01 X-39.305 Y-4.027 Z-1.000 F800.0
G01 X-39.305 Y-4.527 Z-1.000 F800.0
G01 X-39.305 Y-5.028 Z-1.000 F800.0
G01 X-39.305 Y-5.528 Z-1.000 F800.0
G01 X-39.305 Y-6.029 Z-1.000 F800.0
G01 X-39.305 Y-6.529 Z-1.000 F800.0
G01 X-39.305 Y-7.030 Z-1.000 F800.0
G01 X-39.305 Y-7.531 Z-1.000 F800.0
G01 X-39.305 Y-8.031 Z-1.000 F800.0
G01 X-39.305 Y-8.532 Z-1.000 F800.0
G01 X-39.305 Y-9.032 Z-1.000 F800.0
G01 X-39.305 Y-9.533 Z-1.000 F800.0
G01 X-39.305 Y-10.033 Z-1.000 F800.0
G01 X-39.305 Y-10.534 Z-1.000 F800.0
G01 X-39.305 Y-11.034 Z-1.000 F800.0
G01 X-39.305 Y-11.535 Z-1.000 F800.0
G01 X-39.305 Y-12.036 Z-1.000 F800.0
G01 X-39.305 Y-12.536 Z-1.000 F800.0
G01 X-39.305 Y-13.037 Z-1.000 F800.0
G01 X-39.305 Y-13.537 Z-1.000 F800.0
G01 X-39.305 Y-14.038 Z-1.000 F800.0
G01 X-39.305 Y-14.538 Z-1.000 F800.0
G01 X-39.305 Y-15.039 Z-1.000 F800.0
G01 X-39.305 Y-15.539 Z-1.000 F800.0
G01 X-39.305 Y-16.040 Z-1.000 F800.0
G01 X-39.305 Y-16.541 Z-1.000 F800.0
G01 X-39.305 Y-17.041 Z-1.000 F800.0
G01 X-39.305 Y-17.542 Z-1.000 F800.0
G01 X-39.305 Y-18.042 Z-1.000 F800.0
G01 X-39.305 Y-18.543 Z-1.000 F800.0
G01 X-39.305 Y-19.043 Z-1.000 F800.0
G01 X-39.305 Y-19.544 Z-1.000 F800.0
G01 X-39.261 Y-20.000 Z-1.000 F800.0
G01 X-38.760 Y-20.000 Z-1.000 F800.0
G01 X-38.259 Y-20.000 Z-1.000 F800.0
G01 X-37.759 Y-20.000 Z-1.000 F800.0
G01 X-37.258 Y-20.000 Z-1.000 F800.0
G01 X-36.758 Y-20.000 Z-1.000 F800.0
G01 X-36.257 Y-20.000 Z-1.000 F800.0
G01 X-35.757 Y-20.000 Z-1.000 F800.0
G01 X-35.256 Y-20.000 Z-1.000 F800.0
G01 X-34.756 Y-20.000 Z-1.000 F800.0
G01 X-34.255 Y-20.000 Z-1.000 F800.0
G01 X-33.754 Y-20.000 Z-1.000 F800.0
G01 X-33.254 Y-20.000 Z-1.000 F800.0
G01 X-32.753 Y-20.000 Z-1.000 F800.0
G01 X-32.253 Y-20.000 Z-1.000 F800.0
G01 X-31.752 Y-20.000 Z-1.000 F800.0
G01 X-31.252 Y-20.000 Z-1.000 F800.0
G01 X-30.751 Y-20.000 Z-1.000 F800.0
G01 X-30.251 Y-20.000 Z-1.000 F800.0
G01 X-29.750 Y-20.000 Z-1.000 F800.0
G01 X-29.249 Y-20.000 Z-1.000 F800.0
G01 X-28.749 Y-20.000 Z-1.000 F800.0
G01 X-28.248 Y-20.000 Z-1.000 F800.0
G01 X-27.748 Y-20.000 Z-1.000 F800.0
G01 X-27.247 Y-20.000 Z-1.000 F800.0
G01 X-26.747 Y-20.000 Z-1.000 F800.0
G01 X-26.246 Y-20.000 Z-1.000 F800.0
G01 X-25.746 Y-20.000 Z-1.000 F800.0
G01 X-25.387 Y-20.292 Z-1.000 F800.0
G01 X-25.071 Y-20.681 Z-1.000 F800.0
G01 X-24.750 Y-21.064 Z-1.000 F800.0
G01 X-24.422 Y-21.443 Z-1.000 F800.0
G01 X-24.089 Y-21.817 Z-1.000 F800.0
G01 X-23.750 Y-22.185 Z-1.000 F800.0
G01 X-23.406 Y-22.548 Z-1.000 F800.0
G01 X-23.056 Y-22.906 Z-1.000 F800.0
G01 X-22.700 Y-23.258 Z-1.000 F800.0
G01 X-22.339 Y-23.605 Z-1.000 F800.0
G01 X-21.973 Y-23.946 Z-1.000 F800.0
G01 X-21.602 Y-24.282 Z-1.000 F800.0
G01 X-21.225 Y-24.612 Z-1.000 F800.0
G01 X-20.844 Y-24.936 Z-1.000 F800.0
G01 X-20.457 Y-25.254 Z-1.000 F800.0
G01 X-20.066 Y-25.566 Z-1.000 F800.0
G01 X-19.670 Y-25.872 Z-1.000 F800.0
G01 X-19.269 Y-26.172 Z-1.000 F800.0
G01 X-18.863 Y-26.465 Z-1.000 F800.0
G01 X-18.454 Y-26.753 Z-1.000 F800.0
G01 X-18.039 Y-27.034 Z-1.000 F800.0
G01 X-17.621 Y-27.309 Z-1.000 F800.0
G01 X-17.198 Y-27.577 Z-1.000 F800.0
G01 X-16.771 Y-27.838 Z-1.000 F800.0
G01 X-16.341 Y-28.093 Z-1.000 F800.0
G01 X-15.906 Y-28.342 Z-1.000 F800.0
G01 X-15.468 Y-28.583 Z-1.000 F800.0
G01 X-15.026 Y-28.818 Z-1.000 F800.0
G01 X-14.580 Y-29.046 Z-1.000 F800.0
G01 X-14.131 Y-29.267 Z-1.000 F800.0
G01 X-13.679 Y-29.481 Z-1.000 F800.0
G01 X-13.223 Y-29.688 Z-1.000 F800.0
G01 X-12.764 Y-29.889 Z-1.000 F800.0
G01 X-12.302 Y-30.082 Z-1.000 F800.0
G01 X-11.838 Y-30.268 Z-1.000 F800.0
G01 X-11.370 Y-30.446 Z-1.000 F800.0
G01 X-10.900 Y-30.618 Z-1.000 F800.0
G01 X-10.427 Y-30.782 Z-1.000 F800.0
G01 X-9.952 Y-30.939 Z-1.000 F800.0
G01 X-9.474 Y-31.089 Z-1.000 F800.0
G01 X-8.994 Y-31.231 Z-1.000 F800.0
G01 X-8.512 Y-31.366 Z-1.000 F800.0
G01 X-8.028 Y-31.493 Z-1.000 F800.0
G01 X-7.542 Y-31.613 Z-1.000 F800.0
G01 X-7.054 Y-31.725 Z-1.000 F800.0
G01 X-6.565 Y-31.830 Z-1.000 F800.0
G01 X-6.074 Y-31.927 Z-1.000 F800.0
G01 X-5.581 Y-32.017 Z-1.000 F800.0
G01 X-5.087 Y-32.099 Z-1.000 F800.0
G01 X-4.593 Y-32.174 Z-1.000 F800.0
G01 X-4.096 Y-32.241 Z-1.000 F800.0
G01 X-3.599 Y-32.300 Z-1.000 F800.0
G01 X-3.102 Y-32.352 Z-1.000 F800.0
G01 X-2.603 Y-32.396 Z-1.000 F800.0
G01 X-2.104 Y-32.432 Z-1.000 F800.0
G01 X-1.604 Y-32.460 Z-1.000 F800.0
G01 X-1.104 Y-32.481 Z-1.000 F800.0
G01 X-0.603 Y-32.494 Z-1.000 F800.0
G01 X-0.103 Y-32.500 Z-1.000 F800.0
G01 X0.398 Y-32.498 Z-1.000 F800.0
G01 X0.898 Y-32.488 Z-1.000 F800.0
G01 X1.398 Y-32.470 Z-1.000 F800.0
G01 X1.898 Y-32.445 Z-1.000 F800.0
G01 X2.398 Y-32.411 Z-1.000 F800.0
G01 X2.897 Y-32.371 Z-1.000 F800.0
G01 X3.395 Y-32.322 Z-1.000 F800.0
G01 X3.892 Y-32.266 Z-1.000 F800.0
G01 X4.389 Y-32.202 Z-1.000 F800.0
G01 X4.884 Y-32.131 Z-1.000 F800.0
G01 X5.378 Y-32.052 Z-1.000 F800.0
G01 X5.871 Y-31.965 Z-1.000 F800.0
G01 X6.363 Y-31.871 Z-1.000 F800.0
G01 X6.853 Y-31.769 Z-1.000 F800.0
G01 X7.341 Y-31.660 Z-1.000 F800.0
G01 X7.828 Y-31.543 Z-1.000 F800.0
G01 X8.313 Y-31.419 Z-1.000 F800.0
G01 X8.796 Y-31.287 Z-1.000 F800.0
G01 X9.277 Y-31.148 Z-1.000 F800.0
G01 X9.755 Y-31.001 Z-1.000 F800.0
G01 X10.232 Y-30.847 Z-1.000 F800.0
G01 X10.706 Y-30.686 Z-1.000 F800.0
G01 X11.177 Y-30.518 Z-1.000 F800.0
G01 X11.646 Y-30.342 Z-1.000 F800.0
G01 X12.112 Y-30.159 Z-1.000 F800.0
G01 X12.575 Y-29.969 Z-1.000 F800.0
G01 X13.035 Y-29.772 Z-1.000 F800.0
G01 X13.492 Y-29.567 Z-1.000 F800.0
G01 X13.945 Y-29.356 Z-1.000 F800.0
G01 X14.396 Y-29.138 Z-1.000 F800.0
G01 X14.843 Y-28.913 Z-1.000 F800.0
G01 X15.286 Y-28.681 Z-1.000 F800.0
G01 X15.726 Y-28.442 Z-1.000 F800.0
G01 X16.162 Y-28.196 Z-1.000 F800.0
G01 X16.595 Y-27.944 Z-1.000 F800.0
G01 X17.023 Y-27.685 Z-1.000 F800.0
G01 X17.448 Y-27.420 Z-1.000 F800.0
G01 X17.868 Y-27.148 Z-1.000 F800.0
G01 X18.284 Y-26.869 Z-1.000 F800.0
G01 X18.695 Y-26.584 Z-1.000 F800.0
G01 X19.103 Y-26.293 Z-1.000 F800.0
G01 X19.505 Y-25.996 Z-1.000 F800.0
G01 X19.903 Y-25.693 Z-1.000 F800.0
G01 X20.297 Y-25.383 Z-1.000 F800.0
G01 X20.685 Y-25.067 Z-1.000 F800.0
G01 X21.069 Y-24.746 Z-1.000 F800.0
G01 X21.447 Y-24.418 Z-1.000 F800.0
G01 X21.821 Y-24.085 Z-1.000 F800.0
G01 X22.189 Y-23.746 Z-1.000 F800.0
G01 X22.552 Y-23.402 Z-1.000 F800.0
G01 X22.910 Y-23.052 Z-1.000 F800.0
G01 X23.262 Y-22.696 Z-1.000 F800.0
G01 X23.609 Y-22.335 Z-1.000 F800.0
G01 X23.950 Y-21.969 Z-1.000 F800.0
G01 X24.286 Y-21.597 Z-1.000 F800.0
G01 X24.616 Y-21.221 Z-1.000 F800.0
G01 X24.940 Y-20.839 Z-1.000 F800.0
G01 X25.258 Y-20.453 Z-1.000 F800.0
G01 X25.570 Y-20.061 Z-1.000 F800.0
G01 X26.040 Y-20.000 Z-1.000 F800.0
G01 X26.541 Y-20.000 Z-1.000 F800.0
G01 X27.041 Y-20.000 Z-1.000 F800.0
G01 X27.542 Y-20.000 Z-1.000 F800.0
G01 X28.043 Y-20.000 Z-1.000 F800.0
G01 X28.543 Y-20.000 Z-1.000 F800.0
G01 X29.044 Y-20.000 Z-1.000 F800.0
G01 X29.544 Y-20.000 Z-1.000 F800.0
G01 X30.045 Y-20.000 Z-1.000 F800.0
G01 X30.545 Y-20.000 Z-1.000 F800.0
G01 X31.046 Y-20.000 Z-1.000 F800.0
G01 X31.546 Y-20.000 Z-1.000 F800.0
G01 X32.047 Y-20.000 Z-1.000 F800.0
G01 X32.548 Y-20.000 Z-1.000 F800.0
G01 X33.048 Y-20.000 Z-1.000 F800.0
G01 X33.549 Y-20.000 Z-1.000 F800.0
G01 X34.049 Y-20.000 Z-1.000 F800.0
G01 X34.550 Y-20.000 Z-1.000 F800.0
G01 X35.050 Y-20.000 Z-1.000 F800.0
G01 X35.551 Y-20.000 Z-1.000 F800.0
G01 X36.051 Y-20.000 Z-1.000 F800.0
G01 X36.552 Y-20.000 Z-1.000 F800.0
G01 X37.053 Y-20.000 Z-1.000 F800.0
G01 X37.553 Y-20.000 Z-1.000 F800.0
G01 X38.054 Y-20.000 Z-1.000 F800.0
G01 X38.554 Y-20.000 Z-1.000 F800.0
G01 X39.055 Y-20.000 Z-1.000 F800.0
G01 X39.305 Y-19.750 Z-1.000 F800.0
G01 X39.305 Y-19.249 Z-1.000 F800.0
G01 X39.305 Y-18.749 Z-1.000 F800.0
G01 X39.305 Y-18.248 Z-1.000 F800.0
G01 X39.305 Y-17.748 Z-1.000 F800.0
G01 X39.305 Y-17.247 Z-1.000 F800.0
G01 X39.305 Y-16.746 Z-1.000 F800.0
G01 X39.305 Y-16.246 Z-1.000 F800.0
G01 X39.305 Y-15.745 Z-1.000 F800.0
G01 X39.305 Y-15.245 Z-1.000 F800.0
G01 X39.305 Y-14.744 Z-1.000 F800.0
G01 X39.305 Y-14.244 Z-1.000 F800.0
G01 X39.305 Y-13.743 Z-1.000 F800.0
G01 X39.305 Y-13.243 Z-1.000 F800.0
G01 X39.305 Y-12.742 Z-1.000 F800.0
G01 X39.305 Y-12.241 Z-1.000 F800.0
G01 X39.305 Y-11.741 Z-1.000 F800.0
G01 X39.305 Y-11.240 Z-1.000 F800.0
G01 X39.305 Y-10.740 Z-1.000 F800.0
G01 X39.305 Y-10.239 Z-1.000 F800.0
G01 X39.305 Y-9.739 Z-1.000 F800.0
G01 X39.305 Y-9.238 Z-1.000 F800.0
G01 X39.305 Y-8.738 Z-1.000 F800.0
G01 X39.305 Y-8.237 Z-1.000 F800.0
G01 X39.305 Y-7.736 Z-1.000 F800.0
G01 X39.305 Y-7.236 Z-1.000 F800.0
G01 X39.305 Y-6.735 Z-1.000 F800.0
G01 X39.305 Y-6.235 Z-1.000 F800.0
G01 X39.305 Y-5.734 Z-1.000 F800.0
G01 X39.305 Y-5.234 Z-1.000 F800.0
G01 X39.305 Y-4.733 Z-1.000 F800.0
G01 X39.305 Y-4.233 Z-1.000 F800.0
G01 X39.305 Y-3.732 Z-1.000 F800.0
G01 X39.305 Y-3.231 Z-1.000 F800.0
G01 X39.305 Y-2.731 Z-1.000 F800.0
G01 X39.305 Y-2.230 Z-1.000 F800.0
G01 X39.305 Y-1.730 Z-1.000 F800.0
G01 X39.305 Y-1.229 Z-1.000 F800.0
G01 X39.305 Y-0.729 Z-1.000 F800.0
G01 X39.305 Y-0.228 Z-1.000 F800.0
G01 X39.305 Y0.272 Z-1.000 F800.0
G01 X39.305 Y0.773 Z-1.000 F800.0
G01 X39.305 Y1.274 Z-1.000 F800.0
G01 X39.305 Y1.774 Z-1.000 F800.0
G01 X39.305 Y2.275 Z-1.000 F800.0
G01 X39.305 Y2.775 Z-1.000 F800.0
G01 X39.305 Y3.276 Z-1.000 F800.0
G01 X39.305 Y3.776 Z-1.000 F800.0
G01 X39.305 Y4.277 Z-1.000 F800.0
G01 X39.305 Y4.777 Z-1.000 F800.0
G01 X39.305 Y5.278 Z-1.000 F800.0
G01 X39.305 Y5.779 Z-1.000 F800.0
G01 X39.305 Y6.279 Z-1.000 F800.0
G01 X39.305 Y6.780 Z-1.000 F800.0
G01 X39.305 Y7.280 Z-1.000 F800.0
G01 X39.305 Y7.781 Z-1.000 F800.0
G01 X39.305 Y8.281 Z-1.000 F800.0
G01 X39.305 Y8.782 Z-1.000 F800.0
G01 X39.305 Y9.282 Z-1.000 F800.0
G01 X39.305 Y9.783 Z-1.000 F800.0
G01 X39.305 Y10.284 Z-1.000 F800.0
G01 X39.305 Y10.784 Z-1.000 F800.0
G01 X39.305 Y11.285 Z-1.000 F800.0
G01 X39.305 Y11.785 Z-1.000 F800.0
G01 X39.305 Y12.286 Z-1.000 F800.0
G01 X39.305 Y12.786 Z-1.000 F800.0
G01 X39.305 Y13.287 Z-1.000 F800.0
G01 X39.305 Y13.787 Z-1.000 F800.0
G01 X39.305 Y14.288 Z-1.000 F800.0
G01 X39.305 Y14.789 Z-1.000 F800.0
G01 X39.305 Y15.289 Z-1.000 F800.0
G01 X39.305 Y15.790 Z-1.000 F800.0
G01 X39.305 Y16.290 Z-1.000 F800.0
G01 X39.305 Y16.791 Z-1.000 F800.0
G01 X39.305 Y17.291 Z-1.000 F800.0
G01 X39.305 Y17.792 Z-1.000 F800.0
G01 X39.305 Y18.292 Z-1.000 F800.0
G01 X39.305 Y18.793 Z-1.000 F800.0
G01 X39.305 Y19.294 Z-1.000 F800.0
G01 X39.305 Y19.794 Z-1.000 F800.0
G01 X39.010 Y20.000 Z-1.000 F800.0
G01 X38.510 Y20.000 Z-1.000 F800.0
G01 X38.009 Y20.000 Z-1.000 F800.0
G01 X37.509 Y20.000 Z-1.000 F800.0
G01 X37.008 Y20.000 Z-1.000 F800.0
G01 X36.508 Y20.000 Z-1.000 F800.0
G01 X36.007 Y20.000 Z-1.000 F800.0
G01 X35.506 Y20.000 Z-1.000 F800.0
G01 X35.006 Y20.000 Z-1.000 F800.0
G01 X34.505 Y20.000 Z-1.000 F800.0
G01 X34.005 Y20.000 Z-1.000 F800.0
G01 X33.504 Y20.000 Z-1.000 F800.0
G01 X33.004 Y20.000 Z-1.000 F800.0
G01 X32.503 Y20.000 Z-1.000 F800.0
G01 X32.003 Y20.000 Z-1.000 F800.0
G01 X31.502 Y20.000 Z-1.000 F800.0
G01 X31.001 Y20.000 Z-1.000 F800.0
G01 X30.501 Y20.000 Z-1.000 F800.0
G01 X30.000 Y20.000 Z-1.000 F800.0
G01 X29.500 Y20.000 Z-1.000 F800.0
G01 X28.999 Y20.000 Z-1.000 F800.0
G01 X28.499 Y20.000 Z-1.000 F800.0
G01 X27.998 Y20.000 Z-1.000 F800.0
G01 X27.498 Y20.000 Z-1.000 F800.0
G01 X26.997 Y20.000 Z-1.000 F800.0
G01 X26.496 Y20.000 Z-1.000 F800.0
G01 X25.996 Y20.000 Z-1.000 F800.0
G01 X25.542 Y20.096 Z-1.000 F800.0
G01 X25.230 Y20.487 Z-1.000 F800.0
G01 X24.911 Y20.873 Z-1.000 F800.0
G01 X24.587 Y21.254 Z-1.000 F800.0
G01 X24.256 Y21.631 Z-1.000 F800.0
G01 X23.920 Y22.002 Z-1.000 F800.0
G01 X23.579 Y22.367 Z-1.000 F800.0
G01 X23.231 Y22.728 Z-1.000 F800.0
G01 X22.879 Y23.083 Z-1.000 F800.0
G01 X22.520 Y23.433 Z-1.000 F800.0
G01 X22.157 Y23.777 Z-1.000 F800.0
G01 X21.788 Y24.115 Z-1.000 F800.0
G01 X21.414 Y24.448 Z-1.000 F800.0
G01 X21.035 Y24.775 Z-1.000 F800.0
G01 X20.651 Y25.096 Z-1.000 F800.0
G01 X20.262 Y25.411 Z-1.000 F800.0
G01 X19.868 Y25.720 Z-1.000 F800.0
G01 X19.470 Y26.023 Z-1.000 F800.0
G01 X19.067 Y26.319 Z-1.000 F800.0
G01 X18.659 Y26.610 Z-1.000 F800.0
G01 X18.247 Y26.894 Z-1.000 F800.0
G01 X17.831 Y27.172 Z-1.000 F800.0
G01 X17.410 Y27.443 Z-1.000 F800.0
G01 X16.985 Y27.708 Z-1.000 F800.0
G01 X16.557 Y27.967 Z-1.000 F800.0
G01 X16.124 Y28.218 Z-1.000 F800.0
G01 X15.687 Y28.463 Z-1.000 F800.0
G01 X15.247 Y28.701 Z-1.000 F800.0
G01 X14.803 Y28.933 Z-1.000 F800.0
G01 X14.356 Y29.157 Z-1.000 F800.0
G01 X13.905 Y29.375 Z-1.000 F800.0
G01 X13.451 Y29.586 Z-1.000 F800.0
G01 X12.994 Y29.789 Z-1.000 F800.0
G01 X12.534 Y29.986 Z-1.000 F800.0
G01 X12.070 Y30.175 Z-1.000 F800.0
G01 X11.604 Y30.358 Z-1.000 F800.0
G01 X11.135 Y30.533 Z-1.000 F800.0
G01 X10.664 Y30.701 Z-1.000 F800.0
G01 X10.190 Y30.861 Z-1.000 F800.0
G01 X9.713 Y31.015 Z-1.000 F800.0
G01 X9.234 Y31.161 Z-1.000 F800.0
G01 X8.753 Y31.299 Z-1.000 F800.0
G01 X8.270 Y31.430 Z-1.000 F800.0
G01 X7.785 Y31.554 Z-1.000 F800.0
G01 X7.298 Y31.670 Z-1.000 F800.0
G01 X6.810 Y31.779 Z-1.000 F800.0
G01 X6.319 Y31.880 Z-1.000 F800.0
G01 X5.828 Y31.973 Z-1.000 F800.0
G01 X5.335 Y32.059 Z-1.000 F800.0
G01 X4.840 Y32.138 Z-1.000 F800.0
G01 X4.345 Y32.208 Z-1.000 F800.0
G01 X3.848 Y32.271 Z-1.000 F800.0
G01 X3.351 Y32.327 Z-1.000 F800.0
G01 X2.852 Y32.375 Z-1.000 F800.0
G01 X2.353 Y32.415 Z-1.000 F800.0
G01 X1.854 Y32.447 Z-1.000 F800.0
G01 X1.354 Y32.472 Z-1.000 F800.0
G01 X0.854 Y32.489 Z-1.000 F800.0
G01 X0.353 Y32.498 Z-1.000 F800.0
G01 X-0.147 Y32.500 Z-1.000 F800.0
G01 X-0.648 Y32.494 Z-1.000 F800.0
G01 X-1.148 Y32.480 Z-1.000 F800.0
G01 X-1.648 Y32.458 Z-1.000 F800.0
G01 X-2.148 Y32.429 Z-1.000 F800.0
G01 X-2.647 Y32.392 Z-1.000 F800.0
G01 X-3.146 Y32.347 Z-1.000 F800.0
G01 X-3.644 Y32.295 Z-1.000 F800.0
G01 X-4.141 Y32.235 Z-1.000 F800.0
G01 X-4.636 Y32.168 Z-1.000 F800.0
G01 X-5.131 Y32.092 Z-1.000 F800.0
G01 X-5.625 Y32.010 Z-1.000 F800.0
G01 X-6.117 Y31.919 Z-1.000 F800.0
G01 X-6.608 Y31.821 Z-1.000 F800.0
G01 X-7.097 Y31.716 Z-1.000 F800.0
G01 X-7.585 Y31.602 Z-1.000 F800.0
G01 X-8.071 Y31.482 Z-1.000 F800.0
G01 X-8.555 Y31.354 Z-1.000 F800.0
G01 X-9.037 Y31.218 Z-1.000 F800.0
G01 X-9.516 Y31.076 Z-1.000 F800.0
G01 X-9.994 Y30.925 Z-1.000 F800.0
G01 X-10.469 Y30.768 Z-1.000 F800.0
G01 X-10.942 Y30.603 Z-1.000 F800.0
G01 X-11.412 Y30.431 Z-1.000 F800.0
G01 X-11.879 Y30.251 Z-1.000 F800.0
G01 X-12.343 Y30.065 Z-1.000 F800.0
G01 X-12.805 Y29.871 Z-1.000 F800.0
G01 X-13.263 Y29.670 Z-1.000 F800.0
G01 X-13.719 Y29.463 Z-1.000 F800.0
G01 X-14.171 Y29.248 Z-1.000 F800.0
G01 X-14.620 Y29.026 Z-1.000 F800.0
G01 X-15.065 Y28.797 Z-1.000 F800.0
G01 X-15.507 Y28.562 Z-1.000 F800.0
G01 X-15.945 Y28.320 Z-1.000 F800.0
G01 X-16.379 Y28.071 Z-1.000 F800.0
G01 X-16.809 Y27.815 Z-1.000 F800.0
G01 X-17.236 Y27.553 Z-1.000 F800.0
G01 X-17.658 Y27.284 Z-1.000 F800.0
G01 X-18.076 Y27.009 Z-1.000 F800.0
G01 X-18.490 Y26.728 Z-1.000 F800.0
G01 X-18.900 Y26.440 Z-1.000 F800.0
G01 X-19.305 Y26.145 Z-1.000 F800.0
G01 X-19.705 Y25.845 Z-1.000 F800.0
G01 X-20.101 Y25.539 Z-1.000 F800.0
G01 X-20.492 Y25.226 Z-1.000 F800.0
G01 X-20.878 Y24.907 Z-1.000 F800.0
G01 X-21.259 Y24.583 Z-1.000 F800.0
G01 X-21.635 Y24.253 Z-1.000 F800.0
G01 X-22.006 Y23.916 Z-1.000 F800.0
G01 X-22.371 Y23.575 Z-1.000 F800.0
G01 X-22.732 Y23.227 Z-1.000 F800.0
G01 X-23.087 Y22.874 Z-1.000 F800.0
G01 X-23.437 Y22.516 Z-1.000 F800.0
G01 X-23.781 Y22.153 Z-1.000 F800.0
G01 X-24.119 Y21.784 Z-1.000 F800.0
G01 X-24.451 Y21.410 Z-1.000 F800.0
G01 X-24.778 Y21.031 Z-1.000 F800.0
G01 X-25.099 Y20.646 Z-1.000 F800.0
G01 X-25.414 Y20.257 Z-1.000 F800.0
G01 X-25.790 Y20.000 Z-1.000 F800.0
G01 X-26.291 Y20.000 Z-1.000 F800.0
G01 X-26.791 Y20.000 Z-1.000 F800.0
G01 X-27.292 Y20.000 Z-1.000 F800.0
G01 X-27.792 Y20.000 Z-1.000 F800.0
G01 X-28.293 Y20.000 Z-1.000 F800.0
G01 X-28.793 Y20.000 Z-1.000 F800.0
G01 X-29.294 Y20.000 Z-1.000 F800.0
G01 X-29.794 Y20.000 Z-1.000 F800.0
G01 X-30.295 Y20.000 Z-1.000 F800.0
G01 X-30.796 Y20.000 Z-1.000 F800.0
G01 X-31.296 Y20.000 Z-1.000 F800.0
G01 X-31.797 Y20.000 Z-1.000 F800.0
G01 X-32.297 Y20.000 Z-1.000 F800.0
G01 X-32.798 Y20.000 Z-1.000 F800.0
G01 X-33.298 Y20.000 Z-1.000 F800.0
G01 X-33.799 Y20.000 Z-1.000 F800.0
G01 X-34.299 Y20.000 Z-1.000 F800.0
G01 X-34.800 Y20.000 Z-1.000 F800.0
G01 X-35.301 Y20.000 Z-1.000 F800.0
G01 X-35.801 Y20.000 Z-1.000 F800.0
G01 X-36.302 Y20.000 Z-1.000 F800.0
G01 X-36.802 Y20.000 Z-1.000 F800.0
G01 X-37.303 Y20.000 Z-1.000 F800.0
G01 X-37.803 Y20.000 Z-1.000 F800.0
G01 X-38.304 Y20.000 Z-1.000 F800.0
G01 X-38.804 Y20.000 Z-1.000 F800.0
G01 X-39.305 Y20.000 Z-1.000 F800.0
G00 X-39.305 Y20.000 Z50.000
G00 X-39.305 Y20.000 Z50.000
G01 Z-2.000 F200.0
G01 X-39.305 Y19.499 Z-2.000 F800.0
G01 X-39.305 Y18.999 Z-2.000 F800.0
G01 X-39.305 Y18.498 Z-2.000 F800.0
G01 X-39.305 Y17.998 Z-2.000 F800.0
G01 X-39.305 Y17.497 Z-2.000 F800.0
G01 X-39.305 Y16.997 Z-2.000 F800.0
G01 X-39.305 Y16.496 Z-2.000 F800.0
G01 X-39.305 Y15.996 Z-2.000 F800.0
G01 X-39.305 Y15.495 Z-2.000 F800.0
G01 X-39.305 Y14.994 Z-2.000 F800.0
G01 X-39.305 Y14.494 Z-2.000 F800.0
G01 X-39.305 Y13.993 Z-2.000 F800.0
G01 X-39.305 Y13.493 Z-2.000 F800.0
G01 X-39.305 Y12.992 Z-2.000 F800.0
G01 X-39.305 Y12.492 Z-2.000 F800.0
G01 X-39.305 Y11.991 Z-2.000 F800.0
G01 X-39.305 Y11.491 Z-2.000 F800.0
G01 X-39.305 Y10.990 Z-2.000 F800.0
G01 X-39.305 Y10.489 Z-2.000 F800.0
G01 X-39.305 Y9.989 Z-2.000 F800.0
G01 X-39.305 Y9.488 Z-2.000 F800.0
G01 X-39.305 Y8.988 Z-2.000 F800.0
G01 X-39.305 Y8.487 Z-2.000 F800.0
G01 X-39.305 Y7.987 Z-2.000 F800.0
G01 X-39.305 Y7.486 Z-2.000 F800.0
G01 X-39.305 Y6.986 Z-2.000 F800.0
G01 X-39.305 Y6.485 Z-2.000 F800.0
G01 X-39.305 Y5.984 Z-2.000 F800.0
G01 X-39.305 Y5.484 Z-2.000 F800.0
G01 X-39.305 Y4.983 Z-2.000 F800.0
G01 X-39.305 Y4.483 Z-2.000 F800.0
G01 X-39.305 Y3.982 Z-2.000 F800.0
G01 X-39.305 Y3.482 Z-2.000 F800.0
G01 X-39.305 Y2.981 Z-2.000 F800.0
G01 X-39.305 Y2.481 Z-2.000 F800.0
G01 X-39.305 Y1.980 Z-2.000 F800.0
G01 X-39.305 Y1.479 Z-2.000 F800.0
G01 X-39.305 Y0.979 Z-2.000 F800.0
G01 X-39.305 Y0.478 Z-2.000 F800.0
G01 X-39.305 Y-0.022 Z-2.000 F800.0
G01 X-39.305 Y-0.523 Z-2.000 F800.0
G01 X-39.305 Y-1.023 Z-2.000 F800.0
G01 X-39.305 Y-1.524 Z-2.000 F800.0
G01 X-39.305 Y-2.024 Z-2.000 F800.0
G01 X-39.305 Y-2.525 Z-2.000 F800.0
G01 X-39.305 Y-3.026 Z-2.000 F800.0
G01 X-39.305 Y-3.526 Z-2.000 F800.0
G01 X-39.305 Y-4.027 Z-2.000 F800.0
G01 X-39.305 Y-4.527 Z-2.000 F800.0
G01 X-39.305 Y-5.028 Z-2.000 F800.0
G01 X-39.305 Y-5.528 Z-2.000 F800.0
G01 X-39.305 Y-6.029 Z-2.000 F800.0
G01 X-39.305 Y-6.529 Z-2.000 F800.0
G01 X-39.305 Y-7.030 Z-2.000 F800.0
G01 X-39.305 Y-7.531 Z-2.000 F800.0
G01 X-39.305 Y-8.031 Z-2.000 F800.0
G01 X-39.305 Y-8.532 Z-2.000 F800.0
G01 X-39.305 Y-9.032 Z-2.000 F800.0
G01 X-39.305 Y-9.533 Z-2.000 F800.0
G01 X-39.305 Y-10.033 Z-2.000 F800.0
G01 X-39.305 Y-10.534 Z-2.000 F800.0
G01 X-39.305 Y-11.034 Z-2.000 F800.0
G01 X-39.305 Y-11.535 Z-2.000 F800.0
G01 X-39.305 Y-12.036 Z-2.000 F800.0
G01 X-39.305 Y-12.536 Z-2.000 F800.0
G01 X-39.305 Y-13.037 Z-2.000 F800.0
G01 X-39.305 Y-13.537 Z-2.000 F800.0
G01 X-39.305 Y-14.038 Z-2.000 F800.0
G01 X-39.305 Y-14.538 Z-2.000 F800.0
G01 X-39.305 Y-15.039 Z-2.000 F800.0
G01 X-39.305 Y-15.539 Z-2.000 F800.0
G01 X-39.305 Y-16.040 Z-2.000 F800.0
G01 X-39.305 Y-16.541 Z-2.000 F800.0
G01 X-39.305 Y-17.041 Z-2.000 F800.0
G01 X-39.305 Y-17.542 Z-2.000 F800.0
G01 X-39.305 Y-18.042 Z-2.000 F800.0
G01 X-39.305 Y-18.543 Z-2.000 F800.0
G01 X-39.305 Y-19.043 Z-2.000 F800.0
G01 X-39.305 Y-19.544 Z-2.000 F800.0
G01 X-39.261 Y-20.000 Z-2.000 F800.0
G01 X-38.760 Y-20.000 Z-2.000 F800.0
G01 X-38.259 Y-20.000 Z-2.000 F800.0
G01 X-37.759 Y-20.000 Z-2.000 F800.0
G01 X-37.258 Y-20.000 Z-2.000 F800.0
G01 X-36.758 Y-20.000 Z-2.000 F800.0
G01 X-36.257 Y-20.000 Z-2.000 F800.0
G01 X-35.757 Y-20.000 Z-2.000 F800.0
G01 X-35.256 Y-20.000 Z-2.000 F800.0
G01 X-34.756 Y-20.000 Z-2.000 F800.0
G01 X-34.255 Y-20.000 Z-2.000 F800.0
G01 X-33.754 Y-20.000 Z-2.000 F800.0
G01 X-33.254 Y-20.000 Z-2.000 F800.0
G01 X-32.753 Y-20.000 Z-2.000 F800.0
G01 X-32.253 Y-20.000 Z-2.000 F800.0
G01 X-31.752 Y-20.000 Z-2.000 F800.0
G01 X-31.252 Y-20.000 Z-2.000 F800.0
G01 X-30.751 Y-20.000 Z-2.000 F800.0
G01 X-30.251 Y-20.000 Z-2.000 F800.0
G01 X-29.750 Y-20.000 Z-2.000 F800.0
G01 X-29.249 Y-20.000 Z-2.000 F800.0
G01 X-28.749 Y-20.000 Z-2.000 F800.0
G01 X-28.248 Y-20.000 Z-2.000 F800.0
G01 X-27.748 Y-20.000 Z-2.000 F800.0
G01 X-27.247 Y-20.000 Z-2.000 F800.0
G01 X-26.747 Y-20.000 Z-2.000 F800.0
G01 X-26.246 Y-20.000 Z-2.000 F800.0
G01 X-25.746 Y-20.000 Z-2.000 F800.0
G01 X-25.387 Y-20.292 Z-2.000 F800.0
G01 X-25.071 Y-20.681 Z-2.000 F800.0
G01 X-24.750 Y-21.064 Z-2.000 F800.0
G01 X-24.422 Y-21.443 Z-2.000 F800.0
G01 X-24.089 Y-21.817 Z-2.000 F800.0
G01 X-23.750 Y-22.185 Z-2.000 F800.0
G01 X-23.406 Y-22.548 Z-2.000 F800.0
G01 X-23.056 Y-22.906 Z-2.000 F800.0
G01 X-22.700 Y-23.258 Z-2.000 F800.0
G01 X-22.339 Y-23.605 Z-2.000 F800.0
G01 X-21.973 Y-23.946 Z-2.000 F800.0
G01 X-21.602 Y-24.282 Z-2.000 F800.0
G01 X-21.225 Y-24.612 Z-2.000 F800.0
G01 X-20.844 Y-24.936 Z-2.000 F800.0
G01 X-20.457 Y-25.254 Z-2.000 F800.0
G01 X-20.066 Y-25.566 Z-2.000 F800.0
G01 X-19.670 Y-25.872 Z-2.000 F800.0
G01 X-19.269 Y-26.172 Z-2.000 F800.0
G01 X-18.863 Y-26.465 Z-2.000 F800.0
G01 X-18.454 Y-26.753 Z-2.000 F800.0
G01 X-18.039 Y-27.034 Z-2.000 F800.0
G01 X-17.621 Y-27.309 Z-2.000 F800.0
G01 X-17.198 Y-27.577 Z-2.000 F800.0
G01 X-16.771 Y-27.838 Z-2.000 F800.0
G01 X-16.341 Y-28.093 Z-2.000 F800.0
G01 X-15.906 Y-28.342 Z-2.000 F800.0
G01 X-15.468 Y-28.583 Z-2.000 F800.0
G01 X-15.026 Y-28.818 Z-2.000 F800.0
G01 X-14.580 Y-29.046 Z-2.000 F800.0
G01 X-14.131 Y-29.267 Z-2.000 F800.0
G01 X-13.679 Y-29.481 Z-2.000 F800.0
G01 X-13.223 Y-29.688 Z-2.000 F800.0
G01 X-12.764 Y-29.889 Z-2.000 F800.0
G01 X-12.302 Y-30.082 Z-2.000 F800.0
G01 X-11.838 Y-30.268 Z-2.000 F800.0
G01 X-11.370 Y-30.446 Z-2.000 F800.0
G01 X-10.900 Y-30.618 Z-2.000 F800.0
G01 X-10.427 Y-30.782 Z-2.000 F800.0
G01 X-9.952 Y-30.939 Z-2.000 F800.0
G01 X-9.474 Y-31.089 Z-2.000 F800.0
G01 X-8.994 Y-31.231 Z-2.000 F800.0
G01 X-8.512 Y-31.366 Z-2.000 F800.0
G01 X-8.028 Y-31.493 Z-2.000 F800.0
G01 X-7.542 Y-31.613 Z-2.000 F800.0
G01 X-7.054 Y-31.725 Z-2.000 F800.0
G01 X-6.565 Y-31.830 Z-2.000 F800.0
G01 X-6.074 Y-31.927 Z-2.000 F800.0
G01 X-5.581 Y-32.017 Z-2.000 F800.0
G01 X-5.087 Y-32.099 Z-2.000 F800.0
G01 X-4.593 Y-32.174 Z-2.000 F800.0
G01 X-4.096 Y-32.241 Z-2.000 F800.0
G01 X-3.599 Y-32.300 Z-2.000 F800.0
G01 X-3.102 Y-32.352 Z-2.000 F800.0
G01 X-2.603 Y-32.396 Z-2.000 F800.0
G01 X-2.104 Y-32.432 Z-2.000 F800.0
G01 X-1.604 Y-32.460 Z-2.000 F800.0
G01 X-1.104 Y-32.481 Z-2.000 F800.0
G01 X-0.603 Y-32.494 Z-2.000 F800.0
G01 X-0.103 Y-32.500 Z-2.000 F800.0
G01 X0.398 Y-32.498 Z-2.000 F800.0
G01 X0.898 Y-32.488 Z-2.000 F800.0
G01 X1.398 Y-32.470 Z-2.000 F800.0
G01 X1.898 Y-32.445 Z-2.000 F800.0
G01 X2.398 Y-32.411 Z-2.000 F800.0
G01 X2.897 Y-32.371 Z-2.000 F800.0
G01 X3.395 Y-32.322 Z-2.000 F800.0
G01 X3.892 Y-32.266 Z-2.000 F800.0
G01 X4.389 Y-32.202 Z-2.000 F800.0
G01 X4.884 Y-32.131 Z-2.000 F800.0
G01 X5.378 Y-32.052 Z-2.000 F800.0
G01 X5.871 Y-31.965 Z-2.000 F800.0
G01 X6.363 Y-31.871 Z-2.000 F800.0
G01 X6.853 Y-31.769 Z-2.000 F800.0
G01 X7.341 Y-31.660 Z-2.000 F800.0
G01 X7.828 Y-31.543 Z-2.000 F800.0
G01 X8.313 Y-31.419 Z-2.000 F800.0
G01 X8.796 Y-31.287 Z-2.000 F800.0
G01 X9.277 Y-31.148 Z-2.000 F800.0
G01 X9.755 Y-31.001 Z-2.000 F800.0
G01 X10.232 Y-30.847 Z-2.000 F800.0
G01 X10.706 Y-30.686 Z-2.000 F800.0
G01 X11.177 Y-30.518 Z-2.000 F800.0
G01 X11.646 Y-30.342 Z-2.000 F800.0
G01 X12.112 Y-30.159 Z-2.000 F800.0
G01 X12.575 Y-29.969 Z-2.000 F800.0
G01 X13.035 Y-29.772 Z-2.000 F800.0
G01 X13.492 Y-29.567 Z-2.000 F800.0
G01 X13.945 Y-29.356 Z-2.000 F800.0
G01 X14.396 Y-29.138 Z-2.000 F800.0
G01 X14.843 Y-28.913 Z-2.000 F800.0
G01 X15.286 Y-28.681 Z-2.000 F800.0
G01 X15.726 Y-28.442 Z-2.000 F800.0
G01 X16.162 Y-28.196 Z-2.000 F800.0
G01 X16.595 Y-27.944 Z-2.000 F800.0
G01 X17.023 Y-27.685 Z-2.000 F800.0
G01 X17.448 Y-27.420 Z-2.000 F800.0
G01 X17.868 Y-27.148 Z-2.000 F800.0
G01 X18.284 Y-26.869 Z-2.000 F800.0
G01 X18.695 Y-26.584 Z-2.000 F800.0
G01 X19.103 Y-26.293 Z-2.000 F800.0
G01 X19.505 Y-25.996 Z-2.000 F800.0
G01 X19.903 Y-25.693 Z-2.000 F800.0
G01 X20.297 Y-25.383 Z-2.000 F800.0
G01 X20.685 Y-25.067 Z-2.000 F800.0
G01 X21.069 Y-24.746 Z-2.000 F800.0
G01 X21.447 Y-24.418 Z-2.000 F800.0
G01 X21.821 Y-24.085 Z-2.000 F800.0
G01 X22.189 Y-23.746 Z-2.000 F800.0
G01 X22.552 Y-23.402 Z-2.000 F800.0
G01 X22.910 Y-23.052 Z-2.000 F800.0
G01 X23.262 Y-22.696 Z-2.000 F800.0
G01 X23.609 Y-22.335 Z-2.000 F800.0
G01 X23.950 Y-21.969 Z-2.000 F800.0
G01 X24.286 Y-21.597 Z-2.000 F800.0
G01 X24.616 Y-21.221 Z-2.000 F800.0
G01 X24.940 Y-20.839 Z-2.000 F800.0
G01 X25.258 Y-20.453 Z-2.000 F800.0
G01 X25.570 Y-20.061 Z-2.000 F800.0
G01 X26.040 Y-20.000 Z-2.000 F800.0
G01 X26.541 Y-20.000 Z-2.000 F800.0
G01 X27.041 Y-20.000 Z-2.000 F800.0
G01 X27.542 Y-20.000 Z-2.000 F800.0
G01 X28.043 Y-20.000 Z-2.000 F800.0
G01 X28.543 Y-20.000 Z-2.000 F800.0
G01 X29.044 Y-20.000 Z-2.000 F800.0
G01 X29.544 Y-20.000 Z-2.000 F800.0
G01 X30.045 Y-20.000 Z-2.000 F800.0
G01 X30.545 Y-20.000 Z-2.000 F800.0
G01 X31.046 Y-20.000 Z-2.000 F800.0
G01 X31.546 Y-20.000 Z-2.000 F800.0
G01 X32.047 Y-20.000 Z-2.000 F800.0
G01 X32.548 Y-20.000 Z-2.000 F800.0
G01 X33.048 Y-20.000 Z-2.000 F800.0
G01 X33.549 Y-20.000 Z-2.000 F800.0
G01 X34.049 Y-20.000 Z-2.000 F800.0
G01 X34.550 Y-20.000 Z-2.000 F800.0
G01 X35.050 Y-20.000 Z-2.000 F800.0
G01 X35.551 Y-20.000 Z-2.000 F800.0
G01 X36.051 Y-20.000 Z-2.000 F800.0
G01 X36.552 Y-20.000 Z-2.000 F800.0
G01 X37.053 Y-20.000 Z-2.000 F800.0
G01 X37.553 Y-20.000 Z-2.000 F800.0
G01 X38.054 Y-20.000 Z-2.000 F800.0
G01 X38.554 Y-20.000 Z-2.000 F800.0
G01 X39.055 Y-20.000 Z-2.000 F800.0
G01 X39.305 Y-19.750 Z-2.000 F800.0
G01 X39.305 Y-19.249 Z-2.000 F800.0
G01 X39.305 Y-18.749 Z-2.000 F800.0
G01 X39.305 Y-18.248 Z-2.000 F800.0
G01 X39.305 Y-17.748 Z-2.000 F800.0
G01 X39.305 Y-17.247 Z-2.000 F800.0
G01 X39.305 Y-16.746 Z-2.000 F800.0
G01 X39.305 Y-16.246 Z-2.000 F800.0
G01 X39.305 Y-15.745 Z-2.000 F800.0
G01 X39.305 Y-15.245 Z-2.000 F800.0
G01 X39.305 Y-14.744 Z-2.000 F800.0
G01 X39.305 Y-14.244 Z-2.000 F800.0
G01 X39.305 Y-13.743 Z-2.000 F800.0
G01 X39.305 Y-13.243 Z-2.000 F800.0
G01 X39.305 Y-12.742 Z-2.000 F800.0
G01 X39.305 Y-12.241 Z-2.000 F800.0
G01 X39.305 Y-11.741 Z-2.000 F800.0
G01 X39.305 Y-11.240 Z-2.000 F800.0
G01 X39.305 Y-10.740 Z-2.000 F800.0
G01 X39.305 Y-10.239 Z-2.000 F800.0
G01 X39.305 Y-9.739 Z-2.000 F800.0
G01 X39.305 Y-9.238 Z-2.000 F800.0
G01 X39.305 Y-8.738 Z-2.000 F800.0
G01 X39.305 Y-8.237 Z-2.000 F800.0
G01 X39.305 Y-7.736 Z-2.000 F800.0
G01 X39.305 Y-7.236 Z-2.000 F800.0
G01 X39.305 Y-6.735 Z-2.000 F800.0
G01 X39.305 Y-6.235 Z-2.000 F800.0
G01 X39.305 Y-5.734 Z-2.000 F800.0
G01 X39.305 Y-5.234 Z-2.000 F800.0
G01 X39.305 Y-4.733 Z-2.000 F800.0
G01 X39.305 Y-4.233 Z-2.000 F800.0
G01 X39.305 Y-3.732 Z-2.000 F800.0
G01 X39.305 Y-3.231 Z-2.000 F800.0
G01 X39.305 Y-2.731 Z-2.000 F800.0
G01 X39.305 Y-2.230 Z-2.000 F800.0
G01 X39.305 Y-1.730 Z-2.000 F800.0
G01 X39.305 Y-1.229 Z-2.000 F800.0
G01 X39.305 Y-0.729 Z-2.000 F800.0
G01 X39.305 Y-0.228 Z-2.000 F800.0
G01 X39.305 Y0.272 Z-2.000 F800.0
G01 X39.305 Y0.773 Z-2.000 F800.0
G01 X39.305 Y1.274 Z-2.000 F800.0
G01 X39.305 Y1.774 Z-2.000 F800.0
G01 X39.305 Y2.275 Z-2.000 F800.0
G01 X39.305 Y2.775 Z-2.000 F800.0
G01 X39.305 Y3.276 Z-2.000 F800.0
G01 X39.305 Y3.776 Z-2.000 F800.0
G01 X39.305 Y4.277 Z-2.000 F800.0
G01 X39.305 Y4.777 Z-2.000 F800.0
G01 X39.305 Y5.278 Z-2.000 F800.0
G01 X39.305 Y5.779 Z-2.000 F800.0
G01 X39.305 Y6.279 Z-2.000 F800.0
G01 X39.305 Y6.780 Z-2.000 F800.0
G01 X39.305 Y7.280 Z-2.000 F800.0
G01 X39.305 Y7.781 Z-2.000 F800.0
G01 X39.305 Y8.281 Z-2.000 F800.0
G01 X39.305 Y8.782 Z-2.000 F800.0
G01 X39.305 Y9.282 Z-2.000 F800.0
G01 X39.305 Y9.783 Z-2.000 F800.0
G01 X39.305 Y10.284 Z-2.000 F800.0
G01 X39.305 Y10.784 Z-2.000 F800.0
G01 X39.305 Y11.285 Z-2.000 F800.0
G01 X39.305 Y11.785 Z-2.000 F800.0
G01 X39.305 Y12.286 Z-2.000 F800.0
G01 X39.305 Y12.786 Z-2.000 F800.0
G01 X39.305 Y13.287 Z-2.000 F800.0
G01 X39.305 Y13.787 Z-2.000 F800.0
G01 X39.305 Y14.288 Z-2.000 F800.0
G01 X39.305 Y14.789 Z-2.000 F800.0
G01 X39.305 Y15.289 Z-2.000 F800.0
G01 X39.305 Y15.790 Z-2.000 F800.0
G01 X39.305 Y16.290 Z-2.000 F800.0
G01 X39.305 Y16.791 Z-2.000 F800.0
G01 X39.305 Y17.291 Z-2.000 F800.0
G01 X39.305 Y17.792 Z-2.000 F800.0
G01 X39.305 Y18.292 Z-2.000 F800.0
G01 X39.305 Y18.793 Z-2.000 F800.0
G01 X39.305 Y19.294 Z-2.000 F800.0
G01 X39.305 Y19.794 Z-2.000 F800.0
G01 X39.010 Y20.000 Z-2.000 F800.0
G01 X38.510 Y20.000 Z-2.000 F800.0
G01 X38.009 Y20.000 Z-2.000 F800.0
G01 X37.509 Y20.000 Z-2.000 F800.0
G01 X37.008 Y20.000 Z-2.000 F800.0
G01 X36.508 Y20.000 Z-2.000 F800.0
G01 X36.007 Y20.000 Z-2.000 F800.0
G01 X35.506 Y20.000 Z-2.000 F800.0
G01 X35.006 Y20.000 Z-2.000 F800.0
G01 X34.505 Y20.000 Z-2.000 F800.0
G01 X34.005 Y20.000 Z-2.000 F800.0
G01 X33.504 Y20.000 Z-2.000 F800.0
G01 X33.004 Y20.000 Z-2.000 F800.0
G01 X32.503 Y20.000 Z-2.000 F800.0
G01 X32.003 Y20.000 Z-2.000 F800.0
G01 X31.502 Y20.000 Z-2.000 F800.0
G01 X31.001 Y20.000 Z-2.000 F800.0
G01 X30.501 Y20.000 Z-2.000 F800.0
G01 X30.000 Y20.000 Z-2.000 F800.0
G01 X29.500 Y20.000 Z-2.000 F800.0
G01 X28.999 Y20.000 Z-2.000 F800.0
G01 X28.499 Y20.000 Z-2.000 F800.0
G01 X27.998 Y20.000 Z-2.000 F800.0
G01 X27.498 Y20.000 Z-2.000 F800.0
G01 X26.997 Y20.000 Z-2.000 F800.0
G01 X26.496 Y20.000 Z-2.000 F800.0
G01 X25.996 Y20.000 Z-2.000 F800.0
G01 X25.542 Y20.096 Z-2.000 F800.0
G01 X25.230 Y20.487 Z-2.000 F800.0
G01 X24.911 Y20.873 Z-2.000 F800.0
G01 X24.587 Y21.254 Z-2.000 F800.0
G01 X24.256 Y21.631 Z-2.000 F800.0
G01 X23.920 Y22.002 Z-2.000 F800.0
G01 X23.579 Y22.367 Z-2.000 F800.0
G01 X23.231 Y22.728 Z-2.000 F800.0
G01 X22.879 Y23.083 Z-2.000 F800.0
G01 X22.520 Y23.433 Z-2.000 F800.0
G01 X22.157 Y23.777 Z-2.000 F800.0
G01 X21.788 Y24.115 Z-2.000 F800.0
G01 X21.414 Y24.448 Z-2.000 F800.0
G01 X21.035 Y24.775 Z-2.000 F800.0
G01 X20.651 Y25.096 Z-2.000 F800.0
G01 X20.262 Y25.411 Z-2.000 F800.0
G01 X19.868 Y25.720 Z-2.000 F800.0
G01 X19.470 Y26.023 Z-2.000 F800.0
G01 X19.067 Y26.319 Z-2.000 F800.0
G01 X18.659 Y26.610 Z-2.000 F800.0
G01 X18.247 Y26.894 Z-2.000 F800.0
G01 X17.831 Y27.172 Z-2.000 F800.0
G01 X17.410 Y27.443 Z-2.000 F800.0
G01 X16.985 Y27.708 Z-2.000 F800.0
G01 X16.557 Y27.967 Z-2.000 F800.0
G01 X16.124 Y28.218 Z-2.000 F800.0
G01 X15.687 Y28.463 Z-2.000 F800.0
G01 X15.247 Y28.701 Z-2.000 F800.0
G01 X14.803 Y28.933 Z-2.000 F800.0
G01 X14.356 Y29.157 Z-2.000 F800.0
G01 X13.905 Y29.375 Z-2.000 F800.0
G01 X13.451 Y29.586 Z-2.000 F800.0
G01 X12.994 Y29.789 Z-2.000 F800.0
G01 X12.534 Y29.986 Z-2.000 F800.0
G01 X12.070 Y30.175 Z-2.000 F800.0
G01 X11.604 Y30.358 Z-2.000 F800.0
G01 X11.135 Y30.533 Z-2.000 F800.0
G01 X10.664 Y30.701 Z-2.000 F800.0
G01 X10.190 Y30.861 Z-2.000 F800.0
G01 X9.713 Y31.015 Z-2.000 F800.0
G01 X9.234 Y31.161 Z-2.000 F800.0
G01 X8.753 Y31.299 Z-2.000 F800.0
G01 X8.270 Y31.430 Z-2.000 F800.0
G01 X7.785 Y31.554 Z-2.000 F800.0
G01 X7.298 Y31.670 Z-2.000 F800.0
G01 X6.810 Y31.779 Z-2.000 F800.0
G01 X6.319 Y31.880 Z-2.000 F800.0
G01 X5.828 Y31.973 Z-2.000 F800.0
G01 X5.335 Y32.059 Z-2.000 F800.0
G01 X4.840 Y32.138 Z-2.000 F800.0
G01 X4.345 Y32.208 Z-2.000 F800.0
G01 X3.848 Y32.271 Z-2.000 F800.0
G01 X3.351 Y32.327 Z-2.000 F800.0
G01 X2.852 Y32.375 Z-2.000 F800.0
G01 X2.353 Y32.415 Z-2.000 F800.0
G01 X1.854 Y32.447 Z-2.000 F800.0
G01 X1.354 Y32.472 Z-2.000 F800.0
G01 X0.854 Y32.489 Z-2.000 F800.0
G01 X0.353 Y32.498 Z-2.000 F800.0
G01 X-0.147 Y32.500 Z-2.000 F800.0
G01 X-0.648 Y32.494 Z-2.000 F800.0
G01 X-1.148 Y32.480 Z-2.000 F800.0
G01 X-1.648 Y32.458 Z-2.000 F800.0
G01 X-2.148 Y32.429 Z-2.000 F800.0
G01 X-2.647 Y32.392 Z-2.000 F800.0
G01 X-3.146 Y32.347 Z-2.000 F800.0
G01 X-3.644 Y32.295 Z-2.000 F800.0
G01 X-4.141 Y32.235 Z-2.000 F800.0
G01 X-4.636 Y32.168 Z-2.000 F800.0
G01 X-5.131 Y32.092 Z-2.000 F800.0
G01 X-5.625 Y32.010 Z-2.000 F800.0
G01 X-6.117 Y31.919 Z-2.000 F800.0
G01 X-6.608 Y31.821 Z-2.000 F800.0
G01 X-7.097 Y31.716 Z-2.000 F800.0
G01 X-7.585 Y31.602 Z-2.000 F800.0
G01 X-8.071 Y31.482 Z-2.000 F800.0
G01 X-8.555 Y31.354 Z-2.000 F800.0
G01 X-9.037 Y31.218 Z-2.000 F800.0
G01 X-9.516 Y31.076 Z-2.000 F800.0
G01 X-9.994 Y30.925 Z-2.000 F800.0
G01 X-10.469 Y30.768 Z-2.000 F800.0
G01 X-10.942 Y30.603 Z-2.000 F800.0
G01 X-11.412 Y30.431 Z-2.000 F800.0
G01 X-11.879 Y30.251 Z-2.000 F800.0
G01 X-12.343 Y30.065 Z-2.000 F800.0
G01 X-12.805 Y29.871 Z-2.000 F800.0
G01 X-13.263 Y29.670 Z-2.000 F800.0
G01 X-13.719 Y29.463 Z-2.000 F800.0
G01 X-14.171 Y29.248 Z-2.000 F800.0
G01 X-14.620 Y29.026 Z-2.000 F800.0
G01 X-15.065 Y28.797 Z-2.000 F800.0
G01 X-15.507 Y28.562 Z-2.000 F800.0
G01 X-15.945 Y28.320 Z-2.000 F800.0
G01 X-16.379 Y28.071 Z-2.000 F800.0
G01 X-16.809 Y27.815 Z-2.000 F800.0
G01 X-17.236 Y27.553 Z-2.000 F800.0
G01 X-17.658 Y27.284 Z-2.000 F800.0
G01 X-18.076 Y27.009 Z-2.000 F800.0
G01 X-18.490 Y26.728 Z-2.000 F800.0
G01 X-18.900 Y26.440 Z-2.000 F800.0
G01 X-19.305 Y26.145 Z-2.000 F800.0
G01 X-19.705 Y25.845 Z-2.000 F800.0
G01 X-20.101 Y25.539 Z-2.000 F800.0
G01 X-20.492 Y25.226 Z-2.000 F800.0
G01 X-20.878 Y24.907 Z-2.000 F800.0
G01 X-21.259 Y24.583 Z-2.000 F800.0
G01 X-21.635 Y24.253 Z-2.000 F800.0
G01 X-22.006 Y23.916 Z-2.000 F800.0
G01 X-22.371 Y23.575 Z-2.000 F800.0
G01 X-22.732 Y23.227 Z-2.000 F800.0
G01 X-23.087 Y22.874 Z-2.000 F800.0
G01 X-23.437 Y22.516 Z-2.000 F800.0
G01 X-23.781 Y22.153 Z-2.000 F800.0
G01 X-24.119 Y21.784 Z-2.000 F800.0
G01 X-24.451 Y21.410 Z-2.000 F800.0
G01 X-24.778 Y21.031 Z-2.000 F800.0
G01 X-25.099 Y20.646 Z-2.000 F800.0
G01 X-25.414 Y20.257 Z-2.000 F800.0
G01 X-25.790 Y20.000 Z-2.000 F800.0
G01 X-26.291 Y20.000 Z-2.000 F800.0
G01 X-26.791 Y20.000 Z-2.000 F800.0
G01 X-27.292 Y20.000 Z-2.000 F800.0
G01 X-27.792 Y20.000 Z-2.000 F800.0
G01 X-28.293 Y20.000 Z-2.000 F800.0
G01 X-28.793 Y20.000 Z-2.000 F800.0
G01 X-29.294 Y20.000 Z-2.000 F800.0
G01 X-29.794 Y20.000 Z-2.000 F800.0
G01 X-30.295 Y20.000 Z-2.000 F800.0
G01 X-30.796 Y20.000 Z-2.000 F800.0
G01 X-31.296 Y20.000 Z-2.000 F800.0
G01 X-31.797 Y20.000 Z-2.000 F800.0
G01 X-32.297 Y20.000 Z-2.000 F800.0
G01 X-32.798 Y20.000 Z-2.000 F800.0
G01 X-33.298 Y20.000 Z-2.000 F800.0
G01 X-33.799 Y20.000 Z-2.000 F800.0
G01 X-34.299 Y20.000 Z-2.000 F800.0
G01 X-34.800 Y20.000 Z-2.000 F800.0
G01 X-35.301 Y20.000 Z-2.000 F800.0
G01 X-35.801 Y20.000 Z-2.000 F800.0
G01 X-36.302 Y20.000 Z-2.000 F800.0
G01 X-36.802 Y20.000 Z-2.000 F800.0
G01 X-37.303 Y20.000 Z-2.000 F800.0
G01 X-37.803 Y20.000 Z-2.000 F800.0
G01 X-38.304 Y20.000 Z-2.000 F800.0
G01 X-38.804 Y20.000 Z-2.000 F800.0
G01 X-39.305 Y20.000 Z-2.000 F800.0
G00 X-39.305 Y20.000 Z50.000
G00 X-39.305 Y20.000 Z50.000
G01 Z-3.000 F200.0
G01 X-39.305 Y19.499 Z-3.000 F800.0
G01 X-39.305 Y18.999 Z-3.000 F800.0
G01 X-39.305 Y18.498 Z-3.000 F800.0
G01 X-39.305 Y17.998 Z-3.000 F800.0
G01 X-39.305 Y17.497 Z-3.000 F800.0
G01 X-39.305 Y16.997 Z-3.000 F800.0
G01 X-39.305 Y16.496 Z-3.000 F800.0
G01 X-39.305 Y15.996 Z-3.000 F800.0
G01 X-39.305 Y15.495 Z-3.000 F800.0
G01 X-39.305 Y14.994 Z-3.000 F800.0
G01 X-39.305 Y14.494 Z-3.000 F800.0
G01 X-39.305 Y13.993 Z-3.000 F800.0
G01 X-39.305 Y13.493 Z-3.000 F800.0
G01 X-39.305 Y12.992 Z-3.000 F800.0
G01 X-39.305 Y12.492 Z-3.000 F800.0
G01 X-39.305 Y11.991 Z-3.000 F800.0
G01 X-39.305 Y11.491 Z-3.000 F800.0
G01 X-39.305 Y10.990 Z-3.000 F800.0
G01 X-39.305 Y10.489 Z-3.000 F800.0
G01 X-39.305 Y9.989 Z-3.000 F800.0
G01 X-39.305 Y9.488 Z-3.000 F800.0
G01 X-39.305 Y8.988 Z-3.000 F800.0
G01 X-39.305 Y8.487 Z-3.000 F800.0
G01 X-39.305 Y7.987 Z-3.000 F800.0
G01 X-39.305 Y7.486 Z-3.000 F800.0
G01 X-39.305 Y6.986 Z-3.000 F800.0
G01 X-39.305 Y6.485 Z-3.000 F800.0
G01 X-39.305 Y5.984 Z-3.000 F800.0
G01 X-39.305 Y5.484 Z-3.000 F800.0
G01 X-39.305 Y4.983 Z-3.000 F800.0
G01 X-39.305 Y4.483 Z-3.000 F800.0
G01 X-39.305 Y3.982 Z-3.000 F800.0
G01 X-39.305 Y3.482 Z-3.000 F800.0
G01 X-39.305 Y2.981 Z-3.000 F800.0
G01 X-39.305 Y2.481 Z-3.000 F800.0
G01 X-39.305 Y1.980 Z-3.000 F800.0
G01 X-39.305 Y1.479 Z-3.000 F800.0
G01 X-39.305 Y0.979 Z-3.000 F800.0
G01 X-39.305 Y0.478 Z-3.000 F800.0
G01 X-39.305 Y-0.022 Z-3.000 F800.0
G01 X-39.305 Y-0.523 Z-3.000 F800.0
G01 X-39.305 Y-1.023 Z-3.000 F800.0
G01 X-39.305 Y-1.524 Z-3.000 F800.0
G01 X-39.305 Y-2.024 Z-3.000 F800.0
G01 X-39.305 Y-2.525 Z-3.000 F800.0
G01 X-39.305 Y-3.026 Z-3.000 F800.0
G01 X-39.305 Y-3.526 Z-3.000 F800.0
G01 X-39.305 Y-4.027 Z-3.000 F800.0
G01 X-39.305 Y-4.527 Z-3.000 F800.0
G01 X-39.305 Y-5.028 Z-3.000 F800.0
G01 X-39.305 Y-5.528 Z-3.000 F800.0
G01 X-39.305 Y-6.029 Z-3.000 F800.0
G01 X-39.305 Y-6.529 Z-3.000 F800.0
G01 X-39.305 Y-7.030 Z-3.000 F800.0
G01 X-39.305 Y-7.531 Z-3.000 F800.0
G01 X-39.305 Y-8.031 Z-3.000 F800.0
G01 X-39.305 Y-8.532 Z-3.000 F800.0
G01 X-39.305 Y-9.032 Z-3.000 F800.0
G01 X-39.305 Y-9.533 Z-3.000 F800.0
G01 X-39.305 Y-10.033 Z-3.000 F800.0
G01 X-39.305 Y-10.534 Z-3.000 F800.0
G01 X-39.305 Y-11.034 Z-3.000 F800.0
G01 X-39.305 Y-11.535 Z-3.000 F800.0
G01 X-39.305 Y-12.036 Z-3.000 F800.0
G01 X-39.305 Y-12.536 Z-3.000 F800.0
G01 X-39.305 Y-13.037 Z-3.000 F800.0
G01 X-39.305 Y-13.537 Z-3.000 F800.0
G01 X-39.305 Y-14.038 Z-3.000 F800.0
G01 X-39.305 Y-14.538 Z-3.000 F800.0
G01 X-39.305 Y-15.039 Z-3.000 F800.0
G01 X-39.305 Y-15.539 Z-3.000 F800.0
G01 X-39.305 Y-16.040 Z-3.000 F800.0
G01 X-39.305 Y-16.541 Z-3.000 F800.0
G01 X-39.305 Y-17.041 Z-3.000 F800.0
G01 X-39.305 Y-17.542 Z-3.000 F800.0
G01 X-39.305 Y-18.042 Z-3.000 F800.0
G01 X-39.305 Y-18.543 Z-3.000 F800.0
G01 X-39.305 Y-19.043 Z-3.000 F800.0
G01 X-39.305 Y-19.544 Z-3.000 F800.0
G01 X-39.261 Y-20.000 Z-3.000 F800.0
G01 X-38.760 Y-20.000 Z-3.000 F800.0
G01 X-38.259 Y-20.000 Z-3.000 F800.0
G01 X-37.759 Y-20.000 Z-3.000 F800.0
G01 X-37.258 Y-20.000 Z-3.000 F800.0
G01 X-36.758 Y-20.000 Z-3.000 F800.0
G01 X-36.257 Y-20.000 Z-3.000 F800.0
G01 X-35.757 Y-20.000 Z-3.000 F800.0
G01 X-35.256 Y-20.000 Z-3.000 F800.0
G01 X-34.756 Y-20.000 Z-3.000 F800.0
G01 X-34.255 Y-20.000 Z-3.000 F800.0
G01 X-33.754 Y-20.000 Z-3.000 F800.0
G01 X-33.254 Y-20.000 Z-3.000 F800.0
G01 X-32.753 Y-20.000 Z-3.000 F800.0
G01 X-32.253 Y-20.000 Z-3.000 F800.0
G01 X-31.752 Y-20.000 Z-3.000 F800.0
G01 X-31.252 Y-20.000 Z-3.000 F800.0
G01 X-30.751 Y-20.000 Z-3.000 F800.0
G01 X-30.251 Y-20.000 Z-3.000 F800.0
G01 X-29.750 Y-20.000 Z-3.000 F800.0
G01 X-29.249 Y-20.000 Z-3.000 F800.0
G01 X-28.749 Y-20.000 Z-3.000 F800.0
G01 X-28.248 Y-20.000 Z-3.000 F800.0
G01 X-27.748 Y-20.000 Z-3.000 F800.0
G01 X-27.247 Y-20.000 Z-3.000 F800.0
G01 X-26.747 Y-20.000 Z-3.000 F800.0
G01 X-26.246 Y-20.000 Z-3.000 F800.0
G01 X-25.746 Y-20.000 Z-3.000 F800.0
G01 X-25.387 Y-20.292 Z-3.000 F800.0
G01 X-25.071 Y-20.681 Z-3.000 F800.0
G01 X-24.750 Y-21.064 Z-3.000 F800.0
G01 X-24.422 Y-21.443 Z-3.000 F800.0
G01 X-24.089 Y-21.817 Z-3.000 F800.0
G01 X-23.750 Y-22.185 Z-3.000 F800.0
G01 X-23.406 Y-22.548 Z-3.000 F800.0
G01 X-23.056 Y-22.906 Z-3.000 F800.0
G01 X-22.700 Y-23.258 Z-3.000 F800.0
G01 X-22.339 Y-23.605 Z-3.000 F800.0
G01 X-21.973 Y-23.946 Z-3.000 F800.0
G01 X-21.602 Y-24.282 Z-3.000 F800.0
G01 X-21.225 Y-24.612 Z-3.000 F800.0
G01 X-20.844 Y-24.936 Z-3.000 F800.0
G01 X-20.457 Y-25.254 Z-3.000 F800.0
G01 X-20.066 Y-25.566 Z-3.000 F800.0
G01 X-19.670 Y-25.872 Z-3.000 F800.0
G01 X-19.269 Y-26.172 Z-3.000 F800.0
G01 X-18.863 Y-26.465 Z-3.000 F800.0
G01 X-18.454 Y-26.753 Z-3.000 F800.0
G01 X-18.039 Y-27.034 Z-3.000 F800.0
G01 X-17.621 Y-27.309 Z-3.000 F800.0
G01 X-17.198 Y-27.577 Z-3.000 F800.0
G01 X-16.771 Y-27.838 Z-3.000 F800.0
G01 X-16.341 Y-28.093 Z-3.000 F800.0
G01 X-15.906 Y-28.342 Z-3.000 F800.0
G01 X-15.468 Y-28.583 Z-3.000 F800.0
G01 X-15.026 Y-28.818 Z-3.000 F800.0
G01 X-14.580 Y-29.046 Z-3.000 F800.0
G01 X-14.131 Y-29.267 Z-3.000 F800.0
G01 X-13.679 Y-29.481 Z-3.000 F800.0
G01 X-13.223 Y-29.688 Z-3.000 F800.0
G01 X-12.764 Y-29.889 Z-3.000 F800.0
G01 X-12.302 Y-30.082 Z-3.000 F800.0
G01 X-11.838 Y-30.268 Z-3.000 F800.0
G01 X-11.370 Y-30.446 Z-3.000 F800.0
G01 X-10.900 Y-30.618 Z-3.000 F800.0
G01 X-10.427 Y-30.782 Z-3.000 F800.0
G01 X-9.952 Y-30.939 Z-3.000 F800.0
G01 X-9.474 Y-31.089 Z-3.000 F800.0
G01 X-8.994 Y-31.231 Z-3.000 F800.0
G01 X-8.512 Y-31.366 Z-3.000 F800.0
G01 X-8.028 Y-31.493 Z-3.000 F800.0
G01 X-7.542 Y-31.613 Z-3.000 F800.0
G01 X-7.054 Y-31.725 Z-3.000 F800.0
G01 X-6.565 Y-31.830 Z-3.000 F800.0
G01 X-6.074 Y-31.927 Z-3.000 F800.0
G01 X-5.581 Y-32.017 Z-3.000 F800.0
G01 X-5.087 Y-32.099 Z-3.000 F800.0
G01 X-4.593 Y-32.174 Z-3.000 F800.0
G01 X-4.096 Y-32.241 Z-3.000 F800.0
G01 X-3.599 Y-32.300 Z-3.000 F800.0
G01 X-3.102 Y-32.352 Z-3.000 F800.0
G01 X-2.603 Y-32.396 Z-3.000 F800.0
G01 X-2.104 Y-32.432 Z-3.000 F800.0
G01 X-1.604 Y-32.460 Z-3.000 F800.0
G01 X-1.104 Y-32.481 Z-3.000 F800.0
G01 X-0.603 Y-32.494 Z-3.000 F800.0
G01 X-0.103 Y-32.500 Z-3.000 F800.0
G01 X0.398 Y-32.498 Z-3.000 F800.0
G01 X0.898 Y-32.488 Z-3.000 F800.0
G01 X1.398 Y-32.470 Z-3.000 F800.0
G01 X1.898 Y-32.445 Z-3.000 F800.0
G01 X2.398 Y-32.411 Z-3.000 F800.0
G01 X2.897 Y-32.371 Z-3.000 F800.0
G01 X3.395 Y-32.322 Z-3.000 F800.0
G01 X3.892 Y-32.266 Z-3.000 F800.0
G01 X4.389 Y-32.202 Z-3.000 F800.0
G01 X4.884 Y-32.131 Z-3.000 F800.0
G01 X5.378 Y-32.052 Z-3.000 F800.0
G01 X5.871 Y-31.965 Z-3.000 F800.0
G01 X6.363 Y-31.871 Z-3.000 F800.0
G01 X6.853 Y-31.769 Z-3.000 F800.0
G01 X7.341 Y-31.660 Z-3.000 F800.0
G01 X7.828 Y-31.543 Z-3.000 F800.0
G01 X8.313 Y-31.419 Z-3.000 F800.0
G01 X8.796 Y-31.287 Z-3.000 F800.0
G01 X9.277 Y-31.148 Z-3.000 F800.0
G01 X9.755 Y-31.001 Z-3.000 F800.0
G01 X10.232 Y-30.847 Z-3.000 F800.0
G01 X10.706 Y-30.686 Z-3.000 F800.0
G01 X11.177 Y-30.518 Z-3.000 F800.0
G01 X11.646 Y-30.342 Z-3.000 F800.0
G01 X12.112 Y-30.159 Z-3.000 F800.0
G01 X12.575 Y-29.969 Z-3.000 F800.0
G01 X13.035 Y-29.772 Z-3.000 F800.0
G01 X13.492 Y-29.567 Z-3.000 F800.0
G01 X13.945 Y-29.356 Z-3.000 F800.0
G01 X14.396 Y-29.138 Z-3.000 F800.0
G01 X14.843 Y-28.913 Z-3.000 F800.0
G01 X15.286 Y-28.681 Z-3.000 F800.0
G01 X15.726 Y-28.442 Z-3.000 F800.0
G01 X16.162 Y-28.196 Z-3.000 F800.0
G01 X16.595 Y-27.944 Z-3.000 F800.0
G01 X17.023 Y-27.685 Z-3.000 F800.0
G01 X17.448 Y-27.420 Z-3.000 F800.0
G01 X17.868 Y-27.148 Z-3.000 F800.0
G01 X18.284 Y-26.869 Z-3.000 F800.0
G01 X18.695 Y-26.584 Z-3.000 F800.0
G01 X19.103 Y-26.293 Z-3.000 F800.0
G01 X19.505 Y-25.996 Z-3.000 F800.0
G01 X19.903 Y-25.693 Z-3.000 F800.0
G01 X20.297 Y-25.383 Z-3.000 F800.0
G01 X20.685 Y-25.067 Z-3.000 F800.0
G01 X21.069 Y-24.746 Z-3.000 F800.0
G01 X21.447 Y-24.418 Z-3.000 F800.0
G01 X21.821 Y-24.085 Z-3.000 F800.0
G01 X22.189 Y-23.746 Z-3.000 F800.0
G01 X22.552 Y-23.402 Z-3.000 F800.0
G01 X22.910 Y-23.052 Z-3.000 F800.0
G01 X23.262 Y-22.696 Z-3.000 F800.0
G01 X23.609 Y-22.335 Z-3.000 F800.0
G01 X23.950 Y-21.969 Z-3.000 F800.0
G01 X24.286 Y-21.597 Z-3.000 F800.0
G01 X24.616 Y-21.221 Z-3.000 F800.0
G01 X24.940 Y-20.839 Z-3.000 F800.0
G01 X25.258 Y-20.453 Z-3.000 F800.0
G01 X25.570 Y-20.061 Z-3.000 F800.0
G01 X26.040 Y-20.000 Z-3.000 F800.0
G01 X26.541 Y-20.000 Z-3.000 F800.0
G01 X27.041 Y-20.000 Z-3.000 F800.0
G01 X27.542 Y-20.000 Z-3.000 F800.0
G01 X28.043 Y-20.000 Z-3.000 F800.0
G01 X28.543 Y-20.000 Z-3.000 F800.0
G01 X29.044 Y-20.000 Z-3.000 F800.0
G01 X29.544 Y-20.000 Z-3.000 F800.0
G01 X30.045 Y-20.000 Z-3.000 F800.0
G01 X30.545 Y-20.000 Z-3.000 F800.0
G01 X31.046 Y-20.000 Z-3.000 F800.0
G01 X31.546 Y-20.000 Z-3.000 F800.0
G01 X32.047 Y-20.000 Z-3.000 F800.0
G01 X32.548 Y-20.000 Z-3.000 F800.0
G01 X33.048 Y-20.000 Z-3.000 F800.0
G01 X33.549 Y-20.000 Z-3.000 F800.0
G01 X34.049 Y-20.000 Z-3.000 F800.0
G01 X34.550 Y-20.000 Z-3.000 F800.0
G01 X35.050 Y-20.000 Z-3.000 F800.0
G01 X35.551 Y-20.000 Z-3.000 F800.0
G01 X36.051 Y-20.000 Z-3.000 F800.0
G01 X36.552 Y-20.000 Z-3.000 F800.0
G01 X37.053 Y-20.000 Z-3.000 F800.0
G01 X37.553 Y-20.000 Z-3.000 F800.0
G01 X38.054 Y-20.000 Z-3.000 F800.0
G01 X38.554 Y-20.000 Z-3.000 F800.0
G01 X39.055 Y-20.000 Z-3.000 F800.0
G01 X39.305 Y-19.750 Z-3.000 F800.0
G01 X39.305 Y-19.249 Z-3.000 F800.0
G01 X39.305 Y-18.749 Z-3.000 F800.0
G01 X39.305 Y-18.248 Z-3.000 F800.0
G01 X39.305 Y-17.748 Z-3.000 F800.0
G01 X39.305 Y-17.247 Z-3.000 F800.0
G01 X39.305 Y-16.746 Z-3.000 F800.0
G01 X39.305 Y-16.246 Z-3.000 F800.0
G01 X39.305 Y-15.745 Z-3.000 F800.0
G01 X39.305 Y-15.245 Z-3.000 F800.0
G01 X39.305 Y-14.744 Z-3.000 F800.0
G01 X39.305 Y-14.244 Z-3.000 F800.0
G01 X39.305 Y-13.743 Z-3.000 F800.0
G01 X39.305 Y-13.243 Z-3.000 F800.0
G01 X39.305 Y-12.742 Z-3.000 F800.0
G01 X39.305 Y-12.241 Z-3.000 F800.0
G01 X39.305 Y-11.741 Z-3.000 F800.0
G01 X39.305 Y-11.240 Z-3.000 F800.0
G01 X39.305 Y-10.740 Z-3.000 F800.0
G01 X39.305 Y-10.239 Z-3.000 F800.0
G01 X39.305 Y-9.739 Z-3.000 F800.0
G01 X39.305 Y-9.238 Z-3.000 F800.0
G01 X39.305 Y-8.738 Z-3.000 F800.0
G01 X39.305 Y-8.237 Z-3.000 F800.0
G01 X39.305 Y-7.736 Z-3.000 F800.0
G01 X39.305 Y-7.236 Z-3.000 F800.0
G01 X39.305 Y-6.735 Z-3.000 F800.0
G01 X39.305 Y-6.235 Z-3.000 F800.0
G01 X39.305 Y-5.734 Z-3.000 F800.0
G01 X39.305 Y-5.234 Z-3.000 F800.0
G01 X39.305 Y-4.733 Z-3.000 F800.0
G01 X39.305 Y-4.233 Z-3.000 F800.0
G01 X39.305 Y-3.732 Z-3.000 F800.0
G01 X39.305 Y-3.231 Z-3.000 F800.0
G01 X39.305 Y-2.731 Z-3.000 F800.0
G01 X39.305 Y-2.230 Z-3.000 F800.0
G01 X39.305 Y-1.730 Z-3.000 F800.0
G01 X39.305 Y-1.229 Z-3.000 F800.0
G01 X39.305 Y-0.729 Z-3.000 F800.0
G01 X39.305 Y-0.228 Z-3.000 F800.0
G01 X39.305 Y0.272 Z-3.000 F800.0
G01 X39.305 Y0.773 Z-3.000 F800.0
G01 X39.305 Y1.274 Z-3.000 F800.0
G01 X39.305 Y1.774 Z-3.000 F800.0
G01 X39.305 Y2.275 Z-3.000 F800.0
G01 X39.305 Y2.775 Z-3.000 F800.0
G01 X39.305 Y3.276 Z-3.000 F800.0
G01 X39.305 Y3.776 Z-3.000 F800.0
G01 X39.305 Y4.277 Z-3.000 F800.0
G01 X39.305 Y4.777 Z-3.000 F800.0
G01 X39.305 Y5.278 Z-3.000 F800.0
G01 X39.305 Y5.779 Z-3.000 F800.0
G01 X39.305 Y6.279 Z-3.000 F800.0
G01 X39.305 Y6.780 Z-3.000 F800.0
G01 X39.305 Y7.280 Z-3.000 F800.0
G01 X39.305 Y7.781 Z-3.000 F800.0
G01 X39.305 Y8.281 Z-3.000 F800.0
G01 X39.305 Y8.782 Z-3.000 F800.0
G01 X39.305 Y9.282 Z-3.000 F800.0
G01 X39.305 Y9.783 Z-3.000 F800.0
G01 X39.305 Y10.284 Z-3.000 F800.0
G01 X39.305 Y10.784 Z-3.000 F800.0
G01 X39.305 Y11.285 Z-3.000 F800.0
G01 X39.305 Y11.785 Z-3.000 F800.0
G01 X39.305 Y12.286 Z-3.000 F800.0
G01 X39.305 Y12.786 Z-3.000 F800.0
G01 X39.305 Y13.287 Z-3.000 F800.0
G01 X39.305 Y13.787 Z-3.000 F800.0
G01 X39.305 Y14.288 Z-3.000 F800.0
G01 X39.305 Y14.789 Z-3.000 F800.0
G01 X39.305 Y15.289 Z-3.000 F800.0
G01 X39.305 Y15.790 Z-3.000 F800.0
G01 X39.305 Y16.290 Z-3.000 F800.0
G01 X39.305 Y16.791 Z-3.000 F800.0
G01 X39.305 Y17.291 Z-3.000 F800.0
G01 X39.305 Y17.792 Z-3.000 F800.0
G01 X39.305 Y18.292 Z-3.000 F800.0
G01 X39.305 Y18.793 Z-3.000 F800.0
G01 X39.305 Y19.294 Z-3.000 F800.0
G01 X39.305 Y19.794 Z-3.000 F800.0
G01 X39.010 Y20.000 Z-3.000 F800.0
G01 X38.510 Y20.000 Z-3.000 F800.0
G01 X38.009 Y20.000 Z-3.000 F800.0
G01 X37.509 Y20.000 Z-3.000 F800.0
G01 X37.008 Y20.000 Z-3.000 F800.0
G01 X36.508 Y20.000 Z-3.000 F800.0
G01 X36.007 Y20.000 Z-3.000 F800.0
G01 X35.506 Y20.000 Z-3.000 F800.0
G01 X35.006 Y20.000 Z-3.000 F800.0
G01 X34.505 Y20.000 Z-3.000 F800.0
G01 X34.005 Y20.000 Z-3.000 F800.0
G01 X33.504 Y20.000 Z-3.000 F800.0
G01 X33.004 Y20.000 Z-3.000 F800.0
G01 X32.503 Y20.000 Z-3.000 F800.0
G01 X32.003 Y20.000 Z-3.000 F800.0
G01 X31.502 Y20.000 Z-3.000 F800.0
G01 X31.001 Y20.000 Z-3.000 F800.0
G01 X30.501 Y20.000 Z-3.000 F800.0
G01 X30.000 Y20.000 Z-3.000 F800.0
G01 X29.500 Y20.000 Z-3.000 F800.0
G01 X28.999 Y20.000 Z-3.000 F800.0
G01 X28.499 Y20.000 Z-3.000 F800.0
G01 X27.998 Y20.000 Z-3.000 F800.0
G01 X27.498 Y20.000 Z-3.000 F800.0
G01 X26.997 Y20.000 Z-3.000 F800.0
G01 X26.496 Y20.000 Z-3.000 F800.0
G01 X25.996 Y20.000 Z-3.000 F800.0
G01 X25.542 Y20.096 Z-3.000 F800.0
G01 X25.230 Y20.487 Z-3.000 F800.0
G01 X24.911 Y20.873 Z-3.000 F800.0
G01 X24.587 Y21.254 Z-3.000 F800.0
G01 X24.256 Y21.631 Z-3.000 F800.0
G01 X23.920 Y22.002 Z-3.000 F800.0
G01 X23.579 Y22.367 Z-3.000 F800.0
G01 X23.231 Y22.728 Z-3.000 F800.0
G01 X22.879 Y23.083 Z-3.000 F800.0
G01 X22.520 Y23.433 Z-3.000 F800.0
G01 X22.157 Y23.777 Z-3.000 F800.0
G01 X21.788 Y24.115 Z-3.000 F800.0
G01 X21.414 Y24.448 Z-3.000 F800.0
G01 X21.035 Y24.775 Z-3.000 F800.0
G01 X20.651 Y25.096 Z-3.000 F800.0
G01 X20.262 Y25.411 Z-3.000 F800.0
G01 X19.868 Y25.720 Z-3.000 F800.0
G01 X19.470 Y26.023 Z-3.000 F800.0
G01 X19.067 Y26.319 Z-3.000 F800.0
G01 X18.659 Y26.610 Z-3.000 F800.0
G01 X18.247 Y26.894 Z-3.000 F800.0
G01 X17.831 Y27.172 Z-3.000 F800.0
G01 X17.410 Y27.443 Z-3.000 F800.0
G01 X16.985 Y27.708 Z-3.000 F800.0
G01 X16.557 Y27.967 Z-3.000 F800.0
G01 X16.124 Y28.218 Z-3.000 F800.0
G01 X15.687 Y28.463 Z-3.000 F800.0
G01 X15.247 Y28.701 Z-3.000 F800.0
G01 X14.803 Y28.933 Z-3.000 F800.0
G01 X14.356 Y29.157 Z-3.000 F800.0
G01 X13.905 Y29.375 Z-3.000 F800.0
G01 X13.451 Y29.586 Z-3.000 F800.0
G01 X12.994 Y29.789 Z-3.000 F800.0
G01 X12.534 Y29.986 Z-3.000 F800.0
G01 X12.070 Y30.175 Z-3.000 F800.0
G01 X11.604 Y30.358 Z-3.000 F800.0
G01 X11.135 Y30.533 Z-3.000 F800.0
G01 X10.664 Y30.701 Z-3.000 F800.0
G01 X10.190 Y30.861 Z-3.000 F800.0
G01 X9.713 Y31.015 Z-3.000 F800.0
G01 X9.234 Y31.161 Z-3.000 F800.0
G01 X8.753 Y31.299 Z-3.000 F800.0
G01 X8.270 Y31.430 Z-3.000 F800.0
G01 X7.785 Y31.554 Z-3.000 F800.0
G01 X7.298 Y31.670 Z-3.000 F800.0
G01 X6.810 Y31.779 Z-3.000 F800.0
G01 X6.319 Y31.880 Z-3.000 F800.0
G01 X5.828 Y31.973 Z-3.000 F800.0
G01 X5.335 Y32.059 Z-3.000 F800.0
G01 X4.840 Y32.138 Z-3.000 F800.0
G01 X4.345 Y32.208 Z-3.000 F800.0
G01 X3.848 Y32.271 Z-3.000 F800.0
G01 X3.351 Y32.327 Z-3.000 F800.0
G01 X2.852 Y32.375 Z-3.000 F800.0
G01 X2.353 Y32.415 Z-3.000 F800.0
G01 X1.854 Y32.447 Z-3.000 F800.0
G01 X1.354 Y32.472 Z-3.000 F800.0
G01 X0.854 Y32.489 Z-3.000 F800.0
G01 X0.353 Y32.498 Z-3.000 F800.0
G01 X-0.147 Y32.500 Z-3.000 F800.0
G01 X-0.648 Y32.494 Z-3.000 F800.0
G01 X-1.148 Y32.480 Z-3.000 F800.0
G01 X-1.648 Y32.458 Z-3.000 F800.0
G01 X-2.148 Y32.429 Z-3.000 F800.0
G01 X-2.647 Y32.392 Z-3.000 F800.0
G01 X-3.146 Y32.347 Z-3.000 F800.0
G01 X-3.644 Y32.295 Z-3.000 F800.0
G01 X-4.141 Y32.235 Z-3.000 F800.0
G01 X-4.636 Y32.168 Z-3.000 F800.0
G01 X-5.131 Y32.092 Z-3.000 F800.0
G01 X-5.625 Y32.010 Z-3.000 F800.0
G01 X-6.117 Y31.919 Z-3.000 F800.0
G01 X-6.608 Y31.821 Z-3.000 F800.0
G01 X-7.097 Y31.716 Z-3.000 F800.0
G01 X-7.585 Y31.602 Z-3.000 F800.0
G01 X-8.071 Y31.482 Z-3.000 F800.0
G01 X-8.555 Y31.354 Z-3.000 F800.0
G01 X-9.037 Y31.218 Z-3.000 F800.0
G01 X-9.516 Y31.076 Z-3.000 F800.0
G01 X-9.994 Y30.925 Z-3.000 F800.0
G01 X-10.469 Y30.768 Z-3.000 F800.0
G01 X-10.942 Y30.603 Z-3.000 F800.0
G01 X-11.412 Y30.431 Z-3.000 F800.0
G01 X-11.879 Y30.251 Z-3.000 F800.0
G01 X-12.343 Y30.065 Z-3.000 F800.0
G01 X-12.805 Y29.871 Z-3.000 F800.0
G01 X-13.263 Y29.670 Z-3.000 F800.0
G01 X-13.719 Y29.463 Z-3.000 F800.0
G01 X-14.171 Y29.248 Z-3.000 F800.0
G01 X-14.620 Y29.026 Z-3.000 F800.0
G01 X-15.065 Y28.797 Z-3.000 F800.0
G01 X-15.507 Y28.562 Z-3.000 F800.0
G01 X-15.945 Y28.320 Z-3.000 F800.0
G01 X-16.379 Y28.071 Z-3.000 F800.0
G01 X-16.809 Y27.815 Z-3.000 F800.0
G01 X-17.236 Y27.553 Z-3.000 F800.0
G01 X-17.658 Y27.284 Z-3.000 F800.0
G01 X-18.076 Y27.009 Z-3.000 F800.0
G01 X-18.490 Y26.728 Z-3.000 F800.0
G01 X-18.900 Y26.440 Z-3.000 F800.0
G01 X-19.305 Y26.145 Z-3.000 F800.0
G01 X-19.705 Y25.845 Z-3.000 F800.0
G01 X-20.101 Y25.539 Z-3.000 F800.0
G01 X-20.492 Y25.226 Z-3.000 F800.0
G01 X-20.878 Y24.907 Z-3.000 F800.0
G01 X-21.259 Y24.583 Z-3.000 F800.0
G01 X-21.635 Y24.253 Z-3.000 F800.0
G01 X-22.006 Y23.916 Z-3.000 F800.0
G01 X-22.371 Y23.575 Z-3.000 F800.0
G01 X-22.732 Y23.227 Z-3.000 F800.0
G01 X-23.087 Y22.874 Z-3.000 F800.0
G01 X-23.437 Y22.516 Z-3.000 F800.0
G01 X-23.781 Y22.153 Z-3.000 F800.0
G01 X-24.119 Y21.784 Z-3.000 F800.0
G01 X-24.451 Y21.410 Z-3.000 F800.0
G01 X-24.778 Y21.031 Z-3.000 F800.0
G01 X-25.099 Y20.646 Z-3.000 F800.0
G01 X-25.414 Y20.257 Z-3.000 F800.0
G01 X-25.790 Y20.000 Z-3.000 F800.0
G01 X-26.291 Y20.000 Z-3.000 F800.0
G01 X-26.791 Y20.000 Z-3.000 F800.0
G01 X-27.292 Y20.000 Z-3.000 F800.0
G01 X-27.792 Y20.000 Z-3.000 F800.0
G01 X-28.293 Y20.000 Z-3.000 F800.0
G01 X-28.793 Y20.000 Z-3.000 F800.0
G01 X-29.294 Y20.000 Z-3.000 F800.0
G01 X-29.794 Y20.000 Z-3.000 F800.0
G01 X-30.295 Y20.000 Z-3.000 F800.0
G01 X-30.796 Y20.000 Z-3.000 F800.0
G01 X-31.296 Y20.000 Z-3.000 F800.0
G01 X-31.797 Y20.000 Z-3.000 F800.0
G01 X-32.297 Y20.000 Z-3.000 F800.0
G01 X-32.798 Y20.000 Z-3.000 F800.0
G01 X-33.298 Y20.000 Z-3.000 F800.0
G01 X-33.799 Y20.000 Z-3.000 F800.0
G01 X-34.299 Y20.000 Z-3.000 F800.0
G01 X-34.800 Y20.000 Z-3.000 F800.0
G01 X-35.301 Y20.000 Z-3.000 F800.0
G01 X-35.801 Y20.000 Z-3.000 F800.0
G01 X-36.302 Y20.000 Z-3.000 F800.0
G01 X-36.802 Y20.000 Z-3.000 F800.0
G01 X-37.303 Y20.000 Z-3.000 F800.0
G01 X-37.803 Y20.000 Z-3.000 F800.0
G01 X-38.304 Y20.000 Z-3.000 F800.0
G01 X-38.804 Y20.000 Z-3.000 F800.0
G01 X-39.305 Y20.000 Z-3.000 F800.0
G00 X-39.305 Y20.000 Z50.000
G00 X-39.305 Y20.000 Z50.000
G01 Z-4.000 F200.0
G01 X-39.305 Y19.499 Z-4.000 F800.0
G01 X-39.305 Y18.999 Z-4.000 F800.0
G01 X-39.305 Y18.498 Z-4.000 F800.0
G01 X-39.305 Y17.998 Z-4.000 F800.0
G01 X-39.305 Y17.497 Z-4.000 F800.0
G01 X-39.305 Y16.997 Z-4.000 F800.0
G01 X-39.305 Y16.496 Z-4.000 F800.0
G01 X-39.305 Y15.996 Z-4.000 F800.0
G01 X-39.305 Y15.495 Z-4.000 F800.0
G01 X-39.305 Y14.994 Z-4.000 F800.0
G01 X-39.305 Y14.494 Z-4.000 F800.0
G01 X-39.305 Y13.993 Z-4.000 F800.0
G01 X-39.305 Y13.493 Z-4.000 F800.0
G01 X-39.305 Y12.992 Z-4.000 F800.0
G01 X-39.305 Y12.492 Z-4.000 F800.0
G01 X-39.305 Y11.991 Z-4.000 F800.0
G01 X-39.305 Y11.491 Z-4.000 F800.0
G01 X-39.305 Y10.990 Z-4.000 F800.0
G01 X-39.305 Y10.489 Z-4.000 F800.0
G01 X-39.305 Y9.989 Z-4.000 F800.0
G01 X-39.305 Y9.488 Z-4.000 F800.0
G01 X-39.305 Y8.988 Z-4.000 F800.0
G01 X-39.305 Y8.487 Z-4.000 F800.0
G01 X-39.305 Y7.987 Z-4.000 F800.0
G01 X-39.305 Y7.486 Z-4.000 F800.0
G01 X-39.305 Y6.986 Z-4.000 F800.0
G01 X-39.305 Y6.485 Z-4.000 F800.0
G01 X-39.305 Y5.984 Z-4.000 F800.0
G01 X-39.305 Y5.484 Z-4.000 F800.0
G01 X-39.305 Y4.983 Z-4.000 F800.0
G01 X-39.305 Y4.483 Z-4.000 F800.0
G01 X-39.305 Y3.982 Z-4.000 F800.0
G01 X-39.305 Y3.482 Z-4.000 F800.0
G01 X-39.305 Y2.981 Z-4.000 F800.0
G01 X-39.305 Y2.481 Z-4.000 F800.0
G01 X-39.305 Y1.980 Z-4.000 F800.0
G01 X-39.305 Y1.479 Z-4.000 F800.0
G01 X-39.305 Y0.979 Z-4.000 F800.0
G01 X-39.305 Y0.478 Z-4.000 F800.0
G01 X-39.305 Y-0.022 Z-4.000 F800.0
G01 X-39.305 Y-0.523 Z-4.000 F800.0
G01 X-39.305 Y-1.023 Z-4.000 F800.0
G01 X-39.305 Y-1.524 Z-4.000 F800.0
G01 X-39.305 Y-2.024 Z-4.000 F800.0
G01 X-39.305 Y-2.525 Z-4.000 F800.0
G01 X-39.305 Y-3.026 Z-4.000 F800.0
G01 X-39.305 Y-3.526 Z-4.000 F800.0
G01 X-39.305 Y-4.027 Z-4.000 F800.0
G01 X-39.305 Y-4.527 Z-4.000 F800.0
G01 X-39.305 Y-5.028 Z-4.000 F800.0
G01 X-39.305 Y-5.528 Z-4.000 F800.0
G01 X-39.305 Y-6.029 Z-4.000 F800.0
G01 X-39.305 Y-6.529 Z-4.000 F800.0
G01 X-39.305 Y-7.030 Z-4.000 F800.0
G01 X-39.305 Y-7.531 Z-4.000 F800.0
G01 X-39.305 Y-8.031 Z-4.000 F800.0
G01 X-39.305 Y-8.532 Z-4.000 F800.0
G01 X-39.305 Y-9.032 Z-4.000 F800.0
G01 X-39.305 Y-9.533 Z-4.000 F800.0
G01 X-39.305 Y-10.033 Z-4.000 F800.0
G01 X-39.305 Y-10.534 Z-4.000 F800.0
G01 X-39.305 Y-11.034 Z-4.000 F800.0
G01 X-39.305 Y-11.535 Z-4.000 F800.0
G01 X-39.305 Y-12.036 Z-4.000 F800.0
G01 X-39.305 Y-12.536 Z-4.000 F800.0
G01 X-39.305 Y-13.037 Z-4.000 F800.0
G01 X-39.305 Y-13.537 Z-4.000 F800.0
G01 X-39.305 Y-14.038 Z-4.000 F800.0
G01 X-39.305 Y-14.538 Z-4.000 F800.0
G01 X-39.305 Y-15.039 Z-4.000 F800.0
G01 X-39.305 Y-15.539 Z-4.000 F800.0
G01 X-39.305 Y-16.040 Z-4.000 F800.0
G01 X-39.305 Y-16.541 Z-4.000 F800.0
G01 X-39.305 Y-17.041 Z-4.000 F800.0
G01 X-39.305 Y-17.542 Z-4.000 F800.0
G01 X-39.305 Y-18.042 Z-4.000 F800.0
G01 X-39.305 Y-18.543 Z-4.000 F800.0
G01 X-39.305 Y-19.043 Z-4.000 F800.0
G01 X-39.305 Y-19.544 Z-4.000 F800.0
G01 X-39.261 Y-20.000 Z-4.000 F800.0
G01 X-38.760 Y-20.000 Z-4.000 F800.0
G01 X-38.259 Y-20.000 Z-4.000 F800.0
G01 X-37.759 Y-20.000 Z-4.000 F800.0
G01 X-37.258 Y-20.000 Z-4.000 F800.0
G01 X-36.758 Y-20.000 Z-4.000 F800.0
G01 X-36.257 Y-20.000 Z-4.000 F800.0
G01 X-35.757 Y-20.000 Z-4.000 F800.0
G01 X-35.256 Y-20.000 Z-4.000 F800.0
G01 X-34.756 Y-20.000 Z-4.000 F800.0
G01 X-34.255 Y-20.000 Z-4.000 F800.0
G01 X-33.754 Y-20.000 Z-4.000 F800.0
G01 X-33.254 Y-20.000 Z-4.000 F800.0
G01 X-32.753 Y-20.000 Z-4.000 F800.0
G01 X-32.253 Y-20.000 Z-4.000 F800.0
G01 X-31.752 Y-20.000 Z-4.000 F800.0
G01 X-31.252 Y-20.000 Z-4.000 F800.0
G01 X-30.751 Y-20.000 Z-4.000 F800.0
G01 X-30.251 Y-20.000 Z-4.000 F800.0
G01 X-29.750 Y-20.000 Z-4.000 F800.0
G01 X-29.249 Y-20.000 Z-4.000 F800.0
G01 X-28.749 Y-20.000 Z-4.000 F800.0
G01 X-28.248 Y-20.000 Z-4.000 F800.0
G01 X-27.748 Y-20.000 Z-4.000 F800.0
G01 X-27.247 Y-20.000 Z-4.000 F800.0
G01 X-26.747 Y-20.000 Z-4.000 F800.0
G01 X-26.246 Y-20.000 Z-4.000 F800.0
G01 X-25.746 Y-20.000 Z-4.000 F800.0
G01 X-25.387 Y-20.292 Z-4.000 F800.0
G01 X-25.071 Y-20.681 Z-4.000 F800.0
G01 X-24.750 Y-21.064 Z-4.000 F800.0
G01 X-24.422 Y-21.443 Z-4.000 F800.0
G01 X-24.089 Y-21.817 Z-4.000 F800.0
G01 X-23.750 Y-22.185 Z-4.000 F800.0
G01 X-23.406 Y-22.548 Z-4.000 F800.0
G01 X-23.056 Y-22.906 Z-4.000 F800.0
G01 X-22.700 Y-23.258 Z-4.000 F800.0
G01 X-22.339 Y-23.605 Z-4.000 F800.0
G01 X-21.973 Y-23.946 Z-4.000 F800.0
G01 X-21.602 Y-24.282 Z-4.000 F800.0
G01 X-21.225 Y-24.612 Z-4.000 F800.0
G01 X-20.844 Y-24.936 Z-4.000 F800.0
G01 X-20.457 Y-25.254 Z-4.000 F800.0
G01 X-20.066 Y-25.566 Z-4.000 F800.0
G01 X-19.670 Y-25.872 Z-4.000 F800.0
G01 X-19.269 Y-26.172 Z-4.000 F800.0
G01 X-18.863 Y-26.465 Z-4.000 F800.0
G01 X-18.454 Y-26.753 Z-4.000 F800.0
G01 X-18.039 Y-27.034 Z-4.000 F800.0
G01 X-17.621 Y-27.309 Z-4.000 F800.0
G01 X-17.198 Y-27.577 Z-4.000 F800.0
G01 X-16.771 Y-27.838 Z-4.000 F800.0
G01 X-16.341 Y-28.093 Z-4.000 F800.0
G01 X-15.906 Y-28.342 Z-4.000 F800.0
G01 X-15.468 Y-28.583 Z-4.000 F800.0
G01 X-15.026 Y-28.818 Z-4.000 F800.0
G01 X-14.580 Y-29.046 Z-4.000 F800.0
G01 X-14.131 Y-29.267 Z-4.000 F800.0
G01 X-13.679 Y-29.481 Z-4.000 F800.0
G01 X-13.223 Y-29.688 Z-4.000 F800.0
G01 X-12.764 Y-29.889 Z-4.000 F800.0
G01 X-12.302 Y-30.082 Z-4.000 F800.0
G01 X-11.838 Y-30.268 Z-4.000 F800.0
G01 X-11.370 Y-30.446 Z-4.000 F800.0
G01 X-10.900 Y-30.618 Z-4.000 F800.0
G01 X-10.427 Y-30.782 Z-4.000 F800.0
G01 X-9.952 Y-30.939 Z-4.000 F800.0
G01 X-9.474 Y-31.089 Z-4.000 F800.0
G01 X-8.994 Y-31.231 Z-4.000 F800.0
G01 X-8.512 Y-31.366 Z-4.000 F800.0
G01 X-8.028 Y-31.493 Z-4.000 F800.0
G01 X-7.542 Y-31.613 Z-4.000 F800.0
G01 X-7.054 Y-31.725 Z-4.000 F800.0
G01 X-6.565 Y-31.830 Z-4.000 F800.0
G01 X-6.074 Y-31.927 Z-4.000 F800.0
G01 X-5.581 Y-32.017 Z-4.000 F800.0
G01 X-5.087 Y-32.099 Z-4.000 F800.0
G01 X-4.593 Y-32.174 Z-4.000 F800.0
G01 X-4.096 Y-32.241 Z-4.000 F800.0
G01 X-3.599 Y-32.300 Z-4.000 F800.0
G01 X-3.102 Y-32.352 Z-4.000 F800.0
G01 X-2.603 Y-32.396 Z-4.000 F800.0
G01 X-2.104 Y-32.432 Z-4.000 F800.0
G01 X-1.604 Y-32.460 Z-4.000 F800.0
G01 X-1.104 Y-32.481 Z-4.000 F800.0
G01 X-0.603 Y-32.494 Z-4.000 F800.0
G01 X-0.103 Y-32.500 Z-4.000 F800.0
G01 X0.398 Y-32.498 Z-4.000 F800.0
G01 X0.898 Y-32.488 Z-4.000 F800.0
G01 X1.398 Y-32.470 Z-4.000 F800.0
G01 X1.898 Y-32.445 Z-4.000 F800.0
G01 X2.398 Y-32.411 Z-4.000 F800.0
G01 X2.897 Y-32.371 Z-4.000 F800.0
G01 X3.395 Y-32.322 Z-4.000 F800.0
G01 X3.892 Y-32.266 Z-4.000 F800.0
G01 X4.389 Y-32.202 Z-4.000 F800.0
G01 X4.884 Y-32.131 Z-4.000 F800.0
G01 X5.378 Y-32.052 Z-4.000 F800.0
G01 X5.871 Y-31.965 Z-4.000 F800.0
G01 X6.363 Y-31.871 Z-4.000 F800.0
G01 X6.853 Y-31.769 Z-4.000 F800.0
G01 X7.341 Y-31.660 Z-4.000 F800.0
G01 X7.828 Y-31.543 Z-4.000 F800.0
G01 X8.313 Y-31.419 Z-4.000 F800.0
G01 X8.796 Y-31.287 Z-4.000 F800.0
G01 X9.277 Y-31.148 Z-4.000 F800.0
G01 X9.755 Y-31.001 Z-4.000 F800.0
G01 X10.232 Y-30.847 Z-4.000 F800.0
G01 X10.706 Y-30.686 Z-4.000 F800.0
G01 X11.177 Y-30.518 Z-4.000 F800.0
G01 X11.646 Y-30.342 Z-4.000 F800.0
G01 X12.112 Y-30.159 Z-4.000 F800.0
G01 X12.575 Y-29.969 Z-4.000 F800.0
G01 X13.035 Y-29.772 Z-4.000 F800.0
G01 X13.492 Y-29.567 Z-4.000 F800.0
G01 X13.945 Y-29.356 Z-4.000 F800.0
G01 X14.396 Y-29.138 Z-4.000 F800.0
G01 X14.843 Y-28.913 Z-4.000 F800.0
G01 X15.286 Y-28.681 Z-4.000 F800.0
G01 X15.726 Y-28.442 Z-4.000 F800.0
G01 X16.162 Y-28.196 Z-4.000 F800.0
G01 X16.595 Y-27.944 Z-4.000 F800.0
G01 X17.023 Y-27.685 Z-4.000 F800.0
G01 X17.448 Y-27.420 Z-4.000 F800.0
G01 X17.868 Y-27.148 Z-4.000 F800.0
G01 X18.284 Y-26.869 Z-4.000 F800.0
G01 X18.695 Y-26.584 Z-4.000 F800.0
G01 X19.103 Y-26.293 Z-4.000 F800.0
G01 X19.505 Y-25.996 Z-4.000 F800.0
G01 X19.903 Y-25.693 Z-4.000 F800.0
G01 X20.297 Y-25.383 Z-4.000 F800.0
G01 X20.685 Y-25.067 Z-4.000 F800.0
G01 X21.069 Y-24.746 Z-4.000 F800.0
G01 X21.447 Y-24.418 Z-4.000 F800.0
G01 X21.821 Y-24.085 Z-4.000 F800.0
G01 X22.189 Y-23.746 Z-4.000 F800.0
G01 X22.552 Y-23.402 Z-4.000 F800.0
G01 X22.910 Y-23.052 Z-4.000 F800.0
G01 X23.262 Y-22.696 Z-4.000 F800.0
G01 X23.609 Y-22.335 Z-4.000 F800.0
G01 X23.950 Y-21.969 Z-4.000 F800.0
G01 X24.286 Y-21.597 Z-4.000 F800.0
G01 X24.616 Y-21.221 Z-4.000 F800.0
G01 X24.940 Y-20.839 Z-4.000 F800.0
G01 X25.258 Y-20.453 Z-4.000 F800.0
G01 X25.570 Y-20.061 Z-4.000 F800.0
G01 X26.040 Y-20.000 Z-4.000 F800.0
G01 X26.541 Y-20.000 Z-4.000 F800.0
G01 X27.041 Y-20.000 Z-4.000 F800.0
G01 X27.542 Y-20.000 Z-4.000 F800.0
G01 X28.043 Y-20.000 Z-4.000 F800.0
G01 X28.543 Y-20.000 Z-4.000 F800.0
G01 X29.044 Y-20.000 Z-4.000 F800.0
G01 X29.544 Y-20.000 Z-4.000 F800.0
G01 X30.045 Y-20.000 Z-4.000 F800.0
G01 X30.545 Y-20.000 Z-4.000 F800.0
G01 X31.046 Y-20.000 Z-4.000 F800.0
G01 X31.546 Y-20.000 Z-4.000 F800.0
G01 X32.047 Y-20.000 Z-4.000 F800.0
G01 X32.548 Y-20.000 Z-4.000 F800.0
G01 X33.048 Y-20.000 Z-4.000 F800.0
G01 X33.549 Y-20.000 Z-4.000 F800.0
G01 X34.049 Y-20.000 Z-4.000 F800.0
G01 X34.550 Y-20.000 Z-4.000 F800.0
G01 X35.050 Y-20.000 Z-4.000 F800.0
G01 X35.551 Y-20.000 Z-4.000 F800.0
G01 X36.051 Y-20.000 Z-4.000 F800.0
G01 X36.552 Y-20.000 Z-4.000 F800.0
G01 X37.053 Y-20.000 Z-4.000 F800.0
G01 X37.553 Y-20.000 Z-4.000 F800.0
G01 X38.054 Y-20.000 Z-4.000 F800.0
G01 X38.554 Y-20.000 Z-4.000 F800.0
G01 X39.055 Y-20.000 Z-4.000 F800.0
G01 X39.305 Y-19.750 Z-4.000 F800.0
G01 X39.305 Y-19.249 Z-4.000 F800.0
G01 X39.305 Y-18.749 Z-4.000 F800.0
G01 X39.305 Y-18.248 Z-4.000 F800.0
G01 X39.305 Y-17.748 Z-4.000 F800.0
G01 X39.305 Y-17.247 Z-4.000 F800.0
G01 X39.305 Y-16.746 Z-4.000 F800.0
G01 X39.305 Y-16.246 Z-4.000 F800.0
G01 X39.305 Y-15.745 Z-4.000 F800.0
G01 X39.305 Y-15.245 Z-4.000 F800.0
G01 X39.305 Y-14.744 Z-4.000 F800.0
G01 X39.305 Y-14.244 Z-4.000 F800.0
G01 X39.305 Y-13.743 Z-4.000 F800.0
G01 X39.305 Y-13.243 Z-4.000 F800.0
G01 X39.305 Y-12.742 Z-4.000 F800.0
G01 X39.305 Y-12.241 Z-4.000 F800.0
G01 X39.305 Y-11.741 Z-4.000 F800.0
G01 X39.305 Y-11.240 Z-4.000 F800.0
G01 X39.305 Y-10.740 Z-4.000 F800.0
G01 X39.305 Y-10.239 Z-4.000 F800.0
G01 X39.305 Y-9.739 Z-4.000 F800.0
G01 X39.305 Y-9.238 Z-4.000 F800.0
G01 X39.305 Y-8.738 Z-4.000 F800.0
G01 X39.305 Y-8.237 Z-4.000 F800.0
G01 X39.305 Y-7.736 Z-4.000 F800.0
G01 X39.305 Y-7.236 Z-4.000 F800.0
G01 X39.305 Y-6.735 Z-4.000 F800.0
G01 X39.305 Y-6.235 Z-4.000 F800.0
G01 X39.305 Y-5.734 Z-4.000 F800.0
G01 X39.305 Y-5.234 Z-4.000 F800.0
G01 X39.305 Y-4.733 Z-4.000 F800.0
G01 X39.305 Y-4.233 Z-4.000 F800.0
G01 X39.305 Y-3.732 Z-4.000 F800.0
G01 X39.305 Y-3.231 Z-4.000 F800.0
G01 X39.305 Y-2.731 Z-4.000 F800.0
G01 X39.305 Y-2.230 Z-4.000 F800.0
G01 X39.305 Y-1.730 Z-4.000 F800.0
G01 X39.305 Y-1.229 Z-4.000 F800.0
G01 X39.305 Y-0.729 Z-4.000 F800.0
G01 X39.305 Y-0.228 Z-4.000 F800.0
G01 X39.305 Y0.272 Z-4.000 F800.0
G01 X39.305 Y0.773 Z-4.000 F800.0
G01 X39.305 Y1.274 Z-4.000 F800.0
G01 X39.305 Y1.774 Z-4.000 F800.0
G01 X39.305 Y2.275 Z-4.000 F800.0
G01 X39.305 Y2.775 Z-4.000 F800.0
G01 X39.305 Y3.276 Z-4.000 F800.0
G01 X39.305 Y3.776 Z-4.000 F800.0
G01 X39.305 Y4.277 Z-4.000 F800.0
G01 X39.305 Y4.777 Z-4.000 F800.0
G01 X39.305 Y5.278 Z-4.000 F800.0
G01 X39.305 Y5.779 Z-4.000 F800.0
G01 X39.305 Y6.279 Z-4.000 F800.0
G01 X39.305 Y6.780 Z-4.000 F800.0
G01 X39.305 Y7.280 Z-4.000 F800.0
G01 X39.305 Y7.781 Z-4.000 F800.0
G01 X39.305 Y8.281 Z-4.000 F800.0
G01 X39.305 Y8.782 Z-4.000 F800.0
G01 X39.305 Y9.282 Z-4.000 F800.0
G01 X39.305 Y9.783 Z-4.000 F800.0
G01 X39.305 Y10.284 Z-4.000 F800.0
G01 X39.305 Y10.784 Z-4.000 F800.0
G01 X39.305 Y11.285 Z-4.000 F800.0
G01 X39.305 Y11.785 Z-4.000 F800.0
G01 X39.305 Y12.286 Z-4.000 F800.0
G01 X39.305 Y12.786 Z-4.000 F800.0
G01 X39.305 Y13.287 Z-4.000 F800.0
G01 X39.305 Y13.787 Z-4.000 F800.0
G01 X39.305 Y14.288 Z-4.000 F800.0
G01 X39.305 Y14.789 Z-4.000 F800.0
G01 X39.305 Y15.289 Z-4.000 F800.0
G01 X39.305 Y15.790 Z-4.000 F800.0
G01 X39.305 Y16.290 Z-4.000 F800.0
G01 X39.305 Y16.791 Z-4.000 F800.0
G01 X39.305 Y17.291 Z-4.000 F800.0
G01 X39.305 Y17.792 Z-4.000 F800.0
G01 X39.305 Y18.292 Z-4.000 F800.0
G01 X39.305 Y18.793 Z-4.000 F800.0
G01 X39.305 Y19.294 Z-4.000 F800.0
G01 X39.305 Y19.794 Z-4.000 F800.0
G01 X39.010 Y20.000 Z-4.000 F800.0
G01 X38.510 Y20.000 Z-4.000 F800.0
G01 X38.009 Y20.000 Z-4.000 F800.0
G01 X37.509 Y20.000 Z-4.000 F800.0
G01 X37.008 Y20.000 Z-4.000 F800.0
G01 X36.508 Y20.000 Z-4.000 F800.0
G01 X36.007 Y20.000 Z-4.000 F800.0
G01 X35.506 Y20.000 Z-4.000 F800.0
G01 X35.006 Y20.000 Z-4.000 F800.0
G01 X34.505 Y20.000 Z-4.000 F800.0
G01 X34.005 Y20.000 Z-4.000 F800.0
G01 X33.504 Y20.000 Z-4.000 F800.0
G01 X33.004 Y20.000 Z-4.000 F800.0
G01 X32.503 Y20.000 Z-4.000 F800.0
G01 X32.003 Y20.000 Z-4.000 F800.0
G01 X31.502 Y20.000 Z-4.000 F800.0
G01 X31.001 Y20.000 Z-4.000 F800.0
G01 X30.501 Y20.000 Z-4.000 F800.0
G01 X30.000 Y20.000 Z-4.000 F800.0
G01 X29.500 Y20.000 Z-4.000 F800.0
G01 X28.999 Y20.000 Z-4.000 F800.0
G01 X28.499 Y20.000 Z-4.000 F800.0
G01 X27.998 Y20.000 Z-4.000 F800.0
G01 X27.498 Y20.000 Z-4.000 F800.0
G01 X26.997 Y20.000 Z-4.000 F800.0
G01 X26.496 Y20.000 Z-4.000 F800.0
G01 X25.996 Y20.000 Z-4.000 F800.0
G01 X25.542 Y20.096 Z-4.000 F800.0
G01 X25.230 Y20.487 Z-4.000 F800.0
G01 X24.911 Y20.873 Z-4.000 F800.0
G01 X24.587 Y21.254 Z-4.000 F800.0
G01 X24.256 Y21.631 Z-4.000 F800.0
G01 X23.920 Y22.002 Z-4.000 F800.0
G01 X23.579 Y22.367 Z-4.000 F800.0
G01 X23.231 Y22.728 Z-4.000 F800.0
G01 X22.879 Y23.083 Z-4.000 F800.0
G01 X22.520 Y23.433 Z-4.000 F800.0
G01 X22.157 Y23.777 Z-4.000 F800.0
G01 X21.788 Y24.115 Z-4.000 F800.0
G01 X21.414 Y24.448 Z-4.000 F800.0
G01 X21.035 Y24.775 Z-4.000 F800.0
G01 X20.651 Y25.096 Z-4.000 F800.0
G01 X20.262 Y25.411 Z-4.000 F800.0
G01 X19.868 Y25.720 Z-4.000 F800.0
G01 X19.470 Y26.023 Z-4.000 F800.0
G01 X19.067 Y26.319 Z-4.000 F800.0
G01 X18.659 Y26.610 Z-4.000 F800.0
G01 X18.247 Y26.894 Z-4.000 F800.0
G01 X17.831 Y27.172 Z-4.000 F800.0
G01 X17.410 Y27.443 Z-4.000 F800.0
G01 X16.985 Y27.708 Z-4.000 F800.0
G01 X16.557 Y27.967 Z-4.000 F800.0
G01 X16.124 Y28.218 Z-4.000 F800.0
G01 X15.687 Y28.463 Z-4.000 F800.0
G01 X15.247 Y28.701 Z-4.000 F800.0
G01 X14.803 Y28.933 Z-4.000 F800.0
G01 X14.356 Y29.157 Z-4.000 F800.0
G01 X13.905 Y29.375 Z-4.000 F800.0
G01 X13.451 Y29.586 Z-4.000 F800.0
G01 X12.994 Y29.789 Z-4.000 F800.0
G01 X12.534 Y29.986 Z-4.000 F800.0
G01 X12.070 Y30.175 Z-4.000 F800.0
G01 X11.604 Y30.358 Z-4.000 F800.0
G01 X11.135 Y30.533 Z-4.000 F800.0
G01 X10.664 Y30.701 Z-4.000 F800.0
G01 X10.190 Y30.861 Z-4.000 F800.0
G01 X9.713 Y31.015 Z-4.000 F800.0
G01 X9.234 Y31.161 Z-4.000 F800.0
G01 X8.753 Y31.299 Z-4.000 F800.0
G01 X8.270 Y31.430 Z-4.000 F800.0
G01 X7.785 Y31.554 Z-4.000 F800.0
G01 X7.298 Y31.670 Z-4.000 F800.0
G01 X6.810 Y31.779 Z-4.000 F800.0
G01 X6.319 Y31.880 Z-4.000 F800.0
G01 X5.828 Y31.973 Z-4.000 F800.0
G01 X5.335 Y32.059 Z-4.000 F800.0
G01 X4.840 Y32.138 Z-4.000 F800.0
G01 X4.345 Y32.208 Z-4.000 F800.0
G01 X3.848 Y32.271 Z-4.000 F800.0
G01 X3.351 Y32.327 Z-4.000 F800.0
G01 X2.852 Y32.375 Z-4.000 F800.0
G01 X2.353 Y32.415 Z-4.000 F800.0
G01 X1.854 Y32.447 Z-4.000 F800.0
G01 X1.354 Y32.472 Z-4.000 F800.0
G01 X0.854 Y32.489 Z-4.000 F800.0
G01 X0.353 Y32.498 Z-4.000 F800.0
G01 X-0.147 Y32.500 Z-4.000 F800.0
G01 X-0.648 Y32.494 Z-4.000 F800.0
G01 X-1.148 Y32.480 Z-4.000 F800.0
G01 X-1.648 Y32.458 Z-4.000 F800.0
G01 X-2.148 Y32.429 Z-4.000 F800.0
G01 X-2.647 Y32.392 Z-4.000 F800.0
G01 X-3.146 Y32.347 Z-4.000 F800.0
G01 X-3.644 Y32.295 Z-4.000 F800.0
G01 X-4.141 Y32.235 Z-4.000 F800.0
G01 X-4.636 Y32.168 Z-4.000 F800.0
G01 X-5.131 Y32.092 Z-4.000 F800.0
G01 X-5.625 Y32.010 Z-4.000 F800.0
G01 X-6.117 Y31.919 Z-4.000 F800.0
G01 X-6.608 Y31.821 Z-4.000 F800.0
G01 X-7.097 Y31.716 Z-4.000 F800.0
G01 X-7.585 Y31.602 Z-4.000 F800.0
G01 X-8.071 Y31.482 Z-4.000 F800.0
G01 X-8.555 Y31.354 Z-4.000 F800.0
G01 X-9.037 Y31.218 Z-4.000 F800.0
G01 X-9.516 Y31.076 Z-4.000 F800.0
G01 X-9.994 Y30.925 Z-4.000 F800.0
G01 X-10.469 Y30.768 Z-4.000 F800.0
G01 X-10.942 Y30.603 Z-4.000 F800.0
G01 X-11.412 Y30.431 Z-4.000 F800.0
G01 X-11.879 Y30.251 Z-4.000 F800.0
G01 X-12.343 Y30.065 Z-4.000 F800.0
G01 X-12.805 Y29.871 Z-4.000 F800.0
G01 X-13.263 Y29.670 Z-4.000 F800.0
G01 X-13.719 Y29.463 Z-4.000 F800.0
G01 X-14.171 Y29.248 Z-4.000 F800.0
G01 X-14.620 Y29.026 Z-4.000 F800.0
G01 X-15.065 Y28.797 Z-4.000 F800.0
G01 X-15.507 Y28.562 Z-4.000 F800.0
G01 X-15.945 Y28.320 Z-4.000 F800.0
G01 X-16.379 Y28.071 Z-4.000 F800.0
G01 X-16.809 Y27.815 Z-4.000 F800.0
G01 X-17.236 Y27.553 Z-4.000 F800.0
G01 X-17.658 Y27.284 Z-4.000 F800.0
G01 X-18.076 Y27.009 Z-4.000 F800.0
G01 X-18.490 Y26.728 Z-4.000 F800.0
G01 X-18.900 Y26.440 Z-4.000 F800.0
G01 X-19.305 Y26.145 Z-4.000 F800.0
G01 X-19.705 Y25.845 Z-4.000 F800.0
G01 X-20.101 Y25.539 Z-4.000 F800.0
G01 X-20.492 Y25.226 Z-4.000 F800.0
G01 X-20.878 Y24.907 Z-4.000 F800.0
G01 X-21.259 Y24.583 Z-4.000 F800.0
G01 X-21.635 Y24.253 Z-4.000 F800.0
G01 X-22.006 Y23.916 Z-4.000 F800.0
G01 X-22.371 Y23.575 Z-4.000 F800.0
G01 X-22.732 Y23.227 Z-4.000 F800.0
G01 X-23.087 Y22.874 Z-4.000 F800.0
G01 X-23.437 Y22.516 Z-4.000 F800.0
G01 X-23.781 Y22.153 Z-4.000 F800.0
G01 X-24.119 Y21.784 Z-4.000 F800.0
G01 X-24.451 Y21.410 Z-4.000 F800.0
G01 X-24.778 Y21.031 Z-4.000 F800.0
G01 X-25.099 Y20.646 Z-4.000 F800.0
G01 X-25.414 Y20.257 Z-4.000 F800.0
G01 X-25.790 Y20.000 Z-4.000 F800.0
G01 X-26.291 Y20.000 Z-4.000 F800.0
G01 X-26.791 Y20.000 Z-4.000 F800.0
G01 X-27.292 Y20.000 Z-4.000 F800.0
G01 X-27.792 Y20.000 Z-4.000 F800.0
G01 X-28.293 Y20.000 Z-4.000 F800.0
G01 X-28.793 Y20.000 Z-4.000 F800.0
G01 X-29.294 Y20.000 Z-4.000 F800.0
G01 X-29.794 Y20.000 Z-4.000 F800.0
G01 X-30.295 Y20.000 Z-4.000 F800.0
G01 X-30.796 Y20.000 Z-4.000 F800.0
G01 X-31.296 Y20.000 Z-4.000 F800.0
G01 X-31.797 Y20.000 Z-4.000 F800.0
G01 X-32.297 Y20.000 Z-4.000 F800.0
G01 X-32.798 Y20.000 Z-4.000 F800.0
G01 X-33.298 Y20.000 Z-4.000 F800.0
G01 X-33.799 Y20.000 Z-4.000 F800.0
G01 X-34.299 Y20.000 Z-4.000 F800.0
G01 X-34.800 Y20.000 Z-4.000 F800.0
G01 X-35.301 Y20.000 Z-4.000 F800.0
G01 X-35.801 Y20.000 Z-4.000 F800.0
G01 X-36.302 Y20.000 Z-4.000 F800.0
G01 X-36.802 Y20.000 Z-4.000 F800.0
G01 X-37.303 Y20.000 Z-4.000 F800.0
G01 X-37.803 Y20.000 Z-4.000 F800.0
G01 X-38.304 Y20.000 Z-4.000 F800.0
G01 X-38.804 Y20.000 Z-4.000 F800.0
G01 X-39.305 Y20.000 Z-4.000 F800.0
G00 X-39.305 Y20.000 Z50.000
G00 X-39.305 Y20.000 Z50.000
G01 Z-5.000 F200.0
G01 X-39.305 Y19.499 Z-5.000 F800.0
G01 X-39.305 Y18.999 Z-5.000 F800.0
G01 X-39.305 Y18.498 Z-5.000 F800.0
G01 X-39.305 Y17.998 Z-5.000 F800.0
G01 X-39.305 Y17.497 Z-5.000 F800.0
G01 X-39.305 Y16.997 Z-5.000 F800.0
G01 X-39.305 Y16.496 Z-5.000 F800.0
G01 X-39.305 Y15.996 Z-5.000 F800.0
G01 X-39.305 Y15.495 Z-5.000 F800.0
G01 X-39.305 Y14.994 Z-5.000 F800.0
G01 X-39.305 Y14.494 Z-5.000 F800.0
G01 X-39.305 Y13.993 Z-5.000 F800.0
G01 X-39.305 Y13.493 Z-5.000 F800.0
G01 X-39.305 Y12.992 Z-5.000 F800.0
G01 X-39.305 Y12.492 Z-5.000 F800.0
G01 X-39.305 Y11.991 Z-5.000 F800.0
G01 X-39.305 Y11.491 Z-5.000 F800.0
G01 X-39.305 Y10.990 Z-5.000 F800.0
G01 X-39.305 Y10.489 Z-5.000 F800.0
G01 X-39.305 Y9.989 Z-5.000 F800.0
G01 X-39.305 Y9.488 Z-5.000 F800.0
G01 X-39.305 Y8.988 Z-5.000 F800.0
G01 X-39.305 Y8.487 Z-5.000 F800.0
G01 X-39.305 Y7.987 Z-5.000 F800.0
G01 X-39.305 Y7.486 Z-5.000 F800.0
G01 X-39.305 Y6.986 Z-5.000 F800.0
G01 X-39.305 Y6.485 Z-5.000 F800.0
G01 X-39.305 Y5.984 Z-5.000 F800.0
G01 X-39.305 Y5.484 Z-5.000 F800.0
G01 X-39.305 Y4.983 Z-5.000 F800.0
G01 X-39.305 Y4.483 Z-5.000 F800.0
G01 X-39.305 Y3.982 Z-5.000 F800.0
G01 X-39.305 Y3.482 Z-5.000 F800.0
G01 X-39.305 Y2.981 Z-5.000 F800.0
G01 X-39.305 Y2.481 Z-5.000 F800.0
G01 X-39.305 Y1.980 Z-5.000 F800.0
G01 X-39.305 Y1.479 Z-5.000 F800.0
G01 X-39.305 Y0.979 Z-5.000 F800.0
G01 X-39.305 Y0.478 Z-5.000 F800.0
G01 X-39.305 Y-0.022 Z-5.000 F800.0
G01 X-39.305 Y-0.523 Z-5.000 F800.0
G01 X-39.305 Y-1.023 Z-5.000 F800.0
G01 X-39.305 Y-1.524 Z-5.000 F800.0
G01 X-39.305 Y-2.024 Z-5.000 F800.0
G01 X-39.305 Y-2.525 Z-5.000 F800.0
G01 X-39.305 Y-3.026 Z-5.000 F800.0
G01 X-39.305 Y-3.526 Z-5.000 F800.0
G01 X-39.305 Y-4.027 Z-5.000 F800.0
G01 X-39.305 Y-4.527 Z-5.000 F800.0
G01 X-39.305 Y-5.028 Z-5.000 F800.0
G01 X-39.305 Y-5.528 Z-5.000 F800.0
G01 X-39.305 Y-6.029 Z-5.000 F800.0
G01 X-39.305 Y-6.529 Z-5.000 F800.0
G01 X-39.305 Y-7.030 Z-5.000 F800.0
G01 X-39.305 Y-7.531 Z-5.000 F800.0
G01 X-39.305 Y-8.031 Z-5.000 F800.0
G01 X-39.305 Y-8.532 Z-5.000 F800.0
G01 X-39.305 Y-9.032 Z-5.000 F800.0
G01 X-39.305 Y-9.533 Z-5.000 F800.0
G01 X-39.305 Y-10.033 Z-5.000 F800.0
G01 X-39.305 Y-10.534 Z-5.000 F800.0
G01 X-39.305 Y-11.034 Z-5.000 F800.0
G01 X-39.305 Y-11.535 Z-5.000 F800.0
G01 X-39.305 Y-12.036 Z-5.000 F800.0
G01 X-39.305 Y-12.536 Z-5.000 F800.0
G01 X-39.305 Y-13.037 Z-5.000 F800.0
G01 X-39.305 Y-13.537 Z-5.000 F800.0
G01 X-39.305 Y-14.038 Z-5.000 F800.0
G01 X-39.305 Y-14.538 Z-5.000 F800.0
G01 X-39.305 Y-15.039 Z-5.000 F800.0
G01 X-39.305 Y-15.539 Z-5.000 F800.0
G01 X-39.305 Y-16.040 Z-5.000 F800.0
G01 X-39.305 Y-16.541 Z-5.000 F800.0
G01 X-39.305 Y-17.041 Z-5.000 F800.0
G01 X-39.305 Y-17.542 Z-5.000 F800.0
G01 X-39.305 Y-18.042 Z-5.000 F800.0
G01 X-39.305 Y-18.543 Z-5.000 F800.0
G01 X-39.305 Y-19.043 Z-5.000 F800.0
G01 X-39.305 Y-19.544 Z-5.000 F800.0
G01 X-39.261 Y-20.000 Z-5.000 F800.0
G01 X-38.760 Y-20.000 Z-5.000 F800.0
G01 X-38.259 Y-20.000 Z-5.000 F800.0
G01 X-37.759 Y-20.000 Z-5.000 F800.0
G01 X-37.258 Y-20.000 Z-5.000 F800.0
G01 X-36.758 Y-20.000 Z-5.000 F800.0
G01 X-36.257 Y-20.000 Z-5.000 F800.0
G01 X-35.757 Y-20.000 Z-5.000 F800.0
G01 X-35.256 Y-20.000 Z-5.000 F800.0
G01 X-34.756 Y-20.000 Z-5.000 F800.0
G01 X-34.255 Y-20.000 Z-5.000 F800.0
G01 X-33.754 Y-20.000 Z-5.000 F800.0
G01 X-33.254 Y-20.000 Z-5.000 F800.0
G01 X-32.753 Y-20.000 Z-5.000 F800.0
G01 X-32.253 Y-20.000 Z-5.000 F800.0
G01 X-31.752 Y-20.000 Z-5.000 F800.0
G01 X-31.252 Y-20.000 Z-5.000 F800.0
G01 X-30.751 Y-20.000 Z-5.000 F800.0
G01 X-30.251 Y-20.000 Z-5.000 F800.0
G01 X-29.750 Y-20.000 Z-5.000 F800.0
G01 X-29.249 Y-20.000 Z-5.000 F800.0
G01 X-28.749 Y-20.000 Z-5.000 F800.0
G01 X-28.248 Y-20.000 Z-5.000 F800.0
G01 X-27.748 Y-20.000 Z-5.000 F800.0
G01 X-27.247 Y-20.000 Z-5.000 F800.0
G01 X-26.747 Y-20.000 Z-5.000 F800.0
G01 X-26.246 Y-20.000 Z-5.000 F800.0
G01 X-25.746 Y-20.000 Z-5.000 F800.0
G01 X-25.387 Y-20.292 Z-5.000 F800.0
G01 X-25.071 Y-20.681 Z-5.000 F800.0
G01 X-24.750 Y-21.064 Z-5.000 F800.0
G01 X-24.422 Y-21.443 Z-5.000 F800.0
G01 X-24.089 Y-21.817 Z-5.000 F800.0
G01 X-23.750 Y-22.185 Z-5.000 F800.0
G01 X-23.406 Y-22.548 Z-5.000 F800.0
G01 X-23.056 Y-22.906 Z-5.000 F800.0
G01 X-22.700 Y-23.258 Z-5.000 F800.0
G01 X-22.339 Y-23.605 Z-5.000 F800.0
G01 X-21.973 Y-23.946 Z-5.000 F800.0
G01 X-21.602 Y-24.282 Z-5.000 F800.0
G01 X-21.225 Y-24.612 Z-5.000 F800.0
G01 X-20.844 Y-24.936 Z-5.000 F800.0
G01 X-20.457 Y-25.254 Z-5.000 F800.0
G01 X-20.066 Y-25.566 Z-5.000 F800.0
G01 X-19.670 Y-25.872 Z-5.000 F800.0
G01 X-19.269 Y-26.172 Z-5.000 F800.0
G01 X-18.863 Y-26.465 Z-5.000 F800.0
G01 X-18.454 Y-26.753 Z-5.000 F800.0
G01 X-18.039 Y-27.034 Z-5.000 F800.0
G01 X-17.621 Y-27.309 Z-5.000 F800.0
G01 X-17.198 Y-27.577 Z-5.000 F800.0
G01 X-16.771 Y-27.838 Z-5.000 F800.0
G01 X-16.341 Y-28.093 Z-5.000 F800.0
G01 X-15.906 Y-28.342 Z-5.000 F800.0
G01 X-15.468 Y-28.583 Z-5.000 F800.0
G01 X-15.026 Y-28.818 Z-5.000 F800.0
G01 X-14.580 Y-29.046 Z-5.000 F800.0
G01 X-14.131 Y-29.267 Z-5.000 F800.0
G01 X-13.679 Y-29.481 Z-5.000 F800.0
G01 X-13.223 Y-29.688 Z-5.000 F800.0
G01 X-12.764 Y-29.889 Z-5.000 F800.0
G01 X-12.302 Y-30.082 Z-5.000 F800.0
G01 X-11.838 Y-30.268 Z-5.000 F800.0
G01 X-11.370 Y-30.446 Z-5.000 F800.0
G01 X-10.900 Y-30.618 Z-5.000 F800.0
G01 X-10.427 Y-30.782 Z-5.000 F800.0
G01 X-9.952 Y-30.939 Z-5.000 F800.0
G01 X-9.474 Y-31.089 Z-5.000 F800.0
G01 X-8.994 Y-31.231 Z-5.000 F800.0
G01 X-8.512 Y-31.366 Z-5.000 F800.0
G01 X-8.028 Y-31.493 Z-5.000 F800.0
G01 X-7.542 Y-31.613 Z-5.000 F800.0
G01 X-7.054 Y-31.725 Z-5.000 F800.0
G01 X-6.565 Y-31.830 Z-5.000 F800.0
G01 X-6.074 Y-31.927 Z-5.000 F800.0
G01 X-5.581 Y-32.017 Z-5.000 F800.0
G01 X-5.087 Y-32.099 Z-5.000 F800.0
G01 X-4.593 Y-32.174 Z-5.000 F800.0
G01 X-4.096 Y-32.241 Z-5.000 F800.0
G01 X-3.599 Y-32.300 Z-5.000 F800.0
G01 X-3.102 Y-32.352 Z-5.000 F800.0
G01 X-2.603 Y-32.396 Z-5.000 F800.0
G01 X-2.104 Y-32.432 Z-5.000 F800.0
G01 X-1.604 Y-32.460 Z-5.000 F800.0
G01 X-1.104 Y-32.481 Z-5.000 F800.0
G01 X-0.603 Y-32.494 Z-5.000 F800.0
G01 X-0.103 Y-32.500 Z-5.000 F800.0
G01 X0.398 Y-32.498 Z-5.000 F800.0
G01 X0.898 Y-32.488 Z-5.000 F800.0
G01 X1.398 Y-32.470 Z-5.000 F800.0
G01 X1.898 Y-32.445 Z-5.000 F800.0
G01 X2.398 Y-32.411 Z-5.000 F800.0
G01 X2.897 Y-32.371 Z-5.000 F800.0
G01 X3.395 Y-32.322 Z-5.000 F800.0
G01 X3.892 Y-32.266 Z-5.000 F800.0
G01 X4.389 Y-32.202 Z-5.000 F800.0
G01 X4.884 Y-32.131 Z-5.000 F800.0
G01 X5.378 Y-32.052 Z-5.000 F800.0
G01 X5.871 Y-31.965 Z-5.000 F800.0
G01 X6.363 Y-31.871 Z-5.000 F800.0
G01 X6.853 Y-31.769 Z-5.000 F800.0
G01 X7.341 Y-31.660 Z-5.000 F800.0
G01 X7.828 Y-31.543 Z-5.000 F800.0
G01 X8.313 Y-31.419 Z-5.000 F800.0
G01 X8.796 Y-31.287 Z-5.000 F800.0
G01 X9.277 Y-31.148 Z-5.000 F800.0
G01 X9.755 Y-31.001 Z-5.000 F800.0
G01 X10.232 Y-30.847 Z-5.000 F800.0
G01 X10.706 Y-30.686 Z-5.000 F800.0
G01 X11.177 Y-30.518 Z-5.000 F800.0
G01 X11.646 Y-30.342 Z-5.000 F800.0
G01 X12.112 Y-30.159 Z-5.000 F800.0
G01 X12.575 Y-29.969 Z-5.000 F800.0
G01 X13.035 Y-29.772 Z-5.000 F800.0
G01 X13.492 Y-29.567 Z-5.000 F800.0
G01 X13.945 Y-29.356 Z-5.000 F800.0
G01 X14.396 Y-29.138 Z-5.000 F800.0
G01 X14.843 Y-28.913 Z-5.000 F800.0
G01 X15.286 Y-28.681 Z-5.000 F800.0
G01 X15.726 Y-28.442 Z-5.000 F800.0
G01 X16.162 Y-28.196 Z-5.000 F800.0
G01 X16.595 Y-27.944 Z-5.000 F800.0
G01 X17.023 Y-27.685 Z-5.000 F800.0
G01 X17.448 Y-27.420 Z-5.000 F800.0
G01 X17.868 Y-27.148 Z-5.000 F800.0
G01 X18.284 Y-26.869 Z-5.000 F800.0
G01 X18.695 Y-26.584 Z-5.000 F800.0
G01 X19.103 Y-26.293 Z-5.000 F800.0
G01 X19.505 Y-25.996 Z-5.000 F800.0
G01 X19.903 Y-25.693 Z-5.000 F800.0
G01 X20.297 Y-25.383 Z-5.000 F800.0
G01 X20.685 Y-25.067 Z-5.000 F800.0
G01 X21.069 Y-24.746 Z-5.000 F800.0
G01 X21.447 Y-24.418 Z-5.000 F800.0
G01 X21.821 Y-24.085 Z-5.000 F800.0
G01 X22.189 Y-23.746 Z-5.000 F800.0
G01 X22.552 Y-23.402 Z-5.000 F800.0
G01 X22.910 Y-23.052 Z-5.000 F800.0
G01 X23.262 Y-22.696 Z-5.000 F800.0
G01 X23.609 Y-22.335 Z-5.000 F800.0
G01 X23.950 Y-21.969 Z-5.000 F800.0
G01 X24.286 Y-21.597 Z-5.000 F800.0
G01 X24.616 Y-21.221 Z-5.000 F800.0
G01 X24.940 Y-20.839 Z-5.000 F800.0
G01 X25.258 Y-20.453 Z-5.000 F800.0
G01 X25.570 Y-20.061 Z-5.000 F800.0
G01 X26.040 Y-20.000 Z-5.000 F800.0
G01 X26.541 Y-20.000 Z-5.000 F800.0
G01 X27.041 Y-20.000 Z-5.000 F800.0
G01 X27.542 Y-20.000 Z-5.000 F800.0
G01 X28.043 Y-20.000 Z-5.000 F800.0
G01 X28.543 Y-20.000 Z-5.000 F800.0
G01 X29.044 Y-20.000 Z-5.000 F800.0
G01 X29.544 Y-20.000 Z-5.000 F800.0
G01 X30.045 Y-20.000 Z-5.000 F800.0
G01 X30.545 Y-20.000 Z-5.000 F800.0
G01 X31.046 Y-20.000 Z-5.000 F800.0
G01 X31.546 Y-20.000 Z-5.000 F800.0
G01 X32.047 Y-20.000 Z-5.000 F800.0
G01 X32.548 Y-20.000 Z-5.000 F800.0
G01 X33.048 Y-20.000 Z-5.000 F800.0
G01 X33.549 Y-20.000 Z-5.000 F800.0
G01 X34.049 Y-20.000 Z-5.000 F800.0
G01 X34.550 Y-20.000 Z-5.000 F800.0
G01 X35.050 Y-20.000 Z-5.000 F800.0
G01 X35.551 Y-20.000 Z-5.000 F800.0
G01 X36.051 Y-20.000 Z-5.000 F800.0
G01 X36.552 Y-20.000 Z-5.000 F800.0
G01 X37.053 Y-20.000 Z-5.000 F800.0
G01 X37.553 Y-20.000 Z-5.000 F800.0
G01 X38.054 Y-20.000 Z-5.000 F800.0
G01 X38.554 Y-20.000 Z-5.000 F800.0
G01 X39.055 Y-20.000 Z-5.000 F800.0
G01 X39.305 Y-19.750 Z-5.000 F800.0
G01 X39.305 Y-19.249 Z-5.000 F800.0
G01 X39.305 Y-18.749 Z-5.000 F800.0
G01 X39.305 Y-18.248 Z-5.000 F800.0
G01 X39.305 Y-17.748 Z-5.000 F800.0
G01 X39.305 Y-17.247 Z-5.000 F800.0
G01 X39.305 Y-16.746 Z-5.000 F800.0
G01 X39.305 Y-16.246 Z-5.000 F800.0
G01 X39.305 Y-15.745 Z-5.000 F800.0
G01 X39.305 Y-15.245 Z-5.000 F800.0
G01 X39.305 Y-14.744 Z-5.000 F800.0
G01 X39.305 Y-14.244 Z-5.000 F800.0
G01 X39.305 Y-13.743 Z-5.000 F800.0
G01 X39.305 Y-13.243 Z-5.000 F800.0
G01 X39.305 Y-12.742 Z-5.000 F800.0
G01 X39.305 Y-12.241 Z-5.000 F800.0
G01 X39.305 Y-11.741 Z-5.000 F800.0
G01 X39.305 Y-11.240 Z-5.000 F800.0
G01 X39.305 Y-10.740 Z-5.000 F800.0
G01 X39.305 Y-10.239 Z-5.000 F800.0
G01 X39.305 Y-9.739 Z-5.000 F800.0
G01 X39.305 Y-9.238 Z-5.000 F800.0
G01 X39.305 Y-8.738 Z-5.000 F800.0
G01 X39.305 Y-8.237 Z-5.000 F800.0
G01 X39.305 Y-7.736 Z-5.000 F800.0
G01 X39.305 Y-7.236 Z-5.000 F800.0
G01 X39.305 Y-6.735 Z-5.000 F800.0
G01 X39.305 Y-6.235 Z-5.000 F800.0
G01 X39.305 Y-5.734 Z-5.000 F800.0
G01 X39.305 Y-5.234 Z-5.000 F800.0
G01 X39.305 Y-4.733 Z-5.000 F800.0
G01 X39.305 Y-4.233 Z-5.000 F800.0
G01 X39.305 Y-3.732 Z-5.000 F800.0
G01 X39.305 Y-3.231 Z-5.000 F800.0
G01 X39.305 Y-2.731 Z-5.000 F800.0
G01 X39.305 Y-2.230 Z-5.000 F800.0
G01 X39.305 Y-1.730 Z-5.000 F800.0
G01 X39.305 Y-1.229 Z-5.000 F800.0
G01 X39.305 Y-0.729 Z-5.000 F800.0
G01 X39.305 Y-0.228 Z-5.000 F800.0
G01 X39.305 Y0.272 Z-5.000 F800.0
G01 X39.305 Y0.773 Z-5.000 F800.0
G01 X39.305 Y1.274 Z-5.000 F800.0
G01 X39.305 Y1.774 Z-5.000 F800.0
G01 X39.305 Y2.275 Z-5.000 F800.0
G01 X39.305 Y2.775 Z-5.000 F800.0
G01 X39.305 Y3.276 Z-5.000 F800.0
G01 X39.305 Y3.776 Z-5.000 F800.0
G01 X39.305 Y4.277 Z-5.000 F800.0
G01 X39.305 Y4.777 Z-5.000 F800.0
G01 X39.305 Y5.278 Z-5.000 F800.0
G01 X39.305 Y5.779 Z-5.000 F800.0
G01 X39.305 Y6.279 Z-5.000 F800.0
G01 X39.305 Y6.780 Z-5.000 F800.0
G01 X39.305 Y7.280 Z-5.000 F800.0
G01 X39.305 Y7.781 Z-5.000 F800.0
G01 X39.305 Y8.281 Z-5.000 F800.0
G01 X39.305 Y8.782 Z-5.000 F800.0
G01 X39.305 Y9.282 Z-5.000 F800.0
G01 X39.305 Y9.783 Z-5.000 F800.0
G01 X39.305 Y10.284 Z-5.000 F800.0
G01 X39.305 Y10.784 Z-5.000 F800.0
G01 X39.305 Y11.285 Z-5.000 F800.0
G01 X39.305 Y11.785 Z-5.000 F800.0
G01 X39.305 Y12.286 Z-5.000 F800.0
G01 X39.305 Y12.786 Z-5.000 F800.0
G01 X39.305 Y13.287 Z-5.000 F800.0
G01 X39.305 Y13.787 Z-5.000 F800.0
G01 X39.305 Y14.288 Z-5.000 F800.0
G01 X39.305 Y14.789 Z-5.000 F800.0
G01 X39.305 Y15.289 Z-5.000 F800.0
G01 X39.305 Y15.790 Z-5.000 F800.0
G01 X39.305 Y16.290 Z-5.000 F800.0
G01 X39.305 Y16.791 Z-5.000 F800.0
G01 X39.305 Y17.291 Z-5.000 F800.0
G01 X39.305 Y17.792 Z-5.000 F800.0
G01 X39.305 Y18.292 Z-5.000 F800.0
G01 X39.305 Y18.793 Z-5.000 F800.0
G01 X39.305 Y19.294 Z-5.000 F800.0
G01 X39.305 Y19.794 Z-5.000 F800.0
G01 X39.010 Y20.000 Z-5.000 F800.0
G01 X38.510 Y20.000 Z-5.000 F800.0
G01 X38.009 Y20.000 Z-5.000 F800.0
G01 X37.509 Y20.000 Z-5.000 F800.0
G01 X37.008 Y20.000 Z-5.000 F800.0
G01 X36.508 Y20.000 Z-5.000 F800.0
G01 X36.007 Y20.000 Z-5.000 F800.0
G01 X35.506 Y20.000 Z-5.000 F800.0
G01 X35.006 Y20.000 Z-5.000 F800.0
G01 X34.505 Y20.000 Z-5.000 F800.0
G01 X34.005 Y20.000 Z-5.000 F800.0
G01 X33.504 Y20.000 Z-5.000 F800.0
G01 X33.004 Y20.000 Z-5.000 F800.0
G01 X32.503 Y20.000 Z-5.000 F800.0
G01 X32.003 Y20.000 Z-5.000 F800.0
G01 X31.502 Y20.000 Z-5.000 F800.0
G01 X31.001 Y20.000 Z-5.000 F800.0
G01 X30.501 Y20.000 Z-5.000 F800.0
G01 X30.000 Y20.000 Z-5.000 F800.0
G01 X29.500 Y20.000 Z-5.000 F800.0
G01 X28.999 Y20.000 Z-5.000 F800.0
G01 X28.499 Y20.000 Z-5.000 F800.0
G01 X27.998 Y20.000 Z-5.000 F800.0
G01 X27.498 Y20.000 Z-5.000 F800.0
G01 X26.997 Y20.000 Z-5.000 F800.0
G01 X26.496 Y20.000 Z-5.000 F800.0
G01 X25.996 Y20.000 Z-5.000 F800.0
G01 X25.542 Y20.096 Z-5.000 F800.0
G01 X25.230 Y20.487 Z-5.000 F800.0
G01 X24.911 Y20.873 Z-5.000 F800.0
G01 X24.587 Y21.254 Z-5.000 F800.0
G01 X24.256 Y21.631 Z-5.000 F800.0
G01 X23.920 Y22.002 Z-5.000 F800.0
G01 X23.579 Y22.367 Z-5.000 F800.0
G01 X23.231 Y22.728 Z-5.000 F800.0
G01 X22.879 Y23.083 Z-5.000 F800.0
G01 X22.520 Y23.433 Z-5.000 F800.0
G01 X22.157 Y23.777 Z-5.000 F800.0
G01 X21.788 Y24.115 Z-5.000 F800.0
G01 X21.414 Y24.448 Z-5.000 F800.0
G01 X21.035 Y24.775 Z-5.000 F800.0
G01 X20.651 Y25.096 Z-5.000 F800.0
G01 X20.262 Y25.411 Z-5.000 F800.0
G01 X19.868 Y25.720 Z-5.000 F800.0
G01 X19.470 Y26.023 Z-5.000 F800.0
G01 X19.067 Y26.319 Z-5.000 F800.0
G01 X18.659 Y26.610 Z-5.000 F800.0
G01 X18.247 Y26.894 Z-5.000 F800.0
G01 X17.831 Y27.172 Z-5.000 F800.0
G01 X17.410 Y27.443 Z-5.000 F800.0
G01 X16.985 Y27.708 Z-5.000 F800.0
G01 X16.557 Y27.967 Z-5.000 F800.0
G01 X16.124 Y28.218 Z-5.000 F800.0
G01 X15.687 Y28.463 Z-5.000 F800.0
G01 X15.247 Y28.701 Z-5.000 F800.0
G01 X14.803 Y28.933 Z-5.000 F800.0
G01 X14.356 Y29.157 Z-5.000 F800.0
G01 X13.905 Y29.375 Z-5.000 F800.0
G01 X13.451 Y29.586 Z-5.000 F800.0
G01 X12.994 Y29.789 Z-5.000 F800.0
G01 X12.534 Y29.986 Z-5.000 F800.0
G01 X12.070 Y30.175 Z-5.000 F800.0
G01 X11.604 Y30.358 Z-5.000 F800.0
G01 X11.135 Y30.533 Z-5.000 F800.0
G01 X10.664 Y30.701 Z-5.000 F800.0
G01 X10.190 Y30.861 Z-5.000 F800.0
G01 X9.713 Y31.015 Z-5.000 F800.0
G01 X9.234 Y31.161 Z-5.000 F800.0
G01 X8.753 Y31.299 Z-5.000 F800.0
G01 X8.270 Y31.430 Z-5.000 F800.0
G01 X7.785 Y31.554 Z-5.000 F800.0
G01 X7.298 Y31.670 Z-5.000 F800.0
G01 X6.810 Y31.779 Z-5.000 F800.0
G01 X6.319 Y31.880 Z-5.000 F800.0
G01 X5.828 Y31.973 Z-5.000 F800.0
G01 X5.335 Y32.059 Z-5.000 F800.0
G01 X4.840 Y32.138 Z-5.000 F800.0
G01 X4.345 Y32.208 Z-5.000 F800.0
G01 X3.848 Y32.271 Z-5.000 F800.0
G01 X3.351 Y32.327 Z-5.000 F800.0
G01 X2.852 Y32.375 Z-5.000 F800.0
G01 X2.353 Y32.415 Z-5.000 F800.0
G01 X1.854 Y32.447 Z-5.000 F800.0
G01 X1.354 Y32.472 Z-5.000 F800.0
G01 X0.854 Y32.489 Z-5.000 F800.0
G01 X0.353 Y32.498 Z-5.000 F800.0
G01 X-0.147 Y32.500 Z-5.000 F800.0
G01 X-0.648 Y32.494 Z-5.000 F800.0
G01 X-1.148 Y32.480 Z-5.000 F800.0
G01 X-1.648 Y32.458 Z-5.000 F800.0
G01 X-2.148 Y32.429 Z-5.000 F800.0
G01 X-2.647 Y32.392 Z-5.000 F800.0
G01 X-3.146 Y32.347 Z-5.000 F800.0
G01 X-3.644 Y32.295 Z-5.000 F800.0
G01 X-4.141 Y32.235 Z-5.000 F800.0
G01 X-4.636 Y32.168 Z-5.000 F800.0
G01 X-5.131 Y32.092 Z-5.000 F800.0
G01 X-5.625 Y32.010 Z-5.000 F800.0
G01 X-6.117 Y31.919 Z-5.000 F800.0
G01 X-6.608 Y31.821 Z-5.000 F800.0
G01 X-7.097 Y31.716 Z-5.000 F800.0
G01 X-7.585 Y31.602 Z-5.000 F800.0
G01 X-8.071 Y31.482 Z-5.000 F800.0
G01 X-8.555 Y31.354 Z-5.000 F800.0
G01 X-9.037 Y31.218 Z-5.000 F800.0
G01 X-9.516 Y31.076 Z-5.000 F800.0
G01 X-9.994 Y30.925 Z-5.000 F800.0
G01 X-10.469 Y30.768 Z-5.000 F800.0
G01 X-10.942 Y30.603 Z-5.000 F800.0
G01 X-11.412 Y30.431 Z-5.000 F800.0
G01 X-11.879 Y30.251 Z-5.000 F800.0
G01 X-12.343 Y30.065 Z-5.000 F800.0
G01 X-12.805 Y29.871 Z-5.000 F800.0
G01 X-13.263 Y29.670 Z-5.000 F800.0
G01 X-13.719 Y29.463 Z-5.000 F800.0
G01 X-14.171 Y29.248 Z-5.000 F800.0
G01 X-14.620 Y29.026 Z-5.000 F800.0
G01 X-15.065 Y28.797 Z-5.000 F800.0
G01 X-15.507 Y28.562 Z-5.000 F800.0
G01 X-15.945 Y28.320 Z-5.000 F800.0
G01 X-16.379 Y28.071 Z-5.000 F800.0
G01 X-16.809 Y27.815 Z-5.000 F800.0
G01 X-17.236 Y27.553 Z-5.000 F800.0
G01 X-17.658 Y27.284 Z-5.000 F800.0
G01 X-18.076 Y27.009 Z-5.000 F800.0
G01 X-18.490 Y26.728 Z-5.000 F800.0
G01 X-18.900 Y26.440 Z-5.000 F800.0
G01 X-19.305 Y26.145 Z-5.000 F800.0
G01 X-19.705 Y25.845 Z-5.000 F800.0
G01 X-20.101 Y25.539 Z-5.000 F800.0
G01 X-20.492 Y25.226 Z-5.000 F800.0
G01 X-20.878 Y24.907 Z-5.000 F800.0
G01 X-21.259 Y24.583 Z-5.000 F800.0
G01 X-21.635 Y24.253 Z-5.000 F800.0
G01 X-22.006 Y23.916 Z-5.000 F800.0
G01 X-22.371 Y23.575 Z-5.000 F800.0
G01 X-22.732 Y23.227 Z-5.000 F800.0
G01 X-23.087 Y22.874 Z-5.000 F800.0
G01 X-23.437 Y22.516 Z-5.000 F800.0
G01 X-23.781 Y22.153 Z-5.000 F800.0
G01 X-24.119 Y21.784 Z-5.000 F800.0
G01 X-24.451 Y21.410 Z-5.000 F800.0
G01 X-24.778 Y21.031 Z-5.000 F800.0
G01 X-25.099 Y20.646 Z-5.000 F800.0
G01 X-25.414 Y20.257 Z-5.000 F800.0
G01 X-25.790 Y20.000 Z-5.000 F800.0
G01 X-26.291 Y20.000 Z-5.000 F800.0
G01 X-26.791 Y20.000 Z-5.000 F800.0
G01 X-27.292 Y20.000 Z-5.000 F800.0
G01 X-27.792 Y20.000 Z-5.000 F800.0
G01 X-28.293 Y20.000 Z-5.000 F800.0
G01 X-28.793 Y20.000 Z-5.000 F800.0
G01 X-29.294 Y20.000 Z-5.000 F800.0
G01 X-29.794 Y20.000 Z-5.000 F800.0
G01 X-30.295 Y20.000 Z-5.000 F800.0
G01 X-30.796 Y20.000 Z-5.000 F800.0
G01 X-31.296 Y20.000 Z-5.000 F800.0
G01 X-31.797 Y20.000 Z-5.000 F800.0
G01 X-32.297 Y20.000 Z-5.000 F800.0
G01 X-32.798 Y20.000 Z-5.000 F800.0
G01 X-33.298 Y20.000 Z-5.000 F800.0
G01 X-33.799 Y20.000 Z-5.000 F800.0
G01 X-34.299 Y20.000 Z-5.000 F800.0
G01 X-34.800 Y20.000 Z-5.000 F800.0
G01 X-35.301 Y20.000 Z-5.000 F800.0
G01 X-35.801 Y20.000 Z-5.000 F800.0
G01 X-36.302 Y20.000 Z-5.000 F800.0
G01 X-36.802 Y20.000 Z-5.000 F800.0
G01 X-37.303 Y20.000 Z-5.000 F800.0
G01 X-37.803 Y20.000 Z-5.000 F800.0
G01 X-38.304 Y20.000 Z-5.000 F800.0
G01 X-38.804 Y20.000 Z-5.000 F800.0
G01 X-39.305 Y20.000 Z-5.000 F800.0
G00 X-39.305 Y20.000 Z50.000
G00 X-0.000 Y-18.500 Z50.000
G01 Z-1.000 F200.0
G01 X0.504 Y-18.520 Z-1.000 F800.0
G01 X1.004 Y-18.578 Z-1.000 F800.0
G01 X1.499 Y-18.675 Z-1.000 F800.0
G01 X1.985 Y-18.810 Z-1.000 F800.0
G01 X2.458 Y-18.983 Z-1.000 F800.0
G01 X2.917 Y-19.191 Z-1.000 F800.0
G01 X3.359 Y-19.435 Z-1.000 F800.0
G01 X3.780 Y-19.712 Z-1.000 F800.0
G01 X4.178 Y-20.021 Z-1.000 F800.0
G01 X4.551 Y-20.359 Z-1.000 F800.0
G01 X4.897 Y-20.726 Z-1.000 F800.0
G01 X5.214 Y-21.118 Z-1.000 F800.0
G01 X5.499 Y-21.534 Z-1.000 F800.0
G01 X5.751 Y-21.971 Z-1.000 F800.0
G01 X5.968 Y-22.425 Z-1.000 F800.0
G01 X6.150 Y-22.896 Z-1.000 F800.0
G01 X6.295 Y-23.379 Z-1.000 F800.0
G01 X6.401 Y-23.871 Z-1.000 F800.0
G01 X6.469 Y-24.371 Z-1.000 F800.0
G01 X6.499 Y-24.874 Z-1.000 F800.0
G01 X6.489 Y-25.378 Z-1.000 F800.0
G01 X6.440 Y-25.880 Z-1.000 F800.0
G01 X6.353 Y-26.376 Z-1.000 F800.0
G01 X6.227 Y-26.864 Z-1.000 F800.0
G01 X6.064 Y-27.341 Z-1.000 F800.0
G01 X5.864 Y-27.804 Z-1.000 F800.0
G01 X5.629 Y-28.250 Z-1.000 F800.0
G01 X5.360 Y-28.676 Z-1.000 F800.0
G01 X5.059 Y-29.081 Z-1.000 F800.0
G01 X4.728 Y-29.461 Z-1.000 F800.0
G01 X4.368 Y-29.814 Z-1.000 F800.0
G01 X3.982 Y-30.138 Z-1.000 F800.0
G01 X3.572 Y-30.431 Z-1.000 F800.0
G01 X3.140 Y-30.691 Z-1.000 F800.0
G01 X2.690 Y-30.917 Z-1.000 F800.0
G01 X2.223 Y-31.108 Z-1.000 F800.0
G01 X1.743 Y-31.262 Z-1.000 F800.0
G01 X1.253 Y-31.378 Z-1.000 F800.0
G01 X0.755 Y-31.456 Z-1.000 F800.0
G01 X0.252 Y-31.495 Z-1.000 F800.0
G01 X-0.252 Y-31.495 Z-1.000 F800.0
G01 X-0.755 Y-31.456 Z-1.000 F800.0
G01 X-1.253 Y-31.378 Z-1.000 F800.0
G01 X-1.743 Y-31.262 Z-1.000 F800.0
G01 X-2.223 Y-31.108 Z-1.000 F800.0
G01 X-2.690 Y-30.917 Z-1.000 F800.0
G01 X-3.140 Y-30.691 Z-1.000 F800.0
G01 X-3.572 Y-30.431 Z-1.000 F800.0
G01 X-3.982 Y-30.138 Z-1.000 F800.0
G01 X-4.368 Y-29.814 Z-1.000 F800.0
G01 X-4.728 Y-29.461 Z-1.000 F800.0
G01 X-5.059 Y-29.081 Z-1.000 F800.0
G01 X-5.360 Y-28.676 Z-1.000 F800.0
G01 X-5.629 Y-28.250 Z-1.000 F800.0
G01 X-5.864 Y-27.804 Z-1.000 F800.0
G01 X-6.064 Y-27.341 Z-1.000 F800.0
G01 X-6.227 Y-26.864 Z-1.000 F800.0
G01 X-6.353 Y-26.376 Z-1.000 F800.0
G01 X-6.440 Y-25.880 Z-1.000 F800.0
G01 X-6.489 Y-25.378 Z-1.000 F800.0
G01 X-6.499 Y-24.874 Z-1.000 F800.0
G01 X-6.469 Y-24.371 Z-1.000 F800.0
G01 X-6.401 Y-23.871 Z-1.000 F800.0
G01 X-6.295 Y-23.379 Z-1.000 F800.0
G01 X-6.150 Y-22.896 Z-1.000 F800.0
G01 X-5.968 Y-22.425 Z-1.000 F800.0
G01 X-5.751 Y-21.971 Z-1.000 F800.0
G01 X-5.499 Y-21.534 Z-1.000 F800.0
G01 X-5.214 Y-21.118 Z-1.000 F800.0
G01 X-4.897 Y-20.726 Z-1.000 F800.0
G01 X-4.551 Y-20.359 Z-1.000 F800.0
G01 X-4.178 Y-20.021 Z-1.000 F800.0
G01 X-3.780 Y-19.712 Z-1.000 F800.0
G01 X-3.359 Y-19.435 Z-1.000 F800.0
G01 X-2.917 Y-19.191 Z-1.000 F800.0
G01 X-2.458 Y-18.983 Z-1.000 F800.0
G01 X-1.985 Y-18.810 Z-1.000 F800.0
G01 X-1.499 Y-18.675 Z-1.000 F800.0
G01 X-1.004 Y-18.578 Z-1.000 F800.0
G01 X-0.504 Y-18.520 Z-1.000 F800.0
G01 X-0.000 Y-18.500 Z-1.000 F800.0
G00 X-0.000 Y-18.500 Z50.000
G00 X-0.000 Y-18.500 Z50.000
G01 Z-2.000 F200.0
G01 X0.504 Y-18.520 Z-2.000 F800.0
G01 X1.004 Y-18.578 Z-2.000 F800.0
G01 X1.499 Y-18.675 Z-2.000 F800.0
G01 X1.985 Y-18.810 Z-2.000 F800.0
G01 X2.458 Y-18.983 Z-2.000 F800.0
G01 X2.917 Y-19.191 Z-2.000 F800.0
G01 X3.359 Y-19.435 Z-2.000 F800.0
G01 X3.780 Y-19.712 Z-2.000 F800.0
G01 X4.178 Y-20.021 Z-2.000 F800.0
G01 X4.551 Y-20.359 Z-2.000 F800.0
G01 X4.897 Y-20.726 Z-2.000 F800.0
G01 X5.214 Y-21.118 Z-2.000 F800.0
G01 X5.499 Y-21.534 Z-2.000 F800.0
G01 X5.751 Y-21.971 Z-2.000 F800.0
G01 X5.968 Y-22.425 Z-2.000 F800.0
G01 X6.150 Y-22.896 Z-2.000 F800.0
G01 X6.295 Y-23.379 Z-2.000 F800.0
G01 X6.401 Y-23.871 Z-2.000 F800.0
G01 X6.469 Y-24.371 Z-2.000 F800.0
G01 X6.499 Y-24.874 Z-2.000 F800.0
G01 X6.489 Y-25.378 Z-2.000 F800.0
G01 X6.440 Y-25.880 Z-2.000 F800.0
G01 X6.353 Y-26.376 Z-2.000 F800.0
G01 X6.227 Y-26.864 Z-2.000 F800.0
G01 X6.064 Y-27.341 Z-2.000 F800.0
G01 X5.864 Y-27.804 Z-2.000 F800.0
G01 X5.629 Y-28.250 Z-2.000 F800.0
G01 X5.360 Y-28.676 Z-2.000 F800.0
G01 X5.059 Y-29.081 Z-2.000 F800.0
G01 X4.728 Y-29.461 Z-2.000 F800.0
G01 X4.368 Y-29.814 Z-2.000 F800.0
G01 X3.982 Y-30.138 Z-2.000 F800.0
G01 X3.572 Y-30.431 Z-2.000 F800.0
G01 X3.140 Y-30.691 Z-2.000 F800.0
G01 X2.690 Y-30.917 Z-2.000 F800.0
G01 X2.223 Y-31.108 Z-2.000 F800.0
G01 X1.743 Y-31.262 Z-2.000 F800.0
G01 X1.253 Y-31.378 Z-2.000 F800.0
G01 X0.755 Y-31.456 Z-2.000 F800.0
G01 X0.252 Y-31.495 Z-2.000 F800.0
G01 X-0.252 Y-31.495 Z-2.000 F800.0
G01 X-0.755 Y-31.456 Z-2.000 F800.0
G01 X-1.253 Y-31.378 Z-2.000 F800.0
G01 X-1.743 Y-31.262 Z-2.000 F800.0
G01 X-2.223 Y-31.108 Z-2.000 F800.0
G01 X-2.690 Y-30.917 Z-2.000 F800.0
G01 X-3.140 Y-30.691 Z-2.000 F800.0
G01 X-3.572 Y-30.431 Z-2.000 F800.0
G01 X-3.982 Y-30.138 Z-2.000 F800.0
G01 X-4.368 Y-29.814 Z-2.000 F800.0
G01 X-4.728 Y-29.461 Z-2.000 F800.0
G01 X-5.059 Y-29.081 Z-2.000 F800.0
G01 X-5.360 Y-28.676 Z-2.000 F800.0
G01 X-5.629 Y-28.250 Z-2.000 F800.0
G01 X-5.864 Y-27.804 Z-2.000 F800.0
G01 X-6.064 Y-27.341 Z-2.000 F800.0
G01 X-6.227 Y-26.864 Z-2.000 F800.0
G01 X-6.353 Y-26.376 Z-2.000 F800.0
G01 X-6.440 Y-25.880 Z-2.000 F800.0
G01 X-6.489 Y-25.378 Z-2.000 F800.0
G01 X-6.499 Y-24.874 Z-2.000 F800.0
G01 X-6.469 Y-24.371 Z-2.000 F800.0
G01 X-6.401 Y-23.871 Z-2.000 F800.0
G01 X-6.295 Y-23.379 Z-2.000 F800.0
G01 X-6.150 Y-22.896 Z-2.000 F800.0
G01 X-5.968 Y-22.425 Z-2.000 F800.0
G01 X-5.751 Y-21.971 Z-2.000 F800.0
G01 X-5.499 Y-21.534 Z-2.000 F800.0
G01 X-5.214 Y-21.118 Z-2.000 F800.0
G01 X-4.897 Y-20.726 Z-2.000 F800.0
G01 X-4.551 Y-20.359 Z-2.000 F800.0
G01 X-4.178 Y-20.021 Z-2.000 F800.0
G01 X-3.780 Y-19.712 Z-2.000 F800.0
G01 X-3.359 Y-19.435 Z-2.000 F800.0
G01 X-2.917 Y-19.191 Z-2.000 F800.0
G01 X-2.458 Y-18.983 Z-2.000 F800.0
G01 X-1.985 Y-18.810 Z-2.000 F800.0
G01 X-1.499 Y-18.675 Z-2.000 F800.0
G01 X-1.004 Y-18.578 Z-2.000 F800.0
G01 X-0.504 Y-18.520 Z-2.000 F800.0
G01 X-0.000 Y-18.500 Z-2.000 F800.0
G00 X-0.000 Y-18.500 Z50.000
G00 X-0.000 Y-18.500 Z50.000
G01 Z-3.000 F200.0
G01 X0.504 Y-18.520 Z-3.000 F800.0
G01 X1.004 Y-18.578 Z-3.000 F800.0
G01 X1.499 Y-18.675 Z-3.000 F800.0
G01 X1.985 Y-18.810 Z-3.000 F800.0
G01 X2.458 Y-18.983 Z-3.000 F800.0
G01 X2.917 Y-19.191 Z-3.000 F800.0
G01 X3.359 Y-19.435 Z-3.000 F800.0
G01 X3.780 Y-19.712 Z-3.000 F800.0
G01 X4.178 Y-20.021 Z-3.000 F800.0
G01 X4.551 Y-20.359 Z-3.000 F800.0
G01 X4.897 Y-20.726 Z-3.000 F800.0
G01 X5.214 Y-21.118 Z-3.000 F800.0
G01 X5.499 Y-21.534 Z-3.000 F800.0
G01 X5.751 Y-21.971 Z-3.000 F800.0
G01 X5.968 Y-22.425 Z-3.000 F800.0
G01 X6.150 Y-22.896 Z-3.000 F800.0
G01 X6.295 Y-23.379 Z-3.000 F800.0
G01 X6.401 Y-23.871 Z-3.000 F800.0
G01 X6.469 Y-24.371 Z-3.000 F800.0
G01 X6.499 Y-24.874 Z-3.000 F800.0
G01 X6.489 Y-25.378 Z-3.000 F800.0
G01 X6.440 Y-25.880 Z-3.000 F800.0
G01 X6.353 Y-26.376 Z-3.000 F800.0
G01 X6.227 Y-26.864 Z-3.000 F800.0
G01 X6.064 Y-27.341 Z-3.000 F800.0
G01 X5.864 Y-27.804 Z-3.000 F800.0
G01 X5.629 Y-28.250 Z-3.000 F800.0
G01 X5.360 Y-28.676 Z-3.000 F800.0
G01 X5.059 Y-29.081 Z-3.000 F800.0
G01 X4.728 Y-29.461 Z-3.000 F800.0
G01 X4.368 Y-29.814 Z-3.000 F800.0
G01 X3.982 Y-30.138 Z-3.000 F800.0
G01 X3.572 Y-30.431 Z-3.000 F800.0
G01 X3.140 Y-30.691 Z-3.000 F800.0
G01 X2.690 Y-30.917 Z-3.000 F800.0
G01 X2.223 Y-31.108 Z-3.000 F800.0
G01 X1.743 Y-31.262 Z-3.000 F800.0
G01 X1.253 Y-31.378 Z-3.000 F800.0
G01 X0.755 Y-31.456 Z-3.000 F800.0
G01 X0.252 Y-31.495 Z-3.000 F800.0
G01 X-0.252 Y-31.495 Z-3.000 F800.0
G01 X-0.755 Y-31.456 Z-3.000 F800.0
G01 X-1.253 Y-31.378 Z-3.000 F800.0
G01 X-1.743 Y-31.262 Z-3.000 F800.0
G01 X-2.223 Y-31.108 Z-3.000 F800.0
G01 X-2.690 Y-30.917 Z-3.000 F800.0
G01 X-3.140 Y-30.691 Z-3.000 F800.0
G01 X-3.572 Y-30.431 Z-3.000 F800.0
G01 X-3.982 Y-30.138 Z-3.000 F800.0
G01 X-4.368 Y-29.814 Z-3.000 F800.0
G01 X-4.728 Y-29.461 Z-3.000 F800.0
G01 X-5.059 Y-29.081 Z-3.000 F800.0
G01 X-5.360 Y-28.676 Z-3.000 F800.0
G01 X-5.629 Y-28.250 Z-3.000 F800.0
G01 X-5.864 Y-27.804 Z-3.000 F800.0
G01 X-6.064 Y-27.341 Z-3.000 F800.0
G01 X-6.227 Y-26.864 Z-3.000 F800.0
G01 X-6.353 Y-26.376 Z-3.000 F800.0
G01 X-6.440 Y-25.880 Z-3.000 F800.0
G01 X-6.489 Y-25.378 Z-3.000 F800.0
G01 X-6.499 Y-24.874 Z-3.000 F800.0
G01 X-6.469 Y-24.371 Z-3.000 F800.0
G01 X-6.401 Y-23.871 Z-3.000 F800.0
G01 X-6.295 Y-23.379 Z-3.000 F800.0
G01 X-6.150 Y-22.896 Z-3.000 F800.0
G01 X-5.968 Y-22.425 Z-3.000 F800.0
G01 X-5.751 Y-21.971 Z-3.000 F800.0
G01 X-5.499 Y-21.534 Z-3.000 F800.0
G01 X-5.214 Y-21.118 Z-3.000 F800.0
G01 X-4.897 Y-20.726 Z-3.000 F800.0
G01 X-4.551 Y-20.359 Z-3.000 F800.0
G01 X-4.178 Y-20.021 Z-3.000 F800.0
G01 X-3.780 Y-19.712 Z-3.000 F800.0
G01 X-3.359 Y-19.435 Z-3.000 F800.0
G01 X-2.917 Y-19.191 Z-3.000 F800.0
G01 X-2.458 Y-18.983 Z-3.000 F800.0
G01 X-1.985 Y-18.810 Z-3.000 F800.0
G01 X-1.499 Y-18.675 Z-3.000 F800.0
G01 X-1.004 Y-18.578 Z-3.000 F800.0
G01 X-0.504 Y-18.520 Z-3.000 F800.0
G01 X-0.000 Y-18.500 Z-3.000 F800.0
G00 X-0.000 Y-18.500 Z50.000
G00 X-0.000 Y-18.500 Z50.000
G01 Z-4.000 F200.0
G01 X0.504 Y-18.520 Z-4.000 F800.0
G01 X1.004 Y-18.578 Z-4.000 F800.0
G01 X1.499 Y-18.675 Z-4.000 F800.0
G01 X1.985 Y-18.810 Z-4.000 F800.0
G01 X2.458 Y-18.983 Z-4.000 F800.0
G01 X2.917 Y-19.191 Z-4.000 F800.0
G01 X3.359 Y-19.435 Z-4.000 F800.0
G01 X3.780 Y-19.712 Z-4.000 F800.0
G01 X4.178 Y-20.021 Z-4.000 F800.0
G01 X4.551 Y-20.359 Z-4.000 F800.0
G01 X4.897 Y-20.726 Z-4.000 F800.0
G01 X5.214 Y-21.118 Z-4.000 F800.0
G01 X5.499 Y-21.534 Z-4.000 F800.0
G01 X5.751 Y-21.971 Z-4.000 F800.0
G01 X5.968 Y-22.425 Z-4.000 F800.0
G01 X6.150 Y-22.896 Z-4.000 F800.0
G01 X6.295 Y-23.379 Z-4.000 F800.0
G01 X6.401 Y-23.871 Z-4.000 F800.0
G01 X6.469 Y-24.371 Z-4.000 F800.0
G01 X6.499 Y-24.874 Z-4.000 F800.0
G01 X6.489 Y-25.378 Z-4.000 F800.0
G01 X6.440 Y-25.880 Z-4.000 F800.0
G01 X6.353 Y-26.376 Z-4.000 F800.0
G01 X6.227 Y-26.864 Z-4.000 F800.0
G01 X6.064 Y-27.341 Z-4.000 F800.0
G01 X5.864 Y-27.804 Z-4.000 F800.0
G01 X5.629 Y-28.250 Z-4.000 F800.0
G01 X5.360 Y-28.676 Z-4.000 F800.0
G01 X5.059 Y-29.081 Z-4.000 F800.0
G01 X4.728 Y-29.461 Z-4.000 F800.0
G01 X4.368 Y-29.814 Z-4.000 F800.0
G01 X3.982 Y-30.138 Z-4.000 F800.0
G01 X3.572 Y-30.431 Z-4.000 F800.0
G01 X3.140 Y-30.691 Z-4.000 F800.0
G01 X2.690 Y-30.917 Z-4.000 F800.0
G01 X2.223 Y-31.108 Z-4.000 F800.0
G01 X1.743 Y-31.262 Z-4.000 F800.0
G01 X1.253 Y-31.378 Z-4.000 F800.0
G01 X0.755 Y-31.456 Z-4.000 F800.0
G01 X0.252 Y-31.495 Z-4.000 F800.0
G01 X-0.252 Y-31.495 Z-4.000 F800.0
G01 X-0.755 Y-31.456 Z-4.000 F800.0
G01 X-1.253 Y-31.378 Z-4.000 F800.0
G01 X-1.743 Y-31.262 Z-4.000 F800.0
G01 X-2.223 Y-31.108 Z-4.000 F800.0
G01 X-2.690 Y-30.917 Z-4.000 F800.0
G01 X-3.140 Y-30.691 Z-4.000 F800.0
G01 X-3.572 Y-30.431 Z-4.000 F800.0
G01 X-3.982 Y-30.138 Z-4.000 F800.0
G01 X-4.368 Y-29.814 Z-4.000 F800.0
G01 X-4.728 Y-29.461 Z-4.000 F800.0
G01 X-5.059 Y-29.081 Z-4.000 F800.0
G01 X-5.360 Y-28.676 Z-4.000 F800.0
G01 X-5.629 Y-28.250 Z-4.000 F800.0
G01 X-5.864 Y-27.804 Z-4.000 F800.0
G01 X-6.064 Y-27.341 Z-4.000 F800.0
G01 X-6.227 Y-26.864 Z-4.000 F800.0
G01 X-6.353 Y-26.376 Z-4.000 F800.0
G01 X-6.440 Y-25.880 Z-4.000 F800.0
G01 X-6.489 Y-25.378 Z-4.000 F800.0
G01 X-6.499 Y-24.874 Z-4.000 F800.0
G01 X-6.469 Y-24.371 Z-4.000 F800.0
G01 X-6.401 Y-23.871 Z-4.000 F800.0
G01 X-6.295 Y-23.379 Z-4.000 F800.0
G01 X-6.150 Y-22.896 Z-4.000 F800.0
G01 X-5.968 Y-22.425 Z-4.000 F800.0
G01 X-5.751 Y-21.971 Z-4.000 F800.0
G01 X-5.499 Y-21.534 Z-4.000 F800.0
G01 X-5.214 Y-21.118 Z-4.000 F800.0
G01 X-4.897 Y-20.726 Z-4.000 F800.0
G01 X-4.551 Y-20.359 Z-4.000 F800.0
G01 X-4.178 Y-20.021 Z-4.000 F800.0
G01 X-3.780 Y-19.712 Z-4.000 F800.0
G01 X-3.359 Y-19.435 Z-4.000 F800.0
G01 X-2.917 Y-19.191 Z-4.000 F800.0
G01 X-2.458 Y-18.983 Z-4.000 F800.0
G01 X-1.985 Y-18.810 Z-4.000 F800.0
G01 X-1.499 Y-18.675 Z-4.000 F800.0
G01 X-1.004 Y-18.578 Z-4.000 F800.0
G01 X-0.504 Y-18.520 Z-4.000 F800.0
G01 X-0.000 Y-18.500 Z-4.000 F800.0
G00 X-0.000 Y-18.500 Z50.000
G00 X-0.000 Y-18.500 Z50.000
G01 Z-5.000 F200.0
G01 X0.504 Y-18.520 Z-5.000 F800.0
G01 X1.004 Y-18.578 Z-5.000 F800.0
G01 X1.499 Y-18.675 Z-5.000 F800.0
G01 X1.985 Y-18.810 Z-5.000 F800.0
G01 X2.458 Y-18.983 Z-5.000 F800.0
G01 X2.917 Y-19.191 Z-5.000 F800.0
G01 X3.359 Y-19.435 Z-5.000 F800.0
G01 X3.780 Y-19.712 Z-5.000 F800.0
G01 X4.178 Y-20.021 Z-5.000 F800.0
G01 X4.551 Y-20.359 Z-5.000 F800.0
G01 X4.897 Y-20.726 Z-5.000 F800.0
G01 X5.214 Y-21.118 Z-5.000 F800.0
G01 X5.499 Y-21.534 Z-5.000 F800.0
G01 X5.751 Y-21.971 Z-5.000 F800.0
G01 X5.968 Y-22.425 Z-5.000 F800.0
G01 X6.150 Y-22.896 Z-5.000 F800.0
G01 X6.295 Y-23.379 Z-5.000 F800.0
G01 X6.401 Y-23.871 Z-5.000 F800.0
G01 X6.469 Y-24.371 Z-5.000 F800.0
G01 X6.499 Y-24.874 Z-5.000 F800.0
G01 X6.489 Y-25.378 Z-5.000 F800.0
G01 X6.440 Y-25.880 Z-5.000 F800.0
G01 X6.353 Y-26.376 Z-5.000 F800.0
G01 X6.227 Y-26.864 Z-5.000 F800.0
G01 X6.064 Y-27.341 Z-5.000 F800.0
G01 X5.864 Y-27.804 Z-5.000 F800.0
G01 X5.629 Y-28.250 Z-5.000 F800.0
G01 X5.360 Y-28.676 Z-5.000 F800.0
G01 X5.059 Y-29.081 Z-5.000 F800.0
G01 X4.728 Y-29.461 Z-5.000 F800.0
G01 X4.368 Y-29.814 Z-5.000 F800.0
G01 X3.982 Y-30.138 Z-5.000 F800.0
G01 X3.572 Y-30.431 Z-5.000 F800.0
G01 X3.140 Y-30.691 Z-5.000 F800.0
G01 X2.690 Y-30.917 Z-5.000 F800.0
G01 X2.223 Y-31.108 Z-5.000 F800.0
G01 X1.743 Y-31.262 Z-5.000 F800.0
G01 X1.253 Y-31.378 Z-5.000 F800.0
G01 X0.755 Y-31.456 Z-5.000 F800.0
G01 X0.252 Y-31.495 Z-5.000 F800.0
G01 X-0.252 Y-31.495 Z-5.000 F800.0
G01 X-0.755 Y-31.456 Z-5.000 F800.0
G01 X-1.253 Y-31.378 Z-5.000 F800.0
G01 X-1.743 Y-31.262 Z-5.000 F800.0
G01 X-2.223 Y-31.108 Z-5.000 F800.0
G01 X-2.690 Y-30.917 Z-5.000 F800.0
G01 X-3.140 Y-30.691 Z-5.000 F800.0
G01 X-3.572 Y-30.431 Z-5.000 F800.0
G01 X-3.982 Y-30.138 Z-5.000 F800.0
G01 X-4.368 Y-29.814 Z-5.000 F800.0
G01 X-4.728 Y-29.461 Z-5.000 F800.0
G01 X-5.059 Y-29.081 Z-5.000 F800.0
G01 X-5.360 Y-28.676 Z-5.000 F800.0
G01 X-5.629 Y-28.250 Z-5.000 F800.0
G01 X-5.864 Y-27.804 Z-5.000 F800.0
G01 X-6.064 Y-27.341 Z-5.000 F800.0
G01 X-6.227 Y-26.864 Z-5.000 F800.0
G01 X-6.353 Y-26.376 Z-5.000 F800.0
G01 X-6.440 Y-25.880 Z-5.000 F800.0
G01 X-6.489 Y-25.378 Z-5.000 F800.0
G01 X-6.499 Y-24.874 Z-5.000 F800.0
G01 X-6.469 Y-24.371 Z-5.000 F800.0
G01 X-6.401 Y-23.871 Z-5.000 F800.0
G01 X-6.295 Y-23.379 Z-5.000 F800.0
G01 X-6.150 Y-22.896 Z-5.000 F800.0
G01 X-5.968 Y-22.425 Z-5.000 F800.0
G01 X-5.751 Y-21.971 Z-5.000 F800.0
G01 X-5.499 Y-21.534 Z-5.000 F800.0
G01 X-5.214 Y-21.118 Z-5.000 F800.0
G01 X-4.897 Y-20.726 Z-5.000 F800.0
G01 X-4.551 Y-20.359 Z-5.000 F800.0
G01 X-4.178 Y-20.021 Z-5.000 F800.0
G01 X-3.780 Y-19.712 Z-5.000 F800.0
G01 X-3.359 Y-19.435 Z-5.000 F800.0
G01 X-2.917 Y-19.191 Z-5.000 F800.0
G01 X-2.458 Y-18.983 Z-5.000 F800.0
G01 X-1.985 Y-18.810 Z-5.000 F800.0
G01 X-1.499 Y-18.675 Z-5.000 F800.0
G01 X-1.004 Y-18.578 Z-5.000 F800.0
G01 X-0.504 Y-18.520 Z-5.000 F800.0
G01 X-0.000 Y-18.500 Z-5.000 F800.0
G00 X-0.000 Y-18.500 Z50.000
G00 X-18.500 Y0.000 Z50.000
G01 Z-1.000 F200.0
G01 X-18.520 Y-0.504 Z-1.000 F800.0
G01 X-18.578 Y-1.004 Z-1.000 F800.0
G01 X-18.675 Y-1.499 Z-1.000 F800.0
G01 X-18.810 Y-1.985 Z-1.000 F800.0
G01 X-18.983 Y-2.458 Z-1.000 F800.0
G01 X-19.191 Y-2.917 Z-1.000 F800.0
G01 X-19.435 Y-3.359 Z-1.000 F800.0
G01 X-19.712 Y-3.780 Z-1.000 F800.0
G01 X-20.021 Y-4.178 Z-1.000 F800.0
G01 X-20.359 Y-4.551 Z-1.000 F800.0
G01 X-20.726 Y-4.897 Z-1.000 F800.0
G01 X-21.118 Y-5.214 Z-1.000 F800.0
G01 X-21.534 Y-5.499 Z-1.000 F800.0
G01 X-21.971 Y-5.751 Z-1.000 F800.0
G01 X-22.425 Y-5.968 Z-1.000 F800.0
G01 X-22.896 Y-6.150 Z-1.000 F800.0
G01 X-23.379 Y-6.295 Z-1.000 F800.0
G01 X-23.871 Y-6.401 Z-1.000 F800.0
G01 X-24.371 Y-6.469 Z-1.000 F800.0
G01 X-24.874 Y-6.499 Z-1.000 F800.0
G01 X-25.378 Y-6.489 Z-1.000 F800.0
G01 X-25.880 Y-6.440 Z-1.000 F800.0
G01 X-26.376 Y-6.353 Z-1.000 F800.0
G01 X-26.864 Y-6.227 Z-1.000 F800.0
G01 X-27.341 Y-6.064 Z-1.000 F800.0
G01 X-27.804 Y-5.864 Z-1.000 F800.0
G01 X-28.250 Y-5.629 Z-1.000 F800.0
G01 X-28.676 Y-5.360 Z-1.000 F800.0
G01 X-29.081 Y-5.059 Z-1.000 F800.0
G01 X-29.461 Y-4.728 Z-1.000 F800.0
G01 X-29.814 Y-4.368 Z-1.000 F800.0
G01 X-30.138 Y-3.982 Z-1.000 F800.0
G01 X-30.431 Y-3.572 Z-1.000 F800.0
G01 X-30.691 Y-3.140 Z-1.000 F800.0
G01 X-30.917 Y-2.690 Z-1.000 F800.0
G01 X-31.108 Y-2.223 Z-1.000 F800.0
G01 X-31.262 Y-1.743 Z-1.000 F800.0
G01 X-31.378 Y-1.253 Z-1.000 F800.0
G01 X-31.456 Y-0.755 Z-1.000 F800.0
G01 X-31.495 Y-0.252 Z-1.000 F800.0
G01 X-31.495 Y0.252 Z-1.000 F800.0
G01 X-31.456 Y0.755 Z-1.000 F800.0
G01 X-31.378 Y1.253 Z-1.000 F800.0
G01 X-31.262 Y1.743 Z-1.000 F800.0
G01 X-31.108 Y2.223 Z-1.000 F800.0
G01 X-30.917 Y2.690 Z-1.000 F800.0
G01 X-30.691 Y3.140 Z-1.000 F800.0
G01 X-30.431 Y3.572 Z-1.000 F800.0
G01 X-30.138 Y3.982 Z-1.000 F800.0
G01 X-29.814 Y4.368 Z-1.000 F800.0
G01 X-29.461 Y4.728 Z-1.000 F800.0
G01 X-29.081 Y5.059 Z-1.000 F800.0
G01 X-28.676 Y5.360 Z-1.000 F800.0
G01 X-28.250 Y5.629 Z-1.000 F800.0
G01 X-27.804 Y5.864 Z-1.000 F800.0
G01 X-27.341 Y6.064 Z-1.000 F800.0
G01 X-26.864 Y6.227 Z-1.000 F800.0
G01 X-26.376 Y6.353 Z-1.000 F800.0
G01 X-25.880 Y6.440 Z-1.000 F800.0
G01 X-25.378 Y6.489 Z-1.000 F800.0
G01 X-24.874 Y6.499 Z-1.000 F800.0
G01 X-24.371 Y6.469 Z-1.000 F800.0
G01 X-23.871 Y6.401 Z-1.000 F800.0
G01 X-23.379 Y6.295 Z-1.000 F800.0
G01 X-22.896 Y6.150 Z-1.000 F800.0
G01 X-22.425 Y5.968 Z-1.000 F800.0
G01 X-21.971 Y5.751 Z-1.000 F800.0
G01 X-21.534 Y5.499 Z-1.000 F800.0
G01 X-21.118 Y5.214 Z-1.000 F800.0
G01 X-20.726 Y4.897 Z-1.000 F800.0
G01 X-20.359 Y4.551 Z-1.000 F800.0
G01 X-20.021 Y4.178 Z-1.000 F800.0
G01 X-19.712 Y3.780 Z-1.000 F800.0
G01 X-19.435 Y3.359 Z-1.000 F800.0
G01 X-19.191 Y2.917 Z-1.000 F800.0
G01 X-18.983 Y2.458 Z-1.000 F800.0
G01 X-18.810 Y1.985 Z-1.000 F800.0
G01 X-18.675 Y1.499 Z-1.000 F800.0
G01 X-18.578 Y1.004 Z-1.000 F800.0
G01 X-18.520 Y0.504 Z-1.000 F800.0
G01 X-18.500 Y0.000 Z-1.000 F800.0
G00 X-18.500 Y0.000 Z50.000
G00 X-18.500 Y0.000 Z50.000
G01 Z-2.000 F200.0
G01 X-18.520 Y-0.504 Z-2.000 F800.0
G01 X-18.578 Y-1.004 Z-2.000 F800.0
G01 X-18.675 Y-1.499 Z-2.000 F800.0
G01 X-18.810 Y-1.985 Z-2.000 F800.0
G01 X-18.983 Y-2.458 Z-2.000 F800.0
G01 X-19.191 Y-2.917 Z-2.000 F800.0
G01 X-19.435 Y-3.359 Z-2.000 F800.0
G01 X-19.712 Y-3.780 Z-2.000 F800.0
G01 X-20.021 Y-4.178 Z-2.000 F800.0
G01 X-20.359 Y-4.551 Z-2.000 F800.0
G01 X-20.726 Y-4.897 Z-2.000 F800.0
G01 X-21.118 Y-5.214 Z-2.000 F800.0
G01 X-21.534 Y-5.499 Z-2.000 F800.0
G01 X-21.971 Y-5.751 Z-2.000 F800.0
G01 X-22.425 Y-5.968 Z-2.000 F800.0
G01 X-22.896 Y-6.150 Z-2.000 F800.0
G01 X-23.379 Y-6.295 Z-2.000 F800.0
G01 X-23.871 Y-6.401 Z-2.000 F800.0
G01 X-24.371 Y-6.469 Z-2.000 F800.0
G01 X-24.874 Y-6.499 Z-2.000 F800.0
G01 X-25.378 Y-6.489 Z-2.000 F800.0
G01 X-25.880 Y-6.440 Z-2.000 F800.0
G01 X-26.376 Y-6.353 Z-2.000 F800.0
G01 X-26.864 Y-6.227 Z-2.000 F800.0
G01 X-27.341 Y-6.064 Z-2.000 F800.0
G01 X-27.804 Y-5.864 Z-2.000 F800.0
G01 X-28.250 Y-5.629 Z-2.000 F800.0
G01 X-28.676 Y-5.360 Z-2.000 F800.0
G01 X-29.081 Y-5.059 Z-2.000 F800.0
G01 X-29.461 Y-4.728 Z-2.000 F800.0
G01 X-29.814 Y-4.368 Z-2.000 F800.0
G01 X-30.138 Y-3.982 Z-2.000 F800.0
G01 X-30.431 Y-3.572 Z-2.000 F800.0
G01 X-30.691 Y-3.140 Z-2.000 F800.0
G01 X-30.917 Y-2.690 Z-2.000 F800.0
G01 X-31.108 Y-2.223 Z-2.000 F800.0
G01 X-31.262 Y-1.743 Z-2.000 F800.0
G01 X-31.378 Y-1.253 Z-2.000 F800.0
G01 X-31.456 Y-0.755 Z-2.000 F800.0
G01 X-31.495 Y-0.252 Z-2.000 F800.0
G01 X-31.495 Y0.252 Z-2.000 F800.0
G01 X-31.456 Y0.755 Z-2.000 F800.0
G01 X-31.378 Y1.253 Z-2.000 F800.0
G01 X-31.262 Y1.743 Z-2.000 F800.0
G01 X-31.108 Y2.223 Z-2.000 F800.0
G01 X-30.917 Y2.690 Z-2.000 F800.0
G01 X-30.691 Y3.140 Z-2.000 F800.0
G01 X-30.431 Y3.572 Z-2.000 F800.0
G01 X-30.138 Y3.982 Z-2.000 F800.0
G01 X-29.814 Y4.368 Z-2.000 F800.0
G01 X-29.461 Y4.728 Z-2.000 F800.0
G01 X-29.081 Y5.059 Z-2.000 F800.0
G01 X-28.676 Y5.360 Z-2.000 F800.0
G01 X-28.250 Y5.629 Z-2.000 F800.0
G01 X-27.804 Y5.864 Z-2.000 F800.0
G01 X-27.341 Y6.064 Z-2.000 F800.0
G01 X-26.864 Y6.227 Z-2.000 F800.0
G01 X-26.376 Y6.353 Z-2.000 F800.0
G01 X-25.880 Y6.440 Z-2.000 F800.0
G01 X-25.378 Y6.489 Z-2.000 F800.0
G01 X-24.874 Y6.499 Z-2.000 F800.0
G01 X-24.371 Y6.469 Z-2.000 F800.0
G01 X-23.871 Y6.401 Z-2.000 F800.0
G01 X-23.379 Y6.295 Z-2.000 F800.0
G01 X-22.896 Y6.150 Z-2.000 F800.0
G01 X-22.425 Y5.968 Z-2.000 F800.0
G01 X-21.971 Y5.751 Z-2.000 F800.0
G01 X-21.534 Y5.499 Z-2.000 F800.0
G01 X-21.118 Y5.214 Z-2.000 F800.0
G01 X-20.726 Y4.897 Z-2.000 F800.0
G01 X-20.359 Y4.551 Z-2.000 F800.0
G01 X-20.021 Y4.178 Z-2.000 F800.0
G01 X-19.712 Y3.780 Z-2.000 F800.0
G01 X-19.435 Y3.359 Z-2.000 F800.0
G01 X-19.191 Y2.917 Z-2.000 F800.0
G01 X-18.983 Y2.458 Z-2.000 F800.0
G01 X-18.810 Y1.985 Z-2.000 F800.0
G01 X-18.675 Y1.499 Z-2.000 F800.0
G01 X-18.578 Y1.004 Z-2.000 F800.0
G01 X-18.520 Y0.504 Z-2.000 F800.0
G01 X-18.500 Y0.000 Z-2.000 F800.0
G00 X-18.500 Y0.000 Z50.000
G00 X-18.500 Y0.000 Z50.000
G01 Z-3.000 F200.0
G01 X-18.520 Y-0.504 Z-3.000 F800.0
G01 X-18.578 Y-1.004 Z-3.000 F800.0
G01 X-18.675 Y-1.499 Z-3.000 F800.0
G01 X-18.810 Y-1.985 Z-3.000 F800.0
G01 X-18.983 Y-2.458 Z-3.000 F800.0
G01 X-19.191 Y-2.917 Z-3.000 F800.0
G01 X-19.435 Y-3.359 Z-3.000 F800.0
G01 X-19.712 Y-3.780 Z-3.000 F800.0
G01 X-20.021 Y-4.178 Z-3.000 F800.0
G01 X-20.359 Y-4.551 Z-3.000 F800.0
G01 X-20.726 Y-4.897 Z-3.000 F800.0
G01 X-21.118 Y-5.214 Z-3.000 F800.0
G01 X-21.534 Y-5.499 Z-3.000 F800.0
G01 X-21.971 Y-5.751 Z-3.000 F800.0
G01 X-22.425 Y-5.968 Z-3.000 F800.0
G01 X-22.896 Y-6.150 Z-3.000 F800.0
G01 X-23.379 Y-6.295 Z-3.000 F800.0
G01 X-23.871 Y-6.401 Z-3.000 F800.0
G01 X-24.371 Y-6.469 Z-3.000 F800.0
G01 X-24.874 Y-6.499 Z-3.000 F800.0
G01 X-25.378 Y-6.489 Z-3.000 F800.0
G01 X-25.880 Y-6.440 Z-3.000 F800.0
G01 X-26.376 Y-6.353 Z-3.000 F800.0
G01 X-26.864 Y-6.227 Z-3.000 F800.0
G01 X-27.341 Y-6.064 Z-3.000 F800.0
G01 X-27.804 Y-5.864 Z-3.000 F800.0
G01 X-28.250 Y-5.629 Z-3.000 F800.0
G01 X-28.676 Y-5.360 Z-3.000 F800.0
G01 X-29.081 Y-5.059 Z-3.000 F800.0
G01 X-29.461 Y-4.728 Z-3.000 F800.0
G01 X-29.814 Y-4.368 Z-3.000 F800.0
G01 X-30.138 Y-3.982 Z-3.000 F800.0
G01 X-30.431 Y-3.572 Z-3.000 F800.0
G01 X-30.691 Y-3.140 Z-3.000 F800.0
G01 X-30.917 Y-2.690 Z-3.000 F800.0
G01 X-31.108 Y-2.223 Z-3.000 F800.0
G01 X-31.262 Y-1.743 Z-3.000 F800.0
G01 X-31.378 Y-1.253 Z-3.000 F800.0
G01 X-31.456 Y-0.755 Z-3.000 F800.0
G01 X-31.495 Y-0.252 Z-3.000 F800.0
G01 X-31.495 Y0.252 Z-3.000 F800.0
G01 X-31.456 Y0.755 Z-3.000 F800.0
G01 X-31.378 Y1.253 Z-3.000 F800.0
G01 X-31.262 Y1.743 Z-3.000 F800.0
G01 X-31.108 Y2.223 Z-3.000 F800.0
G01 X-30.917 Y2.690 Z-3.000 F800.0
G01 X-30.691 Y3.140 Z-3.000 F800.0
G01 X-30.431 Y3.572 Z-3.000 F800.0
G01 X-30.138 Y3.982 Z-3.000 F800.0
G01 X-29.814 Y4.368 Z-3.000 F800.0
G01 X-29.461 Y4.728 Z-3.000 F800.0
G01 X-29.081 Y5.059 Z-3.000 F800.0
G01 X-28.676 Y5.360 Z-3.000 F800.0
G01 X-28.250 Y5.629 Z-3.000 F800.0
G01 X-27.804 Y5.864 Z-3.000 F800.0
G01 X-27.341 Y6.064 Z-3.000 F800.0
G01 X-26.864 Y6.227 Z-3.000 F800.0
G01 X-26.376 Y6.353 Z-3.000 F800.0
G01 X-25.880 Y6.440 Z-3.000 F800.0
G01 X-25.378 Y6.489 Z-3.000 F800.0
G01 X-24.874 Y6.499 Z-3.000 F800.0
G01 X-24.371 Y6.469 Z-3.000 F800.0
G01 X-23.871 Y6.401 Z-3.000 F800.0
G01 X-23.379 Y6.295 Z-3.000 F800.0
G01 X-22.896 Y6.150 Z-3.000 F800.0
G01 X-22.425 Y5.968 Z-3.000 F800.0
G01 X-21.971 Y5.751 Z-3.000 F800.0
G01 X-21.534 Y5.499 Z-3.000 F800.0
G01 X-21.118 Y5.214 Z-3.000 F800.0
G01 X-20.726 Y4.897 Z-3.000 F800.0
G01 X-20.359 Y4.551 Z-3.000 F800.0
G01 X-20.021 Y4.178 Z-3.000 F800.0
G01 X-19.712 Y3.780 Z-3.000 F800.0
G01 X-19.435 Y3.359 Z-3.000 F800.0
G01 X-19.191 Y2.917 Z-3.000 F800.0
G01 X-18.983 Y2.458 Z-3.000 F800.0
G01 X-18.810 Y1.985 Z-3.000 F800.0
G01 X-18.675 Y1.499 Z-3.000 F800.0
G01 X-18.578 Y1.004 Z-3.000 F800.0
G01 X-18.520 Y0.504 Z-3.000 F800.0
G01 X-18.500 Y0.000 Z-3.000 F800.0
G00 X-18.500 Y0.000 Z50.000
G00 X-18.500 Y0.000 Z50.000
G01 Z-4.000 F200.0
G01 X-18.520 Y-0.504 Z-4.000 F800.0
G01 X-18.578 Y-1.004 Z-4.000 F800.0
G01 X-18.675 Y-1.499 Z-4.000 F800.0
G01 X-18.810 Y-1.985 Z-4.000 F800.0
G01 X-18.983 Y-2.458 Z-4.000 F800.0
G01 X-19.191 Y-2.917 Z-4.000 F800.0
G01 X-19.435 Y-3.359 Z-4.000 F800.0
G01 X-19.712 Y-3.780 Z-4.000 F800.0
G01 X-20.021 Y-4.178 Z-4.000 F800.0
G01 X-20.359 Y-4.551 Z-4.000 F800.0
G01 X-20.726 Y-4.897 Z-4.000 F800.0
G01 X-21.118 Y-5.214 Z-4.000 F800.0
G01 X-21.534 Y-5.499 Z-4.000 F800.0
G01 X-21.971 Y-5.751 Z-4.000 F800.0
G01 X-22.425 Y-5.968 Z-4.000 F800.0
G01 X-22.896 Y-6.150 Z-4.000 F800.0
G01 X-23.379 Y-6.295 Z-4.000 F800.0
G01 X-23.871 Y-6.401 Z-4.000 F800.0
G01 X-24.371 Y-6.469 Z-4.000 F800.0
G01 X-24.874 Y-6.499 Z-4.000 F800.0
G01 X-25.378 Y-6.489 Z-4.000 F800.0
G01 X-25.880 Y-6.440 Z-4.000 F800.0
G01 X-26.376 Y-6.353 Z-4.000 F800.0
G01 X-26.864 Y-6.227 Z-4.000 F800.0
G01 X-27.341 Y-6.064 Z-4.000 F800.0
G01 X-27.804 Y-5.864 Z-4.000 F800.0
G01 X-28.250 Y-5.629 Z-4.000 F800.0
G01 X-28.676 Y-5.360 Z-4.000 F800.0
G01 X-29.081 Y-5.059 Z-4.000 F800.0
G01 X-29.461 Y-4.728 Z-4.000 F800.0
G01 X-29.814 Y-4.368 Z-4.000 F800.0
G01 X-30.138 Y-3.982 Z-4.000 F800.0
G01 X-30.431 Y-3.572 Z-4.000 F800.0
G01 X-30.691 Y-3.140 Z-4.000 F800.0
G01 X-30.917 Y-2.690 Z-4.000 F800.0
G01 X-31.108 Y-2.223 Z-4.000 F800.0
G01 X-31.262 Y-1.743 Z-4.000 F800.0
G01 X-31.378 Y-1.253 Z-4.000 F800.0
G01 X-31.456 Y-0.755 Z-4.000 F800.0
G01 X-31.495 Y-0.252 Z-4.000 F800.0
G01 X-31.495 Y0.252 Z-4.000 F800.0
G01 X-31.456 Y0.755 Z-4.000 F800.0
G01 X-31.378 Y1.253 Z-4.000 F800.0
G01 X-31.262 Y1.743 Z-4.000 F800.0
G01 X-31.108 Y2.223 Z-4.000 F800.0
G01 X-30.917 Y2.690 Z-4.000 F800.0
G01 X-30.691 Y3.140 Z-4.000 F800.0
G01 X-30.431 Y3.572 Z-4.000 F800.0
G01 X-30.138 Y3.982 Z-4.000 F800.0
G01 X-29.814 Y4.368 Z-4.000 F800.0
G01 X-29.461 Y4.728 Z-4.000 F800.0
G01 X-29.081 Y5.059 Z-4.000 F800.0
G01 X-28.676 Y5.360 Z-4.000 F800.0
G01 X-28.250 Y5.629 Z-4.000 F800.0
G01 X-27.804 Y5.864 Z-4.000 F800.0
G01 X-27.341 Y6.064 Z-4.000 F800.0
G01 X-26.864 Y6.227 Z-4.000 F800.0
G01 X-26.376 Y6.353 Z-4.000 F800.0
G01 X-25.880 Y6.440 Z-4.000 F800.0
G01 X-25.378 Y6.489 Z-4.000 F800.0
G01 X-24.874 Y6.499 Z-4.000 F800.0
G01 X-24.371 Y6.469 Z-4.000 F800.0
G01 X-23.871 Y6.401 Z-4.000 F800.0
G01 X-23.379 Y6.295 Z-4.000 F800.0
G01 X-22.896 Y6.150 Z-4.000 F800.0
G01 X-22.425 Y5.968 Z-4.000 F800.0
G01 X-21.971 Y5.751 Z-4.000 F800.0
G01 X-21.534 Y5.499 Z-4.000 F800.0
G01 X-21.118 Y5.214 Z-4.000 F800.0
G01 X-20.726 Y4.897 Z-4.000 F800.0
G01 X-20.359 Y4.551 Z-4.000 F800.0
G01 X-20.021 Y4.178 Z-4.000 F800.0
G01 X-19.712 Y3.780 Z-4.000 F800.0
G01 X-19.435 Y3.359 Z-4.000 F800.0
G01 X-19.191 Y2.917 Z-4.000 F800.0
G01 X-18.983 Y2.458 Z-4.000 F800.0
G01 X-18.810 Y1.985 Z-4.000 F800.0
G01 X-18.675 Y1.499 Z-4.000 F800.0
G01 X-18.578 Y1.004 Z-4.000 F800.0
G01 X-18.520 Y0.504 Z-4.000 F800.0
G01 X-18.500 Y0.000 Z-4.000 F800.0
G00 X-18.500 Y0.000 Z50.000
G00 X-18.500 Y0.000 Z50.000
G01 Z-5.000 F200.0
G01 X-18.520 Y-0.504 Z-5.000 F800.0
G01 X-18.578 Y-1.004 Z-5.000 F800.0
G01 X-18.675 Y-1.499 Z-5.000 F800.0
G01 X-18.810 Y-1.985 Z-5.000 F800.0
G01 X-18.983 Y-2.458 Z-5.000 F800.0
G01 X-19.191 Y-2.917 Z-5.000 F800.0
G01 X-19.435 Y-3.359 Z-5.000 F800.0
G01 X-19.712 Y-3.780 Z-5.000 F800.0
G01 X-20.021 Y-4.178 Z-5.000 F800.0
G01 X-20.359 Y-4.551 Z-5.000 F800.0
G01 X-20.726 Y-4.897 Z-5.000 F800.0
G01 X-21.118 Y-5.214 Z-5.000 F800.0
G01 X-21.534 Y-5.499 Z-5.000 F800.0
G01 X-21.971 Y-5.751 Z-5.000 F800.0
G01 X-22.425 Y-5.968 Z-5.000 F800.0
G01 X-22.896 Y-6.150 Z-5.000 F800.0
G01 X-23.379 Y-6.295 Z-5.000 F800.0
G01 X-23.871 Y-6.401 Z-5.000 F800.0
G01 X-24.371 Y-6.469 Z-5.000 F800.0
G01 X-24.874 Y-6.499 Z-5.000 F800.0
G01 X-25.378 Y-6.489 Z-5.000 F800.0
G01 X-25.880 Y-6.440 Z-5.000 F800.0
G01 X-26.376 Y-6.353 Z-5.000 F800.0
G01 X-26.864 Y-6.227 Z-5.000 F800.0
G01 X-27.341 Y-6.064 Z-5.000 F800.0
G01 X-27.804 Y-5.864 Z-5.000 F800.0
G01 X-28.250 Y-5.629 Z-5.000 F800.0
G01 X-28.676 Y-5.360 Z-5.000 F800.0
G01 X-29.081 Y-5.059 Z-5.000 F800.0
G01 X-29.461 Y-4.728 Z-5.000 F800.0
G01 X-29.814 Y-4.368 Z-5.000 F800.0
G01 X-30.138 Y-3.982 Z-5.000 F800.0
G01 X-30.431 Y-3.572 Z-5.000 F800.0
G01 X-30.691 Y-3.140 Z-5.000 F800.0
G01 X-30.917 Y-2.690 Z-5.000 F800.0
G01 X-31.108 Y-2.223 Z-5.000 F800.0
G01 X-31.262 Y-1.743 Z-5.000 F800.0
G01 X-31.378 Y-1.253 Z-5.000 F800.0
G01 X-31.456 Y-0.755 Z-5.000 F800.0
G01 X-31.495 Y-0.252 Z-5.000 F800.0
G01 X-31.495 Y0.252 Z-5.000 F800.0
G01 X-31.456 Y0.755 Z-5.000 F800.0
G01 X-31.378 Y1.253 Z-5.000 F800.0
G01 X-31.262 Y1.743 Z-5.000 F800.0
G01 X-31.108 Y2.223 Z-5.000 F800.0
G01 X-30.917 Y2.690 Z-5.000 F800.0
G01 X-30.691 Y3.140 Z-5.000 F800.0
G01 X-30.431 Y3.572 Z-5.000 F800.0
G01 X-30.138 Y3.982 Z-5.000 F800.0
G01 X-29.814 Y4.368 Z-5.000 F800.0
G01 X-29.461 Y4.728 Z-5.000 F800.0
G01 X-29.081 Y5.059 Z-5.000 F800.0
G01 X-28.676 Y5.360 Z-5.000 F800.0
G01 X-28.250 Y5.629 Z-5.000 F800.0
G01 X-27.804 Y5.864 Z-5.000 F800.0
G01 X-27.341 Y6.064 Z-5.000 F800.0
G01 X-26.864 Y6.227 Z-5.000 F800.0
G01 X-26.376 Y6.353 Z-5.000 F800.0
G01 X-25.880 Y6.440 Z-5.000 F800.0
G01 X-25.378 Y6.489 Z-5.000 F800.0
G01 X-24.874 Y6.499 Z-5.000 F800.0
G01 X-24.371 Y6.469 Z-5.000 F800.0
G01 X-23.871 Y6.401 Z-5.000 F800.0
G01 X-23.379 Y6.295 Z-5.000 F800.0
G01 X-22.896 Y6.150 Z-5.000 F800.0
G01 X-22.425 Y5.968 Z-5.000 F800.0
G01 X-21.971 Y5.751 Z-5.000 F800.0
G01 X-21.534 Y5.499 Z-5.000 F800.0
G01 X-21.118 Y5.214 Z-5.000 F800.0
G01 X-20.726 Y4.897 Z-5.000 F800.0
G01 X-20.359 Y4.551 Z-5.000 F800.0
G01 X-20.021 Y4.178 Z-5.000 F800.0
G01 X-19.712 Y3.780 Z-5.000 F800.0
G01 X-19.435 Y3.359 Z-5.000 F800.0
G01 X-19.191 Y2.917 Z-5.000 F800.0
G01 X-18.983 Y2.458 Z-5.000 F800.0
G01 X-18.810 Y1.985 Z-5.000 F800.0
G01 X-18.675 Y1.499 Z-5.000 F800.0
G01 X-18.578 Y1.004 Z-5.000 F800.0
G01 X-18.520 Y0.504 Z-5.000 F800.0
G01 X-18.500 Y0.000 Z-5.000 F800.0
G00 X-18.500 Y0.000 Z50.000
G00 X18.000 Y0.000 Z50.000
G01 Z-1.000 F200.0
G01 X17.993 Y0.500 Z-1.000 F800.0
G01 X17.972 Y1.000 Z-1.000 F800.0
G01 X17.937 Y1.500 Z-1.000 F800.0
G01 X17.889 Y1.998 Z-1.000 F800.0
G01 X17.826 Y2.494 Z-1.000 F800.0
G01 X17.750 Y2.989 Z-1.000 F800.0
G01 X17.660 Y3.481 Z-1.000 F800.0
G01 X17.557 Y3.971 Z-1.000 F800.0
G01 X17.439 Y4.457 Z-1.000 F800.0
G01 X17.309 Y4.940 Z-1.000 F800.0
G01 X17.165 Y5.419 Z-1.000 F800.0
G01 X17.008 Y5.894 Z-1.000 F800.0
G01 X16.837 Y6.365 Z-1.000 F800.0
G01 X16.654 Y6.830 Z-1.000 F800.0
G01 X16.457 Y7.291 Z-1.000 F800.0
G01 X16.248 Y7.745 Z-1.000 F800.0
G01 X16.027 Y8.194 Z-1.000 F800.0
G01 X15.793 Y8.636 Z-1.000 F800.0
G01 X15.547 Y9.072 Z-1.000 F800.0
G01 X15.288 Y9.501 Z-1.000 F800.0
G01 X15.018 Y9.922 Z-1.000 F800.0
G01 X14.737 Y10.336 Z-1.000 F800.0
G01 X14.444 Y10.741 Z-1.000 F800.0
G01 X14.140 Y11.139 Z-1.000 F800.0
G01 X13.824 Y11.528 Z-1.000 F800.0
G01 X13.499 Y11.907 Z-1.000 F800.0
G01 X13.162 Y12.278 Z-1.000 F800.0
G01 X12.816 Y12.639 Z-1.000 F800.0
G01 X12.460 Y12.991 Z-1.000 F800.0
G01 X12.094 Y13.332 Z-1.000 F800.0
G01 X11.719 Y13.663 Z-1.000 F800.0
G01 X11.334 Y13.983 Z-1.000 F800.0
G01 X10.941 Y14.293 Z-1.000 F800.0
G01 X10.540 Y14.592 Z-1.000 F800.0
G01 X10.130 Y14.879 Z-1.000 F800.0
G01 X9.712 Y15.155 Z-1.000 F800.0
G01 X9.287 Y15.419 Z-1.000 F800.0
G01 X8.855 Y15.671 Z-1.000 F800.0
G01 X8.416 Y15.911 Z-1.000 F800.0
G01 X7.971 Y16.139 Z-1.000 F800.0
G01 X7.519 Y16.354 Z-1.000 F800.0
G01 X7.061 Y16.557 Z-1.000 F800.0
G01 X6.598 Y16.747 Z-1.000 F800.0
G01 X6.130 Y16.924 Z-1.000 F800.0
G01 X5.657 Y17.088 Z-1.000 F800.0
G01 X5.180 Y17.238 Z-1.000 F800.0
G01 X4.699 Y17.376 Z-1.000 F800.0
G01 X4.214 Y17.500 Z-1.000 F800.0
G01 X3.726 Y17.610 Z-1.000 F800.0
G01 X3.235 Y17.707 Z-1.000 F800.0
G01 X2.742 Y17.790 Z-1.000 F800.0
G01 X2.246 Y17.859 Z-1.000 F800.0
G01 X1.749 Y17.915 Z-1.000 F800.0
G01 X1.250 Y17.957 Z-1.000 F800.0
G01 X0.750 Y17.984 Z-1.000 F800.0
G01 X0.250 Y17.998 Z-1.000 F800.0
G01 X-0.250 Y17.998 Z-1.000 F800.0
G01 X-0.750 Y17.984 Z-1.000 F800.0
G01 X-1.250 Y17.957 Z-1.000 F800.0
G01 X-1.749 Y17.915 Z-1.000 F800.0
G01 X-2.246 Y17.859 Z-1.000 F800.0
G01 X-2.742 Y17.790 Z-1.000 F800.0
G01 X-3.235 Y17.707 Z-1.000 F800.0
G01 X-3.726 Y17.610 Z-1.000 F800.0
G01 X-4.214 Y17.500 Z-1.000 F800.0
G01 X-4.699 Y17.376 Z-1.000 F800.0
G01 X-5.180 Y17.238 Z-1.000 F800.0
G01 X-5.657 Y17.088 Z-1.000 F800.0
G01 X-6.130 Y16.924 Z-1.000 F800.0
G01 X-6.598 Y16.747 Z-1.000 F800.0
G01 X-7.061 Y16.557 Z-1.000 F800.0
G01 X-7.519 Y16.354 Z-1.000 F800.0
G01 X-7.971 Y16.139 Z-1.000 F800.0
G01 X-8.416 Y15.911 Z-1.000 F800.0
G01 X-8.855 Y15.671 Z-1.000 F800.0
G01 X-9.287 Y15.419 Z-1.000 F800.0
G01 X-9.712 Y15.155 Z-1.000 F800.0
G01 X-10.130 Y14.879 Z-1.000 F800.0
G01 X-10.540 Y14.592 Z-1.000 F800.0
G01 X-10.941 Y14.293 Z-1.000 F800.0
G01 X-11.334 Y13.983 Z-1.000 F800.0
G01 X-11.719 Y13.663 Z-1.000 F800.0
G01 X-12.094 Y13.332 Z-1.000 F800.0
G01 X-12.460 Y12.991 Z-1.000 F800.0
G01 X-12.816 Y12.639 Z-1.000 F800.0
G01 X-13.162 Y12.278 Z-1.000 F800.0
G01 X-13.499 Y11.907 Z-1.000 F800.0
G01 X-13.824 Y11.528 Z-1.000 F800.0
G01 X-14.140 Y11.139 Z-1.000 F800.0
G01 X-14.444 Y10.741 Z-1.000 F800.0
G01 X-14.737 Y10.336 Z-1.000 F800.0
G01 X-15.018 Y9.922 Z-1.000 F800.0
G01 X-15.288 Y9.501 Z-1.000 F800.0
G01 X-15.547 Y9.072 Z-1.000 F800.0
G01 X-15.793 Y8.636 Z-1.000 F800.0
G01 X-16.027 Y8.194 Z-1.000 F800.0
G01 X-16.248 Y7.745 Z-1.000 F800.0
G01 X-16.457 Y7.291 Z-1.000 F800.0
G01 X-16.654 Y6.830 Z-1.000 F800.0
G01 X-16.837 Y6.365 Z-1.000 F800.0
G01 X-17.008 Y5.894 Z-1.000 F800.0
G01 X-17.165 Y5.419 Z-1.000 F800.0
G01 X-17.309 Y4.940 Z-1.000 F800.0
G01 X-17.439 Y4.457 Z-1.000 F800.0
G01 X-17.557 Y3.971 Z-1.000 F800.0
G01 X-17.660 Y3.481 Z-1.000 F800.0
G01 X-17.750 Y2.989 Z-1.000 F800.0
G01 X-17.826 Y2.494 Z-1.000 F800.0
G01 X-17.889 Y1.998 Z-1.000 F800.0
G01 X-17.937 Y1.500 Z-1.000 F800.0
G01 X-17.972 Y1.000 Z-1.000 F800.0
G01 X-17.993 Y0.500 Z-1.000 F800.0
G01 X-18.000 Y0.000 Z-1.000 F800.0
G01 X-17.993 Y-0.500 Z-1.000 F800.0
G01 X-17.972 Y-1.000 Z-1.000 F800.0
G01 X-17.937 Y-1.500 Z-1.000 F800.0
G01 X-17.889 Y-1.998 Z-1.000 F800.0
G01 X-17.826 Y-2.494 Z-1.000 F800.0
G01 X-17.750 Y-2.989 Z-1.000 F800.0
G01 X-17.660 Y-3.481 Z-1.000 F800.0
G01 X-17.557 Y-3.971 Z-1.000 F800.0
G01 X-17.439 Y-4.457 Z-1.000 F800.0
G01 X-17.309 Y-4.940 Z-1.000 F800.0
G01 X-17.165 Y-5.419 Z-1.000 F800.0
G01 X-17.008 Y-5.894 Z-1.000 F800.0
G01 X-16.837 Y-6.365 Z-1.000 F800.0
G01 X-16.654 Y-6.830 Z-1.000 F800.0
G01 X-16.457 Y-7.291 Z-1.000 F800.0
G01 X-16.248 Y-7.745 Z-1.000 F800.0
G01 X-16.027 Y-8.194 Z-1.000 F800.0
G01 X-15.793 Y-8.636 Z-1.000 F800.0
G01 X-15.547 Y-9.072 Z-1.000 F800.0
G01 X-15.288 Y-9.501 Z-1.000 F800.0
G01 X-15.018 Y-9.922 Z-1.000 F800.0
G01 X-14.737 Y-10.336 Z-1.000 F800.0
G01 X-14.444 Y-10.741 Z-1.000 F800.0
G01 X-14.140 Y-11.139 Z-1.000 F800.0
G01 X-13.824 Y-11.528 Z-1.000 F800.0
G01 X-13.499 Y-11.907 Z-1.000 F800.0
G01 X-13.162 Y-12.278 Z-1.000 F800.0
G01 X-12.816 Y-12.639 Z-1.000 F800.0
G01 X-12.460 Y-12.991 Z-1.000 F800.0
G01 X-12.094 Y-13.332 Z-1.000 F800.0
G01 X-11.719 Y-13.663 Z-1.000 F800.0
G01 X-11.334 Y-13.983 Z-1.000 F800.0
G01 X-10.941 Y-14.293 Z-1.000 F800.0
G01 X-10.540 Y-14.592 Z-1.000 F800.0
G01 X-10.130 Y-14.879 Z-1.000 F800.0
G01 X-9.712 Y-15.155 Z-1.000 F800.0
G01 X-9.287 Y-15.419 Z-1.000 F800.0
G01 X-8.855 Y-15.671 Z-1.000 F800.0
G01 X-8.416 Y-15.911 Z-1.000 F800.0
G01 X-7.971 Y-16.139 Z-1.000 F800.0
G01 X-7.519 Y-16.354 Z-1.000 F800.0
G01 X-7.061 Y-16.557 Z-1.000 F800.0
G01 X-6.598 Y-16.747 Z-1.000 F800.0
G01 X-6.130 Y-16.924 Z-1.000 F800.0
G01 X-5.657 Y-17.088 Z-1.000 F800.0
G01 X-5.180 Y-17.238 Z-1.000 F800.0
G01 X-4.699 Y-17.376 Z-1.000 F800.0
G01 X-4.214 Y-17.500 Z-1.000 F800.0
G01 X-3.726 Y-17.610 Z-1.000 F800.0
G01 X-3.235 Y-17.707 Z-1.000 F800.0
G01 X-2.742 Y-17.790 Z-1.000 F800.0
G01 X-2.246 Y-17.859 Z-1.000 F800.0
G01 X-1.749 Y-17.915 Z-1.000 F800.0
G01 X-1.250 Y-17.957 Z-1.000 F800.0
G01 X-0.750 Y-17.984 Z-1.000 F800.0
G01 X-0.250 Y-17.998 Z-1.000 F800.0
G01 X0.250 Y-17.998 Z-1.000 F800.0
G01 X0.750 Y-17.984 Z-1.000 F800.0
G01 X1.250 Y-17.957 Z-1.000 F800.0
G01 X1.749 Y-17.915 Z-1.000 F800.0
G01 X2.246 Y-17.859 Z-1.000 F800.0
G01 X2.742 Y-17.790 Z-1.000 F800.0
G01 X3.235 Y-17.707 Z-1.000 F800.0
G01 X3.726 Y-17.610 Z-1.000 F800.0
G01 X4.214 Y-17.500 Z-1.000 F800.0
G01 X4.699 Y-17.376 Z-1.000 F800.0
G01 X5.180 Y-17.238 Z-1.000 F800.0
G01 X5.657 Y-17.088 Z-1.000 F800.0
G01 X6.130 Y-16.924 Z-1.000 F800.0
G01 X6.598 Y-16.747 Z-1.000 F800.0
G01 X7.061 Y-16.557 Z-1.000 F800.0
G01 X7.519 Y-16.354 Z-1.000 F800.0
G01 X7.971 Y-16.139 Z-1.000 F800.0
G01 X8.416 Y-15.911 Z-1.000 F800.0
G01 X8.855 Y-15.671 Z-1.000 F800.0
G01 X9.287 Y-15.419 Z-1.000 F800.0
G01 X9.712 Y-15.155 Z-1.000 F800.0
G01 X10.130 Y-14.879 Z-1.000 F800.0
G01 X10.540 Y-14.592 Z-1.000 F800.0
G01 X10.941 Y-14.293 Z-1.000 F800.0
G01 X11.334 Y-13.983 Z-1.000 F800.0
G01 X11.719 Y-13.663 Z-1.000 F800.0
G01 X12.094 Y-13.332 Z-1.000 F800.0
G01 X12.460 Y-12.991 Z-1.000 F800.0
G01 X12.816 Y-12.639 Z-1.000 F800.0
G01 X13.162 Y-12.278 Z-1.000 F800.0
G01 X13.499 Y-11.907 Z-1.000 F800.0
G01 X13.824 Y-11.528 Z-1.000 F800.0
G01 X14.140 Y-11.139 Z-1.000 F800.0
G01 X14.444 Y-10.741 Z-1.000 F800.0
G01 X14.737 Y-10.336 Z-1.000 F800.0
G01 X15.018 Y-9.922 Z-1.000 F800.0
G01 X15.288 Y-9.501 Z-1.000 F800.0
G01 X15.547 Y-9.072 Z-1.000 F800.0
G01 X15.793 Y-8.636 Z-1.000 F800.0
G01 X16.027 Y-8.194 Z-1.000 F800.0
G01 X16.248 Y-7.745 Z-1.000 F800.0
G01 X16.457 Y-7.291 Z-1.000 F800.0
G01 X16.654 Y-6.830 Z-1.000 F800.0
G01 X16.837 Y-6.365 Z-1.000 F800.0
G01 X17.008 Y-5.894 Z-1.000 F800.0
G01 X17.165 Y-5.419 Z-1.000 F800.0
G01 X17.309 Y-4.940 Z-1.000 F800.0
G01 X17.439 Y-4.457 Z-1.000 F800.0
G01 X17.557 Y-3.971 Z-1.000 F800.0
G01 X17.660 Y-3.481 Z-1.000 F800.0
G01 X17.750 Y-2.989 Z-1.000 F800.0
G01 X17.826 Y-2.494 Z-1.000 F800.0
G01 X17.889 Y-1.998 Z-1.000 F800.0
G01 X17.937 Y-1.500 Z-1.000 F800.0
G01 X17.972 Y-1.000 Z-1.000 F800.0
G01 X17.993 Y-0.500 Z-1.000 F800.0
G01 X18.000 Y-0.000 Z-1.000 F800.0
G00 X18.000 Y-0.000 Z50.000
G00 X18.000 Y0.000 Z50.000
G01 Z-2.000 F200.0
G01 X17.993 Y0.500 Z-2.000 F800.0
G01 X17.972 Y1.000 Z-2.000 F800.0
G01 X17.937 Y1.500 Z-2.000 F800.0
G01 X17.889 Y1.998 Z-2.000 F800.0
G01 X17.826 Y2.494 Z-2.000 F800.0
G01 X17.750 Y2.989 Z-2.000 F800.0
G01 X17.660 Y3.481 Z-2.000 F800.0
G01 X17.557 Y3.971 Z-2.000 F800.0
G01 X17.439 Y4.457 Z-2.000 F800.0
G01 X17.309 Y4.940 Z-2.000 F800.0
G01 X17.165 Y5.419 Z-2.000 F800.0
G01 X17.008 Y5.894 Z-2.000 F800.0
G01 X16.837 Y6.365 Z-2.000 F800.0
G01 X16.654 Y6.830 Z-2.000 F800.0
G01 X16.457 Y7.291 Z-2.000 F800.0
G01 X16.248 Y7.745 Z-2.000 F800.0
G01 X16.027 Y8.194 Z-2.000 F800.0
G01 X15.793 Y8.636 Z-2.000 F800.0
G01 X15.547 Y9.072 Z-2.000 F800.0
G01 X15.288 Y9.501 Z-2.000 F800.0
G01 X15.018 Y9.922 Z-2.000 F800.0
G01 X14.737 Y10.336 Z-2.000 F800.0
G01 X14.444 Y10.741 Z-2.000 F800.0
G01 X14.140 Y11.139 Z-2.000 F800.0
G01 X13.824 Y11.528 Z-2.000 F800.0
G01 X13.499 Y11.907 Z-2.000 F800.0
G01 X13.162 Y12.278 Z-2.000 F800.0
G01 X12.816 Y12.639 Z-2.000 F800.0
G01 X12.460 Y12.991 Z-2.000 F800.0
G01 X12.094 Y13.332 Z-2.000 F800.0
G01 X11.719 Y13.663 Z-2.000 F800.0
G01 X11.334 Y13.983 Z-2.000 F800.0
G01 X10.941 Y14.293 Z-2.000 F800.0
G01 X10.540 Y14.592 Z-2.000 F800.0
G01 X10.130 Y14.879 Z-2.000 F800.0
G01 X9.712 Y15.155 Z-2.000 F800.0
G01 X9.287 Y15.419 Z-2.000 F800.0
G01 X8.855 Y15.671 Z-2.000 F800.0
G01 X8.416 Y15.911 Z-2.000 F800.0
G01 X7.971 Y16.139 Z-2.000 F800.0
G01 X7.519 Y16.354 Z-2.000 F800.0
G01 X7.061 Y16.557 Z-2.000 F800.0
G01 X6.598 Y16.747 Z-2.000 F800.0
G01 X6.130 Y16.924 Z-2.000 F800.0
G01 X5.657 Y17.088 Z-2.000 F800.0
G01 X5.180 Y17.238 Z-2.000 F800.0
G01 X4.699 Y17.376 Z-2.000 F800.0
G01 X4.214 Y17.500 Z-2.000 F800.0
G01 X3.726 Y17.610 Z-2.000 F800.0
G01 X3.235 Y17.707 Z-2.000 F800.0
G01 X2.742 Y17.790 Z-2.000 F800.0
G01 X2.246 Y17.859 Z-2.000 F800.0
G01 X1.749 Y17.915 Z-2.000 F800.0
G01 X1.250 Y17.957 Z-2.000 F800.0
G01 X0.750 Y17.984 Z-2.000 F800.0
G01 X0.250 Y17.998 Z-2.000 F800.0
G01 X-0.250 Y17.998 Z-2.000 F800.0
G01 X-0.750 Y17.984 Z-2.000 F800.0
G01 X-1.250 Y17.957 Z-2.000 F800.0
G01 X-1.749 Y17.915 Z-2.000 F800.0
G01 X-2.246 Y17.859 Z-2.000 F800.0
G01 X-2.742 Y17.790 Z-2.000 F800.0
G01 X-3.235 Y17.707 Z-2.000 F800.0
G01 X-3.726 Y17.610 Z-2.000 F800.0
G01 X-4.214 Y17.500 Z-2.000 F800.0
G01 X-4.699 Y17.376 Z-2.000 F800.0
G01 X-5.180 Y17.238 Z-2.000 F800.0
G01 X-5.657 Y17.088 Z-2.000 F800.0
G01 X-6.130 Y16.924 Z-2.000 F800.0
G01 X-6.598 Y16.747 Z-2.000 F800.0
G01 X-7.061 Y16.557 Z-2.000 F800.0
G01 X-7.519 Y16.354 Z-2.000 F800.0
G01 X-7.971 Y16.139 Z-2.000 F800.0
G01 X-8.416 Y15.911 Z-2.000 F800.0
G01 X-8.855 Y15.671 Z-2.000 F800.0
G01 X-9.287 Y15.419 Z-2.000 F800.0
G01 X-9.712 Y15.155 Z-2.000 F800.0
G01 X-10.130 Y14.879 Z-2.000 F800.0
G01 X-10.540 Y14.592 Z-2.000 F800.0
G01 X-10.941 Y14.293 Z-2.000 F800.0
G01 X-11.334 Y13.983 Z-2.000 F800.0
G01 X-11.719 Y13.663 Z-2.000 F800.0
G01 X-12.094 Y13.332 Z-2.000 F800.0
G01 X-12.460 Y12.991 Z-2.000 F800.0
G01 X-12.816 Y12.639 Z-2.000 F800.0
G01 X-13.162 Y12.278 Z-2.000 F800.0
G01 X-13.499 Y11.907 Z-2.000 F800.0
G01 X-13.824 Y11.528 Z-2.000 F800.0
G01 X-14.140 Y11.139 Z-2.000 F800.0
G01 X-14.444 Y10.741 Z-2.000 F800.0
G01 X-14.737 Y10.336 Z-2.000 F800.0
G01 X-15.018 Y9.922 Z-2.000 F800.0
G01 X-15.288 Y9.501 Z-2.000 F800.0
G01 X-15.547 Y9.072 Z-2.000 F800.0
G01 X-15.793 Y8.636 Z-2.000 F800.0
G01 X-16.027 Y8.194 Z-2.000 F800.0
G01 X-16.248 Y7.745 Z-2.000 F800.0
G01 X-16.457 Y7.291 Z-2.000 F800.0
G01 X-16.654 Y6.830 Z-2.000 F800.0
G01 X-16.837 Y6.365 Z-2.000 F800.0
G01 X-17.008 Y5.894 Z-2.000 F800.0
G01 X-17.165 Y5.419 Z-2.000 F800.0
G01 X-17.309 Y4.940 Z-2.000 F800.0
G01 X-17.439 Y4.457 Z-2.000 F800.0
G01 X-17.557 Y3.971 Z-2.000 F800.0
G01 X-17.660 Y3.481 Z-2.000 F800.0
G01 X-17.750 Y2.989 Z-2.000 F800.0
G01 X-17.826 Y2.494 Z-2.000 F800.0
G01 X-17.889 Y1.998 Z-2.000 F800.0
G01 X-17.937 Y1.500 Z-2.000 F800.0
G01 X-17.972 Y1.000 Z-2.000 F800.0
G01 X-17.993 Y0.500 Z-2.000 F800.0
G01 X-18.000 Y0.000 Z-2.000 F800.0
G01 X-17.993 Y-0.500 Z-2.000 F800.0
G01 X-17.972 Y-1.000 Z-2.000 F800.0
G01 X-17.937 Y-1.500 Z-2.000 F800.0
G01 X-17.889 Y-1.998 Z-2.000 F800.0
G01 X-17.826 Y-2.494 Z-2.000 F800.0
G01 X-17.750 Y-2.989 Z-2.000 F800.0
G01 X-17.660 Y-3.481 Z-2.000 F800.0
G01 X-17.557 Y-3.971 Z-2.000 F800.0
G01 X-17.439 Y-4.457 Z-2.000 F800.0
G01 X-17.309 Y-4.940 Z-2.000 F800.0
G01 X-17.165 Y-5.419 Z-2.000 F800.0
G01 X-17.008 Y-5.894 Z-2.000 F800.0
G01 X-16.837 Y-6.365 Z-2.000 F800.0
G01 X-16.654 Y-6.830 Z-2.000 F800.0
G01 X-16.457 Y-7.291 Z-2.000 F800.0
G01 X-16.248 Y-7.745 Z-2.000 F800.0
G01 X-16.027 Y-8.194 Z-2.000 F800.0
G01 X-15.793 Y-8.636 Z-2.000 F800.0
G01 X-15.547 Y-9.072 Z-2.000 F800.0
G01 X-15.288 Y-9.501 Z-2.000 F800.0
G01 X-15.018 Y-9.922 Z-2.000 F800.0
G01 X-14.737 Y-10.336 Z-2.000 F800.0
G01 X-14.444 Y-10.741 Z-2.000 F800.0
G01 X-14.140 Y-11.139 Z-2.000 F800.0
G01 X-13.824 Y-11.528 Z-2.000 F800.0
G01 X-13.499 Y-11.907 Z-2.000 F800.0
G01 X-13.162 Y-12.278 Z-2.000 F800.0
G01 X-12.816 Y-12.639 Z-2.000 F800.0
G01 X-12.460 Y-12.991 Z-2.000 F800.0
G01 X-12.094 Y-13.332 Z-2.000 F800.0
G01 X-11.719 Y-13.663 Z-2.000 F800.0
G01 X-11.334 Y-13.983 Z-2.000 F800.0
G01 X-10.941 Y-14.293 Z-2.000 F800.0
G01 X-10.540 Y-14.592 Z-2.000 F800.0
G01 X-10.130 Y-14.879 Z-2.000 F800.0
G01 X-9.712 Y-15.155 Z-2.000 F800.0
G01 X-9.287 Y-15.419 Z-2.000 F800.0
G01 X-8.855 Y-15.671 Z-2.000 F800.0
G01 X-8.416 Y-15.911 Z-2.000 F800.0
G01 X-7.971 Y-16.139 Z-2.000 F800.0
G01 X-7.519 Y-16.354 Z-2.000 F800.0
G01 X-7.061 Y-16.557 Z-2.000 F800.0
G01 X-6.598 Y-16.747 Z-2.000 F800.0
G01 X-6.130 Y-16.924 Z-2.000 F800.0
G01 X-5.657 Y-17.088 Z-2.000 F800.0
G01 X-5.180 Y-17.238 Z-2.000 F800.0
G01 X-4.699 Y-17.376 Z-2.000 F800.0
G01 X-4.214 Y-17.500 Z-2.000 F800.0
G01 X-3.726 Y-17.610 Z-2.000 F800.0
G01 X-3.235 Y-17.707 Z-2.000 F800.0
G01 X-2.742 Y-17.790 Z-2.000 F800.0
G01 X-2.246 Y-17.859 Z-2.000 F800.0
G01 X-1.749 Y-17.915 Z-2.000 F800.0
G01 X-1.250 Y-17.957 Z-2.000 F800.0
G01 X-0.750 Y-17.984 Z-2.000 F800.0
G01 X-0.250 Y-17.998 Z-2.000 F800.0
G01 X0.250 Y-17.998 Z-2.000 F800.0
G01 X0.750 Y-17.984 Z-2.000 F800.0
G01 X1.250 Y-17.957 Z-2.000 F800.0
G01 X1.749 Y-17.915 Z-2.000 F800.0
G01 X2.246 Y-17.859 Z-2.000 F800.0
G01 X2.742 Y-17.790 Z-2.000 F800.0
G01 X3.235 Y-17.707 Z-2.000 F800.0
G01 X3.726 Y-17.610 Z-2.000 F800.0
G01 X4.214 Y-17.500 Z-2.000 F800.0
G01 X4.699 Y-17.376 Z-2.000 F800.0
G01 X5.180 Y-17.238 Z-2.000 F800.0
G01 X5.657 Y-17.088 Z-2.000 F800.0
G01 X6.130 Y-16.924 Z-2.000 F800.0
G01 X6.598 Y-16.747 Z-2.000 F800.0
G01 X7.061 Y-16.557 Z-2.000 F800.0
G01 X7.519 Y-16.354 Z-2.000 F800.0
G01 X7.971 Y-16.139 Z-2.000 F800.0
G01 X8.416 Y-15.911 Z-2.000 F800.0
G01 X8.855 Y-15.671 Z-2.000 F800.0
G01 X9.287 Y-15.419 Z-2.000 F800.0
G01 X9.712 Y-15.155 Z-2.000 F800.0
G01 X10.130 Y-14.879 Z-2.000 F800.0
G01 X10.540 Y-14.592 Z-2.000 F800.0
G01 X10.941 Y-14.293 Z-2.000 F800.0
G01 X11.334 Y-13.983 Z-2.000 F800.0
G01 X11.719 Y-13.663 Z-2.000 F800.0
G01 X12.094 Y-13.332 Z-2.000 F800.0
G01 X12.460 Y-12.991 Z-2.000 F800.0
G01 X12.816 Y-12.639 Z-2.000 F800.0
G01 X13.162 Y-12.278 Z-2.000 F800.0
G01 X13.499 Y-11.907 Z-2.000 F800.0
G01 X13.824 Y-11.528 Z-2.000 F800.0
G01 X14.140 Y-11.139 Z-2.000 F800.0
G01 X14.444 Y-10.741 Z-2.000 F800.0
G01 X14.737 Y-10.336 Z-2.000 F800.0
G01 X15.018 Y-9.922 Z-2.000 F800.0
G01 X15.288 Y-9.501 Z-2.000 F800.0
G01 X15.547 Y-9.072 Z-2.000 F800.0
G01 X15.793 Y-8.636 Z-2.000 F800.0
G01 X16.027 Y-8.194 Z-2.000 F800.0
G01 X16.248 Y-7.745 Z-2.000 F800.0
G01 X16.457 Y-7.291 Z-2.000 F800.0
G01 X16.654 Y-6.830 Z-2.000 F800.0
G01 X16.837 Y-6.365 Z-2.000 F800.0
G01 X17.008 Y-5.894 Z-2.000 F800.0
G01 X17.165 Y-5.419 Z-2.000 F800.0
G01 X17.309 Y-4.940 Z-2.000 F800.0
G01 X17.439 Y-4.457 Z-2.000 F800.0
G01 X17.557 Y-3.971 Z-2.000 F800.0
G01 X17.660 Y-3.481 Z-2.000 F800.0
G01 X17.750 Y-2.989 Z-2.000 F800.0
G01 X17.826 Y-2.494 Z-2.000 F800.0
G01 X17.889 Y-1.998 Z-2.000 F800.0
G01 X17.937 Y-1.500 Z-2.000 F800.0
G01 X17.972 Y-1.000 Z-2.000 F800.0
G01 X17.993 Y-0.500 Z-2.000 F800.0
G01 X18.000 Y-0.000 Z-2.000 F800.0
G00 X18.000 Y-0.000 Z50.000
G00 X18.000 Y0.000 Z50.000
G01 Z-3.000 F200.0
G01 X17.993 Y0.500 Z-3.000 F800.0
G01 X17.972 Y1.000 Z-3.000 F800.0
G01 X17.937 Y1.500 Z-3.000 F800.0
G01 X17.889 Y1.998 Z-3.000 F800.0
G01 X17.826 Y2.494 Z-3.000 F800.0
G01 X17.750 Y2.989 Z-3.000 F800.0
G01 X17.660 Y3.481 Z-3.000 F800.0
G01 X17.557 Y3.971 Z-3.000 F800.0
G01 X17.439 Y4.457 Z-3.000 F800.0
G01 X17.309 Y4.940 Z-3.000 F800.0
G01 X17.165 Y5.419 Z-3.000 F800.0
G01 X17.008 Y5.894 Z-3.000 F800.0
G01 X16.837 Y6.365 Z-3.000 F800.0
G01 X16.654 Y6.830 Z-3.000 F800.0
G01 X16.457 Y7.291 Z-3.000 F800.0
G01 X16.248 Y7.745 Z-3.000 F800.0
G01 X16.027 Y8.194 Z-3.000 F800.0
G01 X15.793 Y8.636 Z-3.000 F800.0
G01 X15.547 Y9.072 Z-3.000 F800.0
G01 X15.288 Y9.501 Z-3.000 F800.0
G01 X15.018 Y9.922 Z-3.000 F800.0
G01 X14.737 Y10.336 Z-3.000 F800.0
G01 X14.444 Y10.741 Z-3.000 F800.0
G01 X14.140 Y11.139 Z-3.000 F800.0
G01 X13.824 Y11.528 Z-3.000 F800.0
G01 X13.499 Y11.907 Z-3.000 F800.0
G01 X13.162 Y12.278 Z-3.000 F800.0
G01 X12.816 Y12.639 Z-3.000 F800.0
G01 X12.460 Y12.991 Z-3.000 F800.0
G01 X12.094 Y13.332 Z-3.000 F800.0
G01 X11.719 Y13.663 Z-3.000 F800.0
G01 X11.334 Y13.983 Z-3.000 F800.0
G01 X10.941 Y14.293 Z-3.000 F800.0
G01 X10.540 Y14.592 Z-3.000 F800.0
G01 X10.130 Y14.879 Z-3.000 F800.0
G01 X9.712 Y15.155 Z-3.000 F800.0
G01 X9.287 Y15.419 Z-3.000 F800.0
G01 X8.855 Y15.671 Z-3.000 F800.0
G01 X8.416 Y15.911 Z-3.000 F800.0
G01 X7.971 Y16.139 Z-3.000 F800.0
G01 X7.519 Y16.354 Z-3.000 F800.0
G01 X7.061 Y16.557 Z-3.000 F800.0
G01 X6.598 Y16.747 Z-3.000 F800.0
G01 X6.130 Y16.924 Z-3.000 F800.0
G01 X5.657 Y17.088 Z-3.000 F800.0
G01 X5.180 Y17.238 Z-3.000 F800.0
G01 X4.699 Y17.376 Z-3.000 F800.0
G01 X4.214 Y17.500 Z-3.000 F800.0
G01 X3.726 Y17.610 Z-3.000 F800.0
G01 X3.235 Y17.707 Z-3.000 F800.0
G01 X2.742 Y17.790 Z-3.000 F800.0
G01 X2.246 Y17.859 Z-3.000 F800.0
G01 X1.749 Y17.915 Z-3.000 F800.0
G01 X1.250 Y17.957 Z-3.000 F800.0
G01 X0.750 Y17.984 Z-3.000 F800.0
G01 X0.250 Y17.998 Z-3.000 F800.0
G01 X-0.250 Y17.998 Z-3.000 F800.0
G01 X-0.750 Y17.984 Z-3.000 F800.0
G01 X-1.250 Y17.957 Z-3.000 F800.0
G01 X-1.749 Y17.915 Z-3.000 F800.0
G01 X-2.246 Y17.859 Z-3.000 F800.0
G01 X-2.742 Y17.790 Z-3.000 F800.0
G01 X-3.235 Y17.707 Z-3.000 F800.0
G01 X-3.726 Y17.610 Z-3.000 F800.0
G01 X-4.214 Y17.500 Z-3.000 F800.0
G01 X-4.699 Y17.376 Z-3.000 F800.0
G01 X-5.180 Y17.238 Z-3.000 F800.0
G01 X-5.657 Y17.088 Z-3.000 F800.0
G01 X-6.130 Y16.924 Z-3.000 F800.0
G01 X-6.598 Y16.747 Z-3.000 F800.0
G01 X-7.061 Y16.557 Z-3.000 F800.0
G01 X-7.519 Y16.354 Z-3.000 F800.0
G01 X-7.971 Y16.139 Z-3.000 F800.0
G01 X-8.416 Y15.911 Z-3.000 F800.0
G01 X-8.855 Y15.671 Z-3.000 F800.0
G01 X-9.287 Y15.419 Z-3.000 F800.0
G01 X-9.712 Y15.155 Z-3.000 F800.0
G01 X-10.130 Y14.879 Z-3.000 F800.0
G01 X-10.540 Y14.592 Z-3.000 F800.0
G01 X-10.941 Y14.293 Z-3.000 F800.0
G01 X-11.334 Y13.983 Z-3.000 F800.0
G01 X-11.719 Y13.663 Z-3.000 F800.0
G01 X-12.094 Y13.332 Z-3.000 F800.0
G01 X-12.460 Y12.991 Z-3.000 F800.0
G01 X-12.816 Y12.639 Z-3.000 F800.0
G01 X-13.162 Y12.278 Z-3.000 F800.0
G01 X-13.499 Y11.907 Z-3.000 F800.0
G01 X-13.824 Y11.528 Z-3.000 F800.0
G01 X-14.140 Y11.139 Z-3.000 F800.0
G01 X-14.444 Y10.741 Z-3.000 F800.0
G01 X-14.737 Y10.336 Z-3.000 F800.0
G01 X-15.018 Y9.922 Z-3.000 F800.0
G01 X-15.288 Y9.501 Z-3.000 F800.0
G01 X-15.547 Y9.072 Z-3.000 F800.0
G01 X-15.793 Y8.636 Z-3.000 F800.0
G01 X-16.027 Y8.194 Z-3.000 F800.0
G01 X-16.248 Y7.745 Z-3.000 F800.0
G01 X-16.457 Y7.291 Z-3.000 F800.0
G01 X-16.654 Y6.830 Z-3.000 F800.0
G01 X-16.837 Y6.365 Z-3.000 F800.0
G01 X-17.008 Y5.894 Z-3.000 F800.0
G01 X-17.165 Y5.419 Z-3.000 F800.0
G01 X-17.309 Y4.940 Z-3.000 F800.0
G01 X-17.439 Y4.457 Z-3.000 F800.0
G01 X-17.557 Y3.971 Z-3.000 F800.0
G01 X-17.660 Y3.481 Z-3.000 F800.0
G01 X-17.750 Y2.989 Z-3.000 F800.0
G01 X-17.826 Y2.494 Z-3.000 F800.0
G01 X-17.889 Y1.998 Z-3.000 F800.0
G01 X-17.937 Y1.500 Z-3.000 F800.0
G01 X-17.972 Y1.000 Z-3.000 F800.0
G01 X-17.993 Y0.500 Z-3.000 F800.0
G01 X-18.000 Y0.000 Z-3.000 F800.0
G01 X-17.993 Y-0.500 Z-3.000 F800.0
G01 X-17.972 Y-1.000 Z-3.000 F800.0
G01 X-17.937 Y-1.500 Z-3.000 F800.0
G01 X-17.889 Y-1.998 Z-3.000 F800.0
G01 X-17.826 Y-2.494 Z-3.000 F800.0
G01 X-17.750 Y-2.989 Z-3.000 F800.0
G01 X-17.660 Y-3.481 Z-3.000 F800.0
G01 X-17.557 Y-3.971 Z-3.000 F800.0
G01 X-17.439 Y-4.457 Z-3.000 F800.0
G01 X-17.309 Y-4.940 Z-3.000 F800.0
G01 X-17.165 Y-5.419 Z-3.000 F800.0
G01 X-17.008 Y-5.894 Z-3.000 F800.0
G01 X-16.837 Y-6.365 Z-3.000 F800.0
G01 X-16.654 Y-6.830 Z-3.000 F800.0
G01 X-16.457 Y-7.291 Z-3.000 F800.0
G01 X-16.248 Y-7.745 Z-3.000 F800.0
G01 X-16.027 Y-8.194 Z-3.000 F800.0
G01 X-15.793 Y-8.636 Z-3.000 F800.0
G01 X-15.547 Y-9.072 Z-3.000 F800.0
G01 X-15.288 Y-9.501 Z-3.000 F800.0
G01 X-15.018 Y-9.922 Z-3.000 F800.0
G01 X-14.737 Y-10.336 Z-3.000 F800.0
G01 X-14.444 Y-10.741 Z-3.000 F800.0
G01 X-14.140 Y-11.139 Z-3.000 F800.0
G01 X-13.824 Y-11.528 Z-3.000 F800.0
G01 X-13.499 Y-11.907 Z-3.000 F800.0
G01 X-13.162 Y-12.278 Z-3.000 F800.0
G01 X-12.816 Y-12.639 Z-3.000 F800.0
G01 X-12.460 Y-12.991 Z-3.000 F800.0
G01 X-12.094 Y-13.332 Z-3.000 F800.0
G01 X-11.719 Y-13.663 Z-3.000 F800.0
G01 X-11.334 Y-13.983 Z-3.000 F800.0
G01 X-10.941 Y-14.293 Z-3.000 F800.0
G01 X-10.540 Y-14.592 Z-3.000 F800.0
G01 X-10.130 Y-14.879 Z-3.000 F800.0
G01 X-9.712 Y-15.155 Z-3.000 F800.0
G01 X-9.287 Y-15.419 Z-3.000 F800.0
G01 X-8.855 Y-15.671 Z-3.000 F800.0
G01 X-8.416 Y-15.911 Z-3.000 F800.0
G01 X-7.971 Y-16.139 Z-3.000 F800.0
G01 X-7.519 Y-16.354 Z-3.000 F800.0
G01 X-7.061 Y-16.557 Z-3.000 F800.0
G01 X-6.598 Y-16.747 Z-3.000 F800.0
G01 X-6.130 Y-16.924 Z-3.000 F800.0
G01 X-5.657 Y-17.088 Z-3.000 F800.0
G01 X-5.180 Y-17.238 Z-3.000 F800.0
G01 X-4.699 Y-17.376 Z-3.000 F800.0
G01 X-4.214 Y-17.500 Z-3.000 F800.0
G01 X-3.726 Y-17.610 Z-3.000 F800.0
G01 X-3.235 Y-17.707 Z-3.000 F800.0
G01 X-2.742 Y-17.790 Z-3.000 F800.0
G01 X-2.246 Y-17.859 Z-3.000 F800.0
G01 X-1.749 Y-17.915 Z-3.000 F800.0
G01 X-1.250 Y-17.957 Z-3.000 F800.0
G01 X-0.750 Y-17.984 Z-3.000 F800.0
G01 X-0.250 Y-17.998 Z-3.000 F800.0
G01 X0.250 Y-17.998 Z-3.000 F800.0
G01 X0.750 Y-17.984 Z-3.000 F800.0
G01 X1.250 Y-17.957 Z-3.000 F800.0
G01 X1.749 Y-17.915 Z-3.000 F800.0
G01 X2.246 Y-17.859 Z-3.000 F800.0
G01 X2.742 Y-17.790 Z-3.000 F800.0
G01 X3.235 Y-17.707 Z-3.000 F800.0
G01 X3.726 Y-17.610 Z-3.000 F800.0
G01 X4.214 Y-17.500 Z-3.000 F800.0
G01 X4.699 Y-17.376 Z-3.000 F800.0
G01 X5.180 Y-17.238 Z-3.000 F800.0
G01 X5.657 Y-17.088 Z-3.000 F800.0
G01 X6.130 Y-16.924 Z-3.000 F800.0
G01 X6.598 Y-16.747 Z-3.000 F800.0
G01 X7.061 Y-16.557 Z-3.000 F800.0
G01 X7.519 Y-16.354 Z-3.000 F800.0
G01 X7.971 Y-16.139 Z-3.000 F800.0
G01 X8.416 Y-15.911 Z-3.000 F800.0
G01 X8.855 Y-15.671 Z-3.000 F800.0
G01 X9.287 Y-15.419 Z-3.000 F800.0
G01 X9.712 Y-15.155 Z-3.000 F800.0
G01 X10.130 Y-14.879 Z-3.000 F800.0
G01 X10.540 Y-14.592 Z-3.000 F800.0
G01 X10.941 Y-14.293 Z-3.000 F800.0
G01 X11.334 Y-13.983 Z-3.000 F800.0
G01 X11.719 Y-13.663 Z-3.000 F800.0
G01 X12.094 Y-13.332 Z-3.000 F800.0
G01 X12.460 Y-12.991 Z-3.000 F800.0
G01 X12.816 Y-12.639 Z-3.000 F800.0
G01 X13.162 Y-12.278 Z-3.000 F800.0
G01 X13.499 Y-11.907 Z-3.000 F800.0
G01 X13.824 Y-11.528 Z-3.000 F800.0
G01 X14.140 Y-11.139 Z-3.000 F800.0
G01 X14.444 Y-10.741 Z-3.000 F800.0
G01 X14.737 Y-10.336 Z-3.000 F800.0
G01 X15.018 Y-9.922 Z-3.000 F800.0
G01 X15.288 Y-9.501 Z-3.000 F800.0
G01 X15.547 Y-9.072 Z-3.000 F800.0
G01 X15.793 Y-8.636 Z-3.000 F800.0
G01 X16.027 Y-8.194 Z-3.000 F800.0
G01 X16.248 Y-7.745 Z-3.000 F800.0
G01 X16.457 Y-7.291 Z-3.000 F800.0
G01 X16.654 Y-6.830 Z-3.000 F800.0
G01 X16.837 Y-6.365 Z-3.000 F800.0
G01 X17.008 Y-5.894 Z-3.000 F800.0
G01 X17.165 Y-5.419 Z-3.000 F800.0
G01 X17.309 Y-4.940 Z-3.000 F800.0
G01 X17.439 Y-4.457 Z-3.000 F800.0
G01 X17.557 Y-3.971 Z-3.000 F800.0
G01 X17.660 Y-3.481 Z-3.000 F800.0
G01 X17.750 Y-2.989 Z-3.000 F800.0
G01 X17.826 Y-2.494 Z-3.000 F800.0
G01 X17.889 Y-1.998 Z-3.000 F800.0
G01 X17.937 Y-1.500 Z-3.000 F800.0
G01 X17.972 Y-1.000 Z-3.000 F800.0
G01 X17.993 Y-0.500 Z-3.000 F800.0
G01 X18.000 Y-0.000 Z-3.000 F800.0
G00 X18.000 Y-0.000 Z50.000
G00 X18.000 Y0.000 Z50.000
G01 Z-4.000 F200.0
G01 X17.993 Y0.500 Z-4.000 F800.0
G01 X17.972 Y1.000 Z-4.000 F800.0
G01 X17.937 Y1.500 Z-4.000 F800.0
G01 X17.889 Y1.998 Z-4.000 F800.0
G01 X17.826 Y2.494 Z-4.000 F800.0
G01 X17.750 Y2.989 Z-4.000 F800.0
G01 X17.660 Y3.481 Z-4.000 F800.0
G01 X17.557 Y3.971 Z-4.000 F800.0
G01 X17.439 Y4.457 Z-4.000 F800.0
G01 X17.309 Y4.940 Z-4.000 F800.0
G01 X17.165 Y5.419 Z-4.000 F800.0
G01 X17.008 Y5.894 Z-4.000 F800.0
G01 X16.837 Y6.365 Z-4.000 F800.0
G01 X16.654 Y6.830 Z-4.000 F800.0
G01 X16.457 Y7.291 Z-4.000 F800.0
G01 X16.248 Y7.745 Z-4.000 F800.0
G01 X16.027 Y8.194 Z-4.000 F800.0
G01 X15.793 Y8.636 Z-4.000 F800.0
G01 X15.547 Y9.072 Z-4.000 F800.0
G01 X15.288 Y9.501 Z-4.000 F800.0
G01 X15.018 Y9.922 Z-4.000 F800.0
G01 X14.737 Y10.336 Z-4.000 F800.0
G01 X14.444 Y10.741 Z-4.000 F800.0
G01 X14.140 Y11.139 Z-4.000 F800.0
G01 X13.824 Y11.528 Z-4.000 F800.0
G01 X13.499 Y11.907 Z-4.000 F800.0
G01 X13.162 Y12.278 Z-4.000 F800.0
G01 X12.816 Y12.639 Z-4.000 F800.0
G01 X12.460 Y12.991 Z-4.000 F800.0
G01 X12.094 Y13.332 Z-4.000 F800.0
G01 X11.719 Y13.663 Z-4.000 F800.0
G01 X11.334 Y13.983 Z-4.000 F800.0
G01 X10.941 Y14.293 Z-4.000 F800.0
G01 X10.540 Y14.592 Z-4.000 F800.0
G01 X10.130 Y14.879 Z-4.000 F800.0
G01 X9.712 Y15.155 Z-4.000 F800.0
G01 X9.287 Y15.419 Z-4.000 F800.0
G01 X8.855 Y15.671 Z-4.000 F800.0
G01 X8.416 Y15.911 Z-4.000 F800.0
G01 X7.971 Y16.139 Z-4.000 F800.0
G01 X7.519 Y16.354 Z-4.000 F800.0
G01 X7.061 Y16.557 Z-4.000 F800.0
G01 X6.598 Y16.747 Z-4.000 F800.0
G01 X6.130 Y16.924 Z-4.000 F800.0
G01 X5.657 Y17.088 Z-4.000 F800.0
G01 X5.180 Y17.238 Z-4.000 F800.0
G01 X4.699 Y17.376 Z-4.000 F800.0
G01 X4.214 Y17.500 Z-4.000 F800.0
G01 X3.726 Y17.610 Z-4.000 F800.0
G01 X3.235 Y17.707 Z-4.000 F800.0
G01 X2.742 Y17.790 Z-4.000 F800.0
G01 X2.246 Y17.859 Z-4.000 F800.0
G01 X1.749 Y17.915 Z-4.000 F800.0
G01 X1.250 Y17.957 Z-4.000 F800.0
G01 X0.750 Y17.984 Z-4.000 F800.0
G01 X0.250 Y17.998 Z-4.000 F800.0
G01 X-0.250 Y17.998 Z-4.000 F800.0
G01 X-0.750 Y17.984 Z-4.000 F800.0
G01 X-1.250 Y17.957 Z-4.000 F800.0
G01 X-1.749 Y17.915 Z-4.000 F800.0
G01 X-2.246 Y17.859 Z-4.000 F800.0
G01 X-2.742 Y17.790 Z-4.000 F800.0
G01 X-3.235 Y17.707 Z-4.000 F800.0
G01 X-3.726 Y17.610 Z-4.000 F800.0
G01 X-4.214 Y17.500 Z-4.000 F800.0
G01 X-4.699 Y17.376 Z-4.000 F800.0
G01 X-5.180 Y17.238 Z-4.000 F800.0
G01 X-5.657 Y17.088 Z-4.000 F800.0
G01 X-6.130 Y16.924 Z-4.000 F800.0
G01 X-6.598 Y16.747 Z-4.000 F800.0
G01 X-7.061 Y16.557 Z-4.000 F800.0
G01 X-7.519 Y16.354 Z-4.000 F800.0
G01 X-7.971 Y16.139 Z-4.000 F800.0
G01 X-8.416 Y15.911 Z-4.000 F800.0
G01 X-8.855 Y15.671 Z-4.000 F800.0
G01 X-9.287 Y15.419 Z-4.000 F800.0
G01 X-9.712 Y15.155 Z-4.000 F800.0
G01 X-10.130 Y14.879 Z-4.000 F800.0
G01 X-10.540 Y14.592 Z-4.000 F800.0
G01 X-10.941 Y14.293 Z-4.000 F800.0
G01 X-11.334 Y13.983 Z-4.000 F800.0
G01 X-11.719 Y13.663 Z-4.000 F800.0
G01 X-12.094 Y13.332 Z-4.000 F800.0
G01 X-12.460 Y12.991 Z-4.000 F800.0
G01 X-12.816 Y12.639 Z-4.000 F800.0
G01 X-13.162 Y12.278 Z-4.000 F800.0
G01 X-13.499 Y11.907 Z-4.000 F800.0
G01 X-13.824 Y11.528 Z-4.000 F800.0
G01 X-14.140 Y11.139 Z-4.000 F800.0
G01 X-14.444 Y10.741 Z-4.000 F800.0
G01 X-14.737 Y10.336 Z-4.000 F800.0
G01 X-15.018 Y9.922 Z-4.000 F800.0
G01 X-15.288 Y9.501 Z-4.000 F800.0
G01 X-15.547 Y9.072 Z-4.000 F800.0
G01 X-15.793 Y8.636 Z-4.000 F800.0
G01 X-16.027 Y8.194 Z-4.000 F800.0
G01 X-16.248 Y7.745 Z-4.000 F800.0
G01 X-16.457 Y7.291 Z-4.000 F800.0
G01 X-16.654 Y6.830 Z-4.000 F800.0
G01 X-16.837 Y6.365 Z-4.000 F800.0
G01 X-17.008 Y5.894 Z-4.000 F800.0
G01 X-17.165 Y5.419 Z-4.000 F800.0
G01 X-17.309 Y4.940 Z-4.000 F800.0
G01 X-17.439 Y4.457 Z-4.000 F800.0
G01 X-17.557 Y3.971 Z-4.000 F800.0
G01 X-17.660 Y3.481 Z-4.000 F800.0
G01 X-17.750 Y2.989 Z-4.000 F800.0
G01 X-17.826 Y2.494 Z-4.000 F800.0
G01 X-17.889 Y1.998 Z-4.000 F800.0
G01 X-17.937 Y1.500 Z-4.000 F800.0
G01 X-17.972 Y1.000 Z-4.000 F800.0
G01 X-17.993 Y0.500 Z-4.000 F800.0
G01 X-18.000 Y0.000 Z-4.000 F800.0
G01 X-17.993 Y-0.500 Z-4.000 F800.0
G01 X-17.972 Y-1.000 Z-4.000 F800.0
G01 X-17.937 Y-1.500 Z-4.000 F800.0
G01 X-17.889 Y-1.998 Z-4.000 F800.0
G01 X-17.826 Y-2.494 Z-4.000 F800.0
G01 X-17.750 Y-2.989 Z-4.000 F800.0
G01 X-17.660 Y-3.481 Z-4.000 F800.0
G01 X-17.557 Y-3.971 Z-4.000 F800.0
G01 X-17.439 Y-4.457 Z-4.000 F800.0
G01 X-17.309 Y-4.940 Z-4.000 F800.0
G01 X-17.165 Y-5.419 Z-4.000 F800.0
G01 X-17.008 Y-5.894 Z-4.000 F800.0
G01 X-16.837 Y-6.365 Z-4.000 F800.0
G01 X-16.654 Y-6.830 Z-4.000 F800.0
G01 X-16.457 Y-7.291 Z-4.000 F800.0
G01 X-16.248 Y-7.745 Z-4.000 F800.0
G01 X-16.027 Y-8.194 Z-4.000 F800.0
G01 X-15.793 Y-8.636 Z-4.000 F800.0
G01 X-15.547 Y-9.072 Z-4.000 F800.0
G01 X-15.288 Y-9.501 Z-4.000 F800.0
G01 X-15.018 Y-9.922 Z-4.000 F800.0
G01 X-14.737 Y-10.336 Z-4.000 F800.0
G01 X-14.444 Y-10.741 Z-4.000 F800.0
G01 X-14.140 Y-11.139 Z-4.000 F800.0
G01 X-13.824 Y-11.528 Z-4.000 F800.0
G01 X-13.499 Y-11.907 Z-4.000 F800.0
G01 X-13.162 Y-12.278 Z-4.000 F800.0
G01 X-12.816 Y-12.639 Z-4.000 F800.0
G01 X-12.460 Y-12.991 Z-4.000 F800.0
G01 X-12.094 Y-13.332 Z-4.000 F800.0
G01 X-11.719 Y-13.663 Z-4.000 F800.0
G01 X-11.334 Y-13.983 Z-4.000 F800.0
G01 X-10.941 Y-14.293 Z-4.000 F800.0
G01 X-10.540 Y-14.592 Z-4.000 F800.0
G01 X-10.130 Y-14.879 Z-4.000 F800.0
G01 X-9.712 Y-15.155 Z-4.000 F800.0
G01 X-9.287 Y-15.419 Z-4.000 F800.0
G01 X-8.855 Y-15.671 Z-4.000 F800.0
G01 X-8.416 Y-15.911 Z-4.000 F800.0
G01 X-7.971 Y-16.139 Z-4.000 F800.0
G01 X-7.519 Y-16.354 Z-4.000 F800.0
G01 X-7.061 Y-16.557 Z-4.000 F800.0
G01 X-6.598 Y-16.747 Z-4.000 F800.0
G01 X-6.130 Y-16.924 Z-4.000 F800.0
G01 X-5.657 Y-17.088 Z-4.000 F800.0
G01 X-5.180 Y-17.238 Z-4.000 F800.0
G01 X-4.699 Y-17.376 Z-4.000 F800.0
G01 X-4.214 Y-17.500 Z-4.000 F800.0
G01 X-3.726 Y-17.610 Z-4.000 F800.0
G01 X-3.235 Y-17.707 Z-4.000 F800.0
G01 X-2.742 Y-17.790 Z-4.000 F800.0
G01 X-2.246 Y-17.859 Z-4.000 F800.0
G01 X-1.749 Y-17.915 Z-4.000 F800.0
G01 X-1.250 Y-17.957 Z-4.000 F800.0
G01 X-0.750 Y-17.984 Z-4.000 F800.0
G01 X-0.250 Y-17.998 Z-4.000 F800.0
G01 X0.250 Y-17.998 Z-4.000 F800.0
G01 X0.750 Y-17.984 Z-4.000 F800.0
G01 X1.250 Y-17.957 Z-4.000 F800.0
G01 X1.749 Y-17.915 Z-4.000 F800.0
G01 X2.246 Y-17.859 Z-4.000 F800.0
G01 X2.742 Y-17.790 Z-4.000 F800.0
G01 X3.235 Y-17.707 Z-4.000 F800.0
G01 X3.726 Y-17.610 Z-4.000 F800.0
G01 X4.214 Y-17.500 Z-4.000 F800.0
G01 X4.699 Y-17.376 Z-4.000 F800.0
G01 X5.180 Y-17.238 Z-4.000 F800.0
G01 X5.657 Y-17.088 Z-4.000 F800.0
G01 X6.130 Y-16.924 Z-4.000 F800.0
G01 X6.598 Y-16.747 Z-4.000 F800.0
G01 X7.061 Y-16.557 Z-4.000 F800.0
G01 X7.519 Y-16.354 Z-4.000 F800.0
G01 X7.971 Y-16.139 Z-4.000 F800.0
G01 X8.416 Y-15.911 Z-4.000 F800.0
G01 X8.855 Y-15.671 Z-4.000 F800.0
G01 X9.287 Y-15.419 Z-4.000 F800.0
G01 X9.712 Y-15.155 Z-4.000 F800.0
G01 X10.130 Y-14.879 Z-4.000 F800.0
G01 X10.540 Y-14.592 Z-4.000 F800.0
G01 X10.941 Y-14.293 Z-4.000 F800.0
G01 X11.334 Y-13.983 Z-4.000 F800.0
G01 X11.719 Y-13.663 Z-4.000 F800.0
G01 X12.094 Y-13.332 Z-4.000 F800.0
G01 X12.460 Y-12.991 Z-4.000 F800.0
G01 X12.816 Y-12.639 Z-4.000 F800.0
G01 X13.162 Y-12.278 Z-4.000 F800.0
G01 X13.499 Y-11.907 Z-4.000 F800.0
G01 X13.824 Y-11.528 Z-4.000 F800.0
G01 X14.140 Y-11.139 Z-4.000 F800.0
G01 X14.444 Y-10.741 Z-4.000 F800.0
G01 X14.737 Y-10.336 Z-4.000 F800.0
G01 X15.018 Y-9.922 Z-4.000 F800.0
G01 X15.288 Y-9.501 Z-4.000 F800.0
G01 X15.547 Y-9.072 Z-4.000 F800.0
G01 X15.793 Y-8.636 Z-4.000 F800.0
G01 X16.027 Y-8.194 Z-4.000 F800.0
G01 X16.248 Y-7.745 Z-4.000 F800.0
G01 X16.457 Y-7.291 Z-4.000 F800.0
G01 X16.654 Y-6.830 Z-4.000 F800.0
G01 X16.837 Y-6.365 Z-4.000 F800.0
G01 X17.008 Y-5.894 Z-4.000 F800.0
G01 X17.165 Y-5.419 Z-4.000 F800.0
G01 X17.309 Y-4.940 Z-4.000 F800.0
G01 X17.439 Y-4.457 Z-4.000 F800.0
G01 X17.557 Y-3.971 Z-4.000 F800.0
G01 X17.660 Y-3.481 Z-4.000 F800.0
G01 X17.750 Y-2.989 Z-4.000 F800.0
G01 X17.826 Y-2.494 Z-4.000 F800.0
G01 X17.889 Y-1.998 Z-4.000 F800.0
G01 X17.937 Y-1.500 Z-4.000 F800.0
G01 X17.972 Y-1.000 Z-4.000 F800.0
G01 X17.993 Y-0.500 Z-4.000 F800.0
G01 X18.000 Y-0.000 Z-4.000 F800.0
G00 X18.000 Y-0.000 Z50.000
G00 X18.000 Y0.000 Z50.000
G01 Z-5.000 F200.0
G01 X17.993 Y0.500 Z-5.000 F800.0
G01 X17.972 Y1.000 Z-5.000 F800.0
G01 X17.937 Y1.500 Z-5.000 F800.0
G01 X17.889 Y1.998 Z-5.000 F800.0
G01 X17.826 Y2.494 Z-5.000 F800.0
G01 X17.750 Y2.989 Z-5.000 F800.0
G01 X17.660 Y3.481 Z-5.000 F800.0
G01 X17.557 Y3.971 Z-5.000 F800.0
G01 X17.439 Y4.457 Z-5.000 F800.0
G01 X17.309 Y4.940 Z-5.000 F800.0
G01 X17.165 Y5.419 Z-5.000 F800.0
G01 X17.008 Y5.894 Z-5.000 F800.0
G01 X16.837 Y6.365 Z-5.000 F800.0
G01 X16.654 Y6.830 Z-5.000 F800.0
G01 X16.457 Y7.291 Z-5.000 F800.0
G01 X16.248 Y7.745 Z-5.000 F800.0
G01 X16.027 Y8.194 Z-5.000 F800.0
G01 X15.793 Y8.636 Z-5.000 F800.0
G01 X15.547 Y9.072 Z-5.000 F800.0
G01 X15.288 Y9.501 Z-5.000 F800.0
G01 X15.018 Y9.922 Z-5.000 F800.0
G01 X14.737 Y10.336 Z-5.000 F800.0
G01 X14.444 Y10.741 Z-5.000 F800.0
G01 X14.140 Y11.139 Z-5.000 F800.0
G01 X13.824 Y11.528 Z-5.000 F800.0
G01 X13.499 Y11.907 Z-5.000 F800.0
G01 X13.162 Y12.278 Z-5.000 F800.0
G01 X12.816 Y12.639 Z-5.000 F800.0
G01 X12.460 Y12.991 Z-5.000 F800.0
G01 X12.094 Y13.332 Z-5.000 F800.0
G01 X11.719 Y13.663 Z-5.000 F800.0
G01 X11.334 Y13.983 Z-5.000 F800.0
G01 X10.941 Y14.293 Z-5.000 F800.0
G01 X10.540 Y14.592 Z-5.000 F800.0
G01 X10.130 Y14.879 Z-5.000 F800.0
G01 X9.712 Y15.155 Z-5.000 F800.0
G01 X9.287 Y15.419 Z-5.000 F800.0
G01 X8.855 Y15.671 Z-5.000 F800.0
G01 X8.416 Y15.911 Z-5.000 F800.0
G01 X7.971 Y16.139 Z-5.000 F800.0
G01 X7.519 Y16.354 Z-5.000 F800.0
G01 X7.061 Y16.557 Z-5.000 F800.0
G01 X6.598 Y16.747 Z-5.000 F800.0
G01 X6.130 Y16.924 Z-5.000 F800.0
G01 X5.657 Y17.088 Z-5.000 F800.0
G01 X5.180 Y17.238 Z-5.000 F800.0
G01 X4.699 Y17.376 Z-5.000 F800.0
G01 X4.214 Y17.500 Z-5.000 F800.0
G01 X3.726 Y17.610 Z-5.000 F800.0
G01 X3.235 Y17.707 Z-5.000 F800.0
G01 X2.742 Y17.790 Z-5.000 F800.0
G01 X2.246 Y17.859 Z-5.000 F800.0
G01 X1.749 Y17.915 Z-5.000 F800.0
G01 X1.250 Y17.957 Z-5.000 F800.0
G01 X0.750 Y17.984 Z-5.000 F800.0
G01 X0.250 Y17.998 Z-5.000 F800.0
G01 X-0.250 Y17.998 Z-5.000 F800.0
G01 X-0.750 Y17.984 Z-5.000 F800.0
G01 X-1.250 Y17.957 Z-5.000 F800.0
G01 X-1.749 Y17.915 Z-5.000 F800.0
G01 X-2.246 Y17.859 Z-5.000 F800.0
G01 X-2.742 Y17.790 Z-5.000 F800.0
G01 X-3.235 Y17.707 Z-5.000 F800.0
G01 X-3.726 Y17.610 Z-5.000 F800.0
G01 X-4.214 Y17.500 Z-5.000 F800.0
G01 X-4.699 Y17.376 Z-5.000 F800.0
G01 X-5.180 Y17.238 Z-5.000 F800.0
G01 X-5.657 Y17.088 Z-5.000 F800.0
G01 X-6.130 Y16.924 Z-5.000 F800.0
G01 X-6.598 Y16.747 Z-5.000 F800.0
G01 X-7.061 Y16.557 Z-5.000 F800.0
G01 X-7.519 Y16.354 Z-5.000 F800.0
G01 X-7.971 Y16.139 Z-5.000 F800.0
G01 X-8.416 Y15.911 Z-5.000 F800.0
G01 X-8.855 Y15.671 Z-5.000 F800.0
G01 X-9.287 Y15.419 Z-5.000 F800.0
G01 X-9.712 Y15.155 Z-5.000 F800.0
G01 X-10.130 Y14.879 Z-5.000 F800.0
G01 X-10.540 Y14.592 Z-5.000 F800.0
G01 X-10.941 Y14.293 Z-5.000 F800.0
G01 X-11.334 Y13.983 Z-5.000 F800.0
G01 X-11.719 Y13.663 Z-5.000 F800.0
G01 X-12.094 Y13.332 Z-5.000 F800.0
G01 X-12.460 Y12.991 Z-5.000 F800.0
G01 X-12.816 Y12.639 Z-5.000 F800.0
G01 X-13.162 Y12.278 Z-5.000 F800.0
G01 X-13.499 Y11.907 Z-5.000 F800.0
G01 X-13.824 Y11.528 Z-5.000 F800.0
G01 X-14.140 Y11.139 Z-5.000 F800.0
G01 X-14.444 Y10.741 Z-5.000 F800.0
G01 X-14.737 Y10.336 Z-5.000 F800.0
G01 X-15.018 Y9.922 Z-5.000 F800.0
G01 X-15.288 Y9.501 Z-5.000 F800.0
G01 X-15.547 Y9.072 Z-5.000 F800.0
G01 X-15.793 Y8.636 Z-5.000 F800.0
G01 X-16.027 Y8.194 Z-5.000 F800.0
G01 X-16.248 Y7.745 Z-5.000 F800.0
G01 X-16.457 Y7.291 Z-5.000 F800.0
G01 X-16.654 Y6.830 Z-5.000 F800.0
G01 X-16.837 Y6.365 Z-5.000 F800.0
G01 X-17.008 Y5.894 Z-5.000 F800.0
G01 X-17.165 Y5.419 Z-5.000 F800.0
G01 X-17.309 Y4.940 Z-5.000 F800.0
G01 X-17.439 Y4.457 Z-5.000 F800.0
G01 X-17.557 Y3.971 Z-5.000 F800.0
G01 X-17.660 Y3.481 Z-5.000 F800.0
G01 X-17.750 Y2.989 Z-5.000 F800.0
G01 X-17.826 Y2.494 Z-5.000 F800.0
G01 X-17.889 Y1.998 Z-5.000 F800.0
G01 X-17.937 Y1.500 Z-5.000 F800.0
G01 X-17.972 Y1.000 Z-5.000 F800.0
G01 X-17.993 Y0.500 Z-5.000 F800.0
G01 X-18.000 Y0.000 Z-5.000 F800.0
G01 X-17.993 Y-0.500 Z-5.000 F800.0
G01 X-17.972 Y-1.000 Z-5.000 F800.0
G01 X-17.937 Y-1.500 Z-5.000 F800.0
G01 X-17.889 Y-1.998 Z-5.000 F800.0
G01 X-17.826 Y-2.494 Z-5.000 F800.0
G01 X-17.750 Y-2.989 Z-5.000 F800.0
G01 X-17.660 Y-3.481 Z-5.000 F800.0
G01 X-17.557 Y-3.971 Z-5.000 F800.0
G01 X-17.439 Y-4.457 Z-5.000 F800.0
G01 X-17.309 Y-4.940 Z-5.000 F800.0
G01 X-17.165 Y-5.419 Z-5.000 F800.0
G01 X-17.008 Y-5.894 Z-5.000 F800.0
G01 X-16.837 Y-6.365 Z-5.000 F800.0
G01 X-16.654 Y-6.830 Z-5.000 F800.0
G01 X-16.457 Y-7.291 Z-5.000 F800.0
G01 X-16.248 Y-7.745 Z-5.000 F800.0
G01 X-16.027 Y-8.194 Z-5.000 F800.0
G01 X-15.793 Y-8.636 Z-5.000 F800.0
G01 X-15.547 Y-9.072 Z-5.000 F800.0
G01 X-15.288 Y-9.501 Z-5.000 F800.0
G01 X-15.018 Y-9.922 Z-5.000 F800.0
G01 X-14.737 Y-10.336 Z-5.000 F800.0
G01 X-14.444 Y-10.741 Z-5.000 F800.0
G01 X-14.140 Y-11.139 Z-5.000 F800.0
G01 X-13.824 Y-11.528 Z-5.000 F800.0
G01 X-13.499 Y-11.907 Z-5.000 F800.0
G01 X-13.162 Y-12.278 Z-5.000 F800.0
G01 X-12.816 Y-12.639 Z-5.000 F800.0
G01 X-12.460 Y-12.991 Z-5.000 F800.0
G01 X-12.094 Y-13.332 Z-5.000 F800.0
G01 X-11.719 Y-13.663 Z-5.000 F800.0
G01 X-11.334 Y-13.983 Z-5.000 F800.0
G01 X-10.941 Y-14.293 Z-5.000 F800.0
G01 X-10.540 Y-14.592 Z-5.000 F800.0
G01 X-10.130 Y-14.879 Z-5.000 F800.0
G01 X-9.712 Y-15.155 Z-5.000 F800.0
G01 X-9.287 Y-15.419 Z-5.000 F800.0
G01 X-8.855 Y-15.671 Z-5.000 F800.0
G01 X-8.416 Y-15.911 Z-5.000 F800.0
G01 X-7.971 Y-16.139 Z-5.000 F800.0
G01 X-7.519 Y-16.354 Z-5.000 F800.0
G01 X-7.061 Y-16.557 Z-5.000 F800.0
G01 X-6.598 Y-16.747 Z-5.000 F800.0
G01 X-6.130 Y-16.924 Z-5.000 F800.0
G01 X-5.657 Y-17.088 Z-5.000 F800.0
G01 X-5.180 Y-17.238 Z-5.000 F800.0
G01 X-4.699 Y-17.376 Z-5.000 F800.0
G01 X-4.214 Y-17.500 Z-5.000 F800.0
G01 X-3.726 Y-17.610 Z-5.000 F800.0
G01 X-3.235 Y-17.707 Z-5.000 F800.0
G01 X-2.742 Y-17.790 Z-5.000 F800.0
G01 X-2.246 Y-17.859 Z-5.000 F800.0
G01 X-1.749 Y-17.915 Z-5.000 F800.0
G01 X-1.250 Y-17.957 Z-5.000 F800.0
G01 X-0.750 Y-17.984 Z-5.000 F800.0
G01 X-0.250 Y-17.998 Z-5.000 F800.0
G01 X0.250 Y-17.998 Z-5.000 F800.0
G01 X0.750 Y-17.984 Z-5.000 F800.0
G01 X1.250 Y-17.957 Z-5.000 F800.0
G01 X1.749 Y-17.915 Z-5.000 F800.0
G01 X2.246 Y-17.859 Z-5.000 F800.0
G01 X2.742 Y-17.790 Z-5.000 F800.0
G01 X3.235 Y-17.707 Z-5.000 F800.0
G01 X3.726 Y-17.610 Z-5.000 F800.0
G01 X4.214 Y-17.500 Z-5.000 F800.0
G01 X4.699 Y-17.376 Z-5.000 F800.0
G01 X5.180 Y-17.238 Z-5.000 F800.0
G01 X5.657 Y-17.088 Z-5.000 F800.0
G01 X6.130 Y-16.924 Z-5.000 F800.0
G01 X6.598 Y-16.747 Z-5.000 F800.0
G01 X7.061 Y-16.557 Z-5.000 F800.0
G01 X7.519 Y-16.354 Z-5.000 F800.0
G01 X7.971 Y-16.139 Z-5.000 F800.0
G01 X8.416 Y-15.911 Z-5.000 F800.0
G01 X8.855 Y-15.671 Z-5.000 F800.0
G01 X9.287 Y-15.419 Z-5.000 F800.0
G01 X9.712 Y-15.155 Z-5.000 F800.0
G01 X10.130 Y-14.879 Z-5.000 F800.0
G01 X10.540 Y-14.592 Z-5.000 F800.0
G01 X10.941 Y-14.293 Z-5.000 F800.0
G01 X11.334 Y-13.983 Z-5.000 F800.0
G01 X11.719 Y-13.663 Z-5.000 F800.0
G01 X12.094 Y-13.332 Z-5.000 F800.0
G01 X12.460 Y-12.991 Z-5.000 F800.0
G01 X12.816 Y-12.639 Z-5.000 F800.0
G01 X13.162 Y-12.278 Z-5.000 F800.0
G01 X13.499 Y-11.907 Z-5.000 F800.0
G01 X13.824 Y-11.528 Z-5.000 F800.0
G01 X14.140 Y-11.139 Z-5.000 F800.0
G01 X14.444 Y-10.741 Z-5.000 F800.0
G01 X14.737 Y-10.336 Z-5.000 F800.0
G01 X15.018 Y-9.922 Z-5.000 F800.0
G01 X15.288 Y-9.501 Z-5.000 F800.0
G01 X15.547 Y-9.072 Z-5.000 F800.0
G01 X15.793 Y-8.636 Z-5.000 F800.0
G01 X16.027 Y-8.194 Z-5.000 F800.0
G01 X16.248 Y-7.745 Z-5.000 F800.0
G01 X16.457 Y-7.291 Z-5.000 F800.0
G01 X16.654 Y-6.830 Z-5.000 F800.0
G01 X16.837 Y-6.365 Z-5.000 F800.0
G01 X17.008 Y-5.894 Z-5.000 F800.0
G01 X17.165 Y-5.419 Z-5.000 F800.0
G01 X17.309 Y-4.940 Z-5.000 F800.0
G01 X17.439 Y-4.457 Z-5.000 F800.0
G01 X17.557 Y-3.971 Z-5.000 F800.0
G01 X17.660 Y-3.481 Z-5.000 F800.0
G01 X17.750 Y-2.989 Z-5.000 F800.0
G01 X17.826 Y-2.494 Z-5.000 F800.0
G01 X17.889 Y-1.998 Z-5.000 F800.0
G01 X17.937 Y-1.500 Z-5.000 F800.0
G01 X17.972 Y-1.000 Z-5.000 F800.0
G01 X17.993 Y-0.500 Z-5.000 F800.0
G01 X18.000 Y-0.000 Z-5.000 F800.0
G00 X18.000 Y-0.000 Z50.000
G00 X18.500 Y0.000 Z50.000
G01 Z-1.000 F200.0
G01 X18.520 Y0.504 Z-1.000 F800.0
G01 X18.578 Y1.004 Z-1.000 F800.0
G01 X18.675 Y1.499 Z-1.000 F800.0
G01 X18.810 Y1.985 Z-1.000 F800.0
G01 X18.983 Y2.458 Z-1.000 F800.0
G01 X19.191 Y2.917 Z-1.000 F800.0
G01 X19.435 Y3.359 Z-1.000 F800.0
G01 X19.712 Y3.780 Z-1.000 F800.0
G01 X20.021 Y4.178 Z-1.000 F800.0
G01 X20.359 Y4.551 Z-1.000 F800.0
G01 X20.726 Y4.897 Z-1.000 F800.0
G01 X21.118 Y5.214 Z-1.000 F800.0
G01 X21.534 Y5.499 Z-1.000 F800.0
G01 X21.971 Y5.751 Z-1.000 F800.0
G01 X22.425 Y5.968 Z-1.000 F800.0
G01 X22.896 Y6.150 Z-1.000 F800.0
G01 X23.379 Y6.295 Z-1.000 F800.0
G01 X23.871 Y6.401 Z-1.000 F800.0
G01 X24.371 Y6.469 Z-1.000 F800.0
G01 X24.874 Y6.499 Z-1.000 F800.0
G01 X25.378 Y6.489 Z-1.000 F800.0
G01 X25.880 Y6.440 Z-1.000 F800.0
G01 X26.376 Y6.353 Z-1.000 F800.0
G01 X26.864 Y6.227 Z-1.000 F800.0
G01 X27.341 Y6.064 Z-1.000 F800.0
G01 X27.804 Y5.864 Z-1.000 F800.0
G01 X28.250 Y5.629 Z-1.000 F800.0
G01 X28.676 Y5.360 Z-1.000 F800.0
G01 X29.081 Y5.059 Z-1.000 F800.0
G01 X29.461 Y4.728 Z-1.000 F800.0
G01 X29.814 Y4.368 Z-1.000 F800.0
G01 X30.138 Y3.982 Z-1.000 F800.0
G01 X30.431 Y3.572 Z-1.000 F800.0
G01 X30.691 Y3.140 Z-1.000 F800.0
G01 X30.917 Y2.690 Z-1.000 F800.0
G01 X31.108 Y2.223 Z-1.000 F800.0
G01 X31.262 Y1.743 Z-1.000 F800.0
G01 X31.378 Y1.253 Z-1.000 F800.0
G01 X31.456 Y0.755 Z-1.000 F800.0
G01 X31.495 Y0.252 Z-1.000 F800.0
G01 X31.495 Y-0.252 Z-1.000 F800.0
G01 X31.456 Y-0.755 Z-1.000 F800.0
G01 X31.378 Y-1.253 Z-1.000 F800.0
G01 X31.262 Y-1.743 Z-1.000 F800.0
G01 X31.108 Y-2.223 Z-1.000 F800.0
G01 X30.917 Y-2.690 Z-1.000 F800.0
G01 X30.691 Y-3.140 Z-1.000 F800.0
G01 X30.431 Y-3.572 Z-1.000 F800.0
G01 X30.138 Y-3.982 Z-1.000 F800.0
G01 X29.814 Y-4.368 Z-1.000 F800.0
G01 X29.461 Y-4.728 Z-1.000 F800.0
G01 X29.081 Y-5.059 Z-1.000 F800.0
G01 X28.676 Y-5.360 Z-1.000 F800.0
G01 X28.250 Y-5.629 Z-1.000 F800.0
G01 X27.804 Y-5.864 Z-1.000 F800.0
G01 X27.341 Y-6.064 Z-1.000 F800.0
G01 X26.864 Y-6.227 Z-1.000 F800.0
G01 X26.376 Y-6.353 Z-1.000 F800.0
G01 X25.880 Y-6.440 Z-1.000 F800.0
G01 X25.378 Y-6.489 Z-1.000 F800.0
G01 X24.874 Y-6.499 Z-1.000 F800.0
G01 X24.371 Y-6.469 Z-1.000 F800.0
G01 X23.871 Y-6.401 Z-1.000 F800.0
G01 X23.379 Y-6.295 Z-1.000 F800.0
G01 X22.896 Y-6.150 Z-1.000 F800.0
G01 X22.425 Y-5.968 Z-1.000 F800.0
G01 X21.971 Y-5.751 Z-1.000 F800.0
G01 X21.534 Y-5.499 Z-1.000 F800.0
G01 X21.118 Y-5.214 Z-1.000 F800.0
G01 X20.726 Y-4.897 Z-1.000 F800.0
G01 X20.359 Y-4.551 Z-1.000 F800.0
G01 X20.021 Y-4.178 Z-1.000 F800.0
G01 X19.712 Y-3.780 Z-1.000 F800.0
G01 X19.435 Y-3.359 Z-1.000 F800.0
G01 X19.191 Y-2.917 Z-1.000 F800.0
G01 X18.983 Y-2.458 Z-1.000 F800.0
G01 X18.810 Y-1.985 Z-1.000 F800.0
G01 X18.675 Y-1.499 Z-1.000 F800.0
G01 X18.578 Y-1.004 Z-1.000 F800.0
G01 X18.520 Y-0.504 Z-1.000 F800.0
G01 X18.500 Y-0.000 Z-1.000 F800.0
G00 X18.500 Y-0.000 Z50.000
G00 X18.500 Y0.000 Z50.000
G01 Z-2.000 F200.0
G01 X18.520 Y0.504 Z-2.000 F800.0
G01 X18.578 Y1.004 Z-2.000 F800.0
G01 X18.675 Y1.499 Z-2.000 F800.0
G01 X18.810 Y1.985 Z-2.000 F800.0
G01 X18.983 Y2.458 Z-2.000 F800.0
G01 X19.191 Y2.917 Z-2.000 F800.0
G01 X19.435 Y3.359 Z-2.000 F800.0
G01 X19.712 Y3.780 Z-2.000 F800.0
G01 X20.021 Y4.178 Z-2.000 F800.0
G01 X20.359 Y4.551 Z-2.000 F800.0
G01 X20.726 Y4.897 Z-2.000 F800.0
G01 X21.118 Y5.214 Z-2.000 F800.0
G01 X21.534 Y5.499 Z-2.000 F800.0
G01 X21.971 Y5.751 Z-2.000 F800.0
G01 X22.425 Y5.968 Z-2.000 F800.0
G01 X22.896 Y6.150 Z-2.000 F800.0
G01 X23.379 Y6.295 Z-2.000 F800.0
G01 X23.871 Y6.401 Z-2.000 F800.0
G01 X24.371 Y6.469 Z-2.000 F800.0
G01 X24.874 Y6.499 Z-2.000 F800.0
G01 X25.378 Y6.489 Z-2.000 F800.0
G01 X25.880 Y6.440 Z-2.000 F800.0
G01 X26.376 Y6.353 Z-2.000 F800.0
G01 X26.864 Y6.227 Z-2.000 F800.0
G01 X27.341 Y6.064 Z-2.000 F800.0
G01 X27.804 Y5.864 Z-2.000 F800.0
G01 X28.250 Y5.629 Z-2.000 F800.0
G01 X28.676 Y5.360 Z-2.000 F800.0
G01 X29.081 Y5.059 Z-2.000 F800.0
G01 X29.461 Y4.728 Z-2.000 F800.0
G01 X29.814 Y4.368 Z-2.000 F800.0
G01 X30.138 Y3.982 Z-2.000 F800.0
G01 X30.431 Y3.572 Z-2.000 F800.0
G01 X30.691 Y3.140 Z-2.000 F800.0
G01 X30.917 Y2.690 Z-2.000 F800.0
G01 X31.108 Y2.223 Z-2.000 F800.0
G01 X31.262 Y1.743 Z-2.000 F800.0
G01 X31.378 Y1.253 Z-2.000 F800.0
G01 X31.456 Y0.755 Z-2.000 F800.0
G01 X31.495 Y0.252 Z-2.000 F800.0
G01 X31.495 Y-0.252 Z-2.000 F800.0
G01 X31.456 Y-0.755 Z-2.000 F800.0
G01 X31.378 Y-1.253 Z-2.000 F800.0
G01 X31.262 Y-1.743 Z-2.000 F800.0
G01 X31.108 Y-2.223 Z-2.000 F800.0
G01 X30.917 Y-2.690 Z-2.000 F800.0
G01 X30.691 Y-3.140 Z-2.000 F800.0
G01 X30.431 Y-3.572 Z-2.000 F800.0
G01 X30.138 Y-3.982 Z-2.000 F800.0
G01 X29.814 Y-4.368 Z-2.000 F800.0
G01 X29.461 Y-4.728 Z-2.000 F800.0
G01 X29.081 Y-5.059 Z-2.000 F800.0
G01 X28.676 Y-5.360 Z-2.000 F800.0
G01 X28.250 Y-5.629 Z-2.000 F800.0
G01 X27.804 Y-5.864 Z-2.000 F800.0
G01 X27.341 Y-6.064 Z-2.000 F800.0
G01 X26.864 Y-6.227 Z-2.000 F800.0
G01 X26.376 Y-6.353 Z-2.000 F800.0
G01 X25.880 Y-6.440 Z-2.000 F800.0
G01 X25.378 Y-6.489 Z-2.000 F800.0
G01 X24.874 Y-6.499 Z-2.000 F800.0
G01 X24.371 Y-6.469 Z-2.000 F800.0
G01 X23.871 Y-6.401 Z-2.000 F800.0
G01 X23.379 Y-6.295 Z-2.000 F800.0
G01 X22.896 Y-6.150 Z-2.000 F800.0
G01 X22.425 Y-5.968 Z-2.000 F800.0
G01 X21.971 Y-5.751 Z-2.000 F800.0
G01 X21.534 Y-5.499 Z-2.000 F800.0
G01 X21.118 Y-5.214 Z-2.000 F800.0
G01 X20.726 Y-4.897 Z-2.000 F800.0
G01 X20.359 Y-4.551 Z-2.000 F800.0
G01 X20.021 Y-4.178 Z-2.000 F800.0
G01 X19.712 Y-3.780 Z-2.000 F800.0
G01 X19.435 Y-3.359 Z-2.000 F800.0
G01 X19.191 Y-2.917 Z-2.000 F800.0
G01 X18.983 Y-2.458 Z-2.000 F800.0
G01 X18.810 Y-1.985 Z-2.000 F800.0
G01 X18.675 Y-1.499 Z-2.000 F800.0
G01 X18.578 Y-1.004 Z-2.000 F800.0
G01 X18.520 Y-0.504 Z-2.000 F800.0
G01 X18.500 Y-0.000 Z-2.000 F800.0
G00 X18.500 Y-0.000 Z50.000
G00 X18.500 Y0.000 Z50.000
G01 Z-3.000 F200.0
G01 X18.520 Y0.504 Z-3.000 F800.0
G01 X18.578 Y1.004 Z-3.000 F800.0
G01 X18.675 Y1.499 Z-3.000 F800.0
G01 X18.810 Y1.985 Z-3.000 F800.0
G01 X18.983 Y2.458 Z-3.000 F800.0
G01 X19.191 Y2.917 Z-3.000 F800.0
G01 X19.435 Y3.359 Z-3.000 F800.0
G01 X19.712 Y3.780 Z-3.000 F800.0
G01 X20.021 Y4.178 Z-3.000 F800.0
G01 X20.359 Y4.551 Z-3.000 F800.0
G01 X20.726 Y4.897 Z-3.000 F800.0
G01 X21.118 Y5.214 Z-3.000 F800.0
G01 X21.534 Y5.499 Z-3.000 F800.0
G01 X21.971 Y5.751 Z-3.000 F800.0
G01 X22.425 Y5.968 Z-3.000 F800.0
G01 X22.896 Y6.150 Z-3.000 F800.0
G01 X23.379 Y6.295 Z-3.000 F800.0
G01 X23.871 Y6.401 Z-3.000 F800.0
G01 X24.371 Y6.469 Z-3.000 F800.0
G01 X24.874 Y6.499 Z-3.000 F800.0
G01 X25.378 Y6.489 Z-3.000 F800.0
G01 X25.880 Y6.440 Z-3.000 F800.0
G01 X26.376 Y6.353 Z-3.000 F800.0
G01 X26.864 Y6.227 Z-3.000 F800.0
G01 X27.341 Y6.064 Z-3.000 F800.0
G01 X27.804 Y5.864 Z-3.000 F800.0
G01 X28.250 Y5.629 Z-3.000 F800.0
G01 X28.676 Y5.360 Z-3.000 F800.0
G01 X29.081 Y5.059 Z-3.000 F800.0
G01 X29.461 Y4.728 Z-3.000 F800.0
G01 X29.814 Y4.368 Z-3.000 F800.0
G01 X30.138 Y3.982 Z-3.000 F800.0
G01 X30.431 Y3.572 Z-3.000 F800.0
G01 X30.691 Y3.140 Z-3.000 F800.0
G01 X30.917 Y2.690 Z-3.000 F800.0
G01 X31.108 Y2.223 Z-3.000 F800.0
G01 X31.262 Y1.743 Z-3.000 F800.0
G01 X31.378 Y1.253 Z-3.000 F800.0
G01 X31.456 Y0.755 Z-3.000 F800.0
G01 X31.495 Y0.252 Z-3.000 F800.0
G01 X31.495 Y-0.252 Z-3.000 F800.0
G01 X31.456 Y-0.755 Z-3.000 F800.0
G01 X31.378 Y-1.253 Z-3.000 F800.0
G01 X31.262 Y-1.743 Z-3.000 F800.0
G01 X31.108 Y-2.223 Z-3.000 F800.0
G01 X30.917 Y-2.690 Z-3.000 F800.0
G01 X30.691 Y-3.140 Z-3.000 F800.0
G01 X30.431 Y-3.572 Z-3.000 F800.0
G01 X30.138 Y-3.982 Z-3.000 F800.0
G01 X29.814 Y-4.368 Z-3.000 F800.0
G01 X29.461 Y-4.728 Z-3.000 F800.0
G01 X29.081 Y-5.059 Z-3.000 F800.0
G01 X28.676 Y-5.360 Z-3.000 F800.0
G01 X28.250 Y-5.629 Z-3.000 F800.0
G01 X27.804 Y-5.864 Z-3.000 F800.0
G01 X27.341 Y-6.064 Z-3.000 F800.0
G01 X26.864 Y-6.227 Z-3.000 F800.0
G01 X26.376 Y-6.353 Z-3.000 F800.0
G01 X25.880 Y-6.440 Z-3.000 F800.0
G01 X25.378 Y-6.489 Z-3.000 F800.0
G01 X24.874 Y-6.499 Z-3.000 F800.0
G01 X24.371 Y-6.469 Z-3.000 F800.0
G01 X23.871 Y-6.401 Z-3.000 F800.0
G01 X23.379 Y-6.295 Z-3.000 F800.0
G01 X22.896 Y-6.150 Z-3.000 F800.0
G01 X22.425 Y-5.968 Z-3.000 F800.0
G01 X21.971 Y-5.751 Z-3.000 F800.0
G01 X21.534 Y-5.499 Z-3.000 F800.0
G01 X21.118 Y-5.214 Z-3.000 F800.0
G01 X20.726 Y-4.897 Z-3.000 F800.0
G01 X20.359 Y-4.551 Z-3.000 F800.0
G01 X20.021 Y-4.178 Z-3.000 F800.0
G01 X19.712 Y-3.780 Z-3.000 F800.0
G01 X19.435 Y-3.359 Z-3.000 F800.0
G01 X19.191 Y-2.917 Z-3.000 F800.0
G01 X18.983 Y-2.458 Z-3.000 F800.0
G01 X18.810 Y-1.985 Z-3.000 F800.0
G01 X18.675 Y-1.499 Z-3.000 F800.0
G01 X18.578 Y-1.004 Z-3.000 F800.0
G01 X18.520 Y-0.504 Z-3.000 F800.0
G01 X18.500 Y-0.000 Z-3.000 F800.0
G00 X18.500 Y-0.000 Z50.000
G00 X18.500 Y0.000 Z50.000
G01 Z-4.000 F200.0
G01 X18.520 Y0.504 Z-4.000 F800.0
G01 X18.578 Y1.004 Z-4.000 F800.0
G01 X18.675 Y1.499 Z-4.000 F800.0
G01 X18.810 Y1.985 Z-4.000 F800.0
G01 X18.983 Y2.458 Z-4.000 F800.0
G01 X19.191 Y2.917 Z-4.000 F800.0
G01 X19.435 Y3.359 Z-4.000 F800.0
G01 X19.712 Y3.780 Z-4.000 F800.0
G01 X20.021 Y4.178 Z-4.000 F800.0
G01 X20.359 Y4.551 Z-4.000 F800.0
G01 X20.726 Y4.897 Z-4.000 F800.0
G01 X21.118 Y5.214 Z-4.000 F800.0
G01 X21.534 Y5.499 Z-4.000 F800.0
G01 X21.971 Y5.751 Z-4.000 F800.0
G01 X22.425 Y5.968 Z-4.000 F800.0
G01 X22.896 Y6.150 Z-4.000 F800.0
G01 X23.379 Y6.295 Z-4.000 F800.0
G01 X23.871 Y6.401 Z-4.000 F800.0
G01 X24.371 Y6.469 Z-4.000 F800.0
G01 X24.874 Y6.499 Z-4.000 F800.0
G01 X25.378 Y6.489 Z-4.000 F800.0
G01 X25.880 Y6.440 Z-4.000 F800.0
G01 X26.376 Y6.353 Z-4.000 F800.0
G01 X26.864 Y6.227 Z-4.000 F800.0
G01 X27.341 Y6.064 Z-4.000 F800.0
G01 X27.804 Y5.864 Z-4.000 F800.0
G01 X28.250 Y5.629 Z-4.000 F800.0
G01 X28.676 Y5.360 Z-4.000 F800.0
G01 X29.081 Y5.059 Z-4.000 F800.0
G01 X29.461 Y4.728 Z-4.000 F800.0
G01 X29.814 Y4.368 Z-4.000 F800.0
G01 X30.138 Y3.982 Z-4.000 F800.0
G01 X30.431 Y3.572 Z-4.000 F800.0
G01 X30.691 Y3.140 Z-4.000 F800.0
G01 X30.917 Y2.690 Z-4.000 F800.0
G01 X31.108 Y2.223 Z-4.000 F800.0
G01 X31.262 Y1.743 Z-4.000 F800.0
G01 X31.378 Y1.253 Z-4.000 F800.0
G01 X31.456 Y0.755 Z-4.000 F800.0
G01 X31.495 Y0.252 Z-4.000 F800.0
G01 X31.495 Y-0.252 Z-4.000 F800.0
G01 X31.456 Y-0.755 Z-4.000 F800.0
G01 X31.378 Y-1.253 Z-4.000 F800.0
G01 X31.262 Y-1.743 Z-4.000 F800.0
G01 X31.108 Y-2.223 Z-4.000 F800.0
G01 X30.917 Y-2.690 Z-4.000 F800.0
G01 X30.691 Y-3.140 Z-4.000 F800.0
G01 X30.431 Y-3.572 Z-4.000 F800.0
G01 X30.138 Y-3.982 Z-4.000 F800.0
G01 X29.814 Y-4.368 Z-4.000 F800.0
G01 X29.461 Y-4.728 Z-4.000 F800.0
G01 X29.081 Y-5.059 Z-4.000 F800.0
G01 X28.676 Y-5.360 Z-4.000 F800.0
G01 X28.250 Y-5.629 Z-4.000 F800.0
G01 X27.804 Y-5.864 Z-4.000 F800.0
G01 X27.341 Y-6.064 Z-4.000 F800.0
G01 X26.864 Y-6.227 Z-4.000 F800.0
G01 X26.376 Y-6.353 Z-4.000 F800.0
G01 X25.880 Y-6.440 Z-4.000 F800.0
G01 X25.378 Y-6.489 Z-4.000 F800.0
G01 X24.874 Y-6.499 Z-4.000 F800.0
G01 X24.371 Y-6.469 Z-4.000 F800.0
G01 X23.871 Y-6.401 Z-4.000 F800.0
G01 X23.379 Y-6.295 Z-4.000 F800.0
G01 X22.896 Y-6.150 Z-4.000 F800.0
G01 X22.425 Y-5.968 Z-4.000 F800.0
G01 X21.971 Y-5.751 Z-4.000 F800.0
G01 X21.534 Y-5.499 Z-4.000 F800.0
G01 X21.118 Y-5.214 Z-4.000 F800.0
G01 X20.726 Y-4.897 Z-4.000 F800.0
G01 X20.359 Y-4.551 Z-4.000 F800.0
G01 X20.021 Y-4.178 Z-4.000 F800.0
G01 X19.712 Y-3.780 Z-4.000 F800.0
G01 X19.435 Y-3.359 Z-4.000 F800.0
G01 X19.191 Y-2.917 Z-4.000 F800.0
G01 X18.983 Y-2.458 Z-4.000 F800.0
G01 X18.810 Y-1.985 Z-4.000 F800.0
G01 X18.675 Y-1.499 Z-4.000 F800.0
G01 X18.578 Y-1.004 Z-4.000 F800.0
G01 X18.520 Y-0.504 Z-4.000 F800.0
G01 X18.500 Y-0.000 Z-4.000 F800.0
G00 X18.500 Y-0.000 Z50.000
G00 X18.500 Y0.000 Z50.000
G01 Z-5.000 F200.0
G01 X18.520 Y0.504 Z-5.000 F800.0
G01 X18.578 Y1.004 Z-5.000 F800.0
G01 X18.675 Y1.499 Z-5.000 F800.0
G01 X18.810 Y1.985 Z-5.000 F800.0
G01 X18.983 Y2.458 Z-5.000 F800.0
G01 X19.191 Y2.917 Z-5.000 F800.0
G01 X19.435 Y3.359 Z-5.000 F800.0
G01 X19.712 Y3.780 Z-5.000 F800.0
G01 X20.021 Y4.178 Z-5.000 F800.0
G01 X20.359 Y4.551 Z-5.000 F800.0
G01 X20.726 Y4.897 Z-5.000 F800.0
G01 X21.118 Y5.214 Z-5.000 F800.0
G01 X21.534 Y5.499 Z-5.000 F800.0
G01 X21.971 Y5.751 Z-5.000 F800.0
G01 X22.425 Y5.968 Z-5.000 F800.0
G01 X22.896 Y6.150 Z-5.000 F800.0
G01 X23.379 Y6.295 Z-5.000 F800.0
G01 X23.871 Y6.401 Z-5.000 F800.0
G01 X24.371 Y6.469 Z-5.000 F800.0
G01 X24.874 Y6.499 Z-5.000 F800.0
G01 X25.378 Y6.489 Z-5.000 F800.0
G01 X25.880 Y6.440 Z-5.000 F800.0
G01 X26.376 Y6.353 Z-5.000 F800.0
G01 X26.864 Y6.227 Z-5.000 F800.0
G01 X27.341 Y6.064 Z-5.000 F800.0
G01 X27.804 Y5.864 Z-5.000 F800.0
G01 X28.250 Y5.629 Z-5.000 F800.0
G01 X28.676 Y5.360 Z-5.000 F800.0
G01 X29.081 Y5.059 Z-5.000 F800.0
G01 X29.461 Y4.728 Z-5.000 F800.0
G01 X29.814 Y4.368 Z-5.000 F800.0
G01 X30.138 Y3.982 Z-5.000 F800.0
G01 X30.431 Y3.572 Z-5.000 F800.0
G01 X30.691 Y3.140 Z-5.000 F800.0
G01 X30.917 Y2.690 Z-5.000 F800.0
G01 X31.108 Y2.223 Z-5.000 F800.0
G01 X31.262 Y1.743 Z-5.000 F800.0
G01 X31.378 Y1.253 Z-5.000 F800.0
G01 X31.456 Y0.755 Z-5.000 F800.0
G01 X31.495 Y0.252 Z-5.000 F800.0
G01 X31.495 Y-0.252 Z-5.000 F800.0
G01 X31.456 Y-0.755 Z-5.000 F800.0
G01 X31.378 Y-1.253 Z-5.000 F800.0
G01 X31.262 Y-1.743 Z-5.000 F800.0
G01 X31.108 Y-2.223 Z-5.000 F800.0
G01 X30.917 Y-2.690 Z-5.000 F800.0
G01 X30.691 Y-3.140 Z-5.000 F800.0
G01 X30.431 Y-3.572 Z-5.000 F800.0
G01 X30.138 Y-3.982 Z-5.000 F800.0
G01 X29.814 Y-4.368 Z-5.000 F800.0
G01 X29.461 Y-4.728 Z-5.000 F800.0
G01 X29.081 Y-5.059 Z-5.000 F800.0
G01 X28.676 Y-5.360 Z-5.000 F800.0
G01 X28.250 Y-5.629 Z-5.000 F800.0
G01 X27.804 Y-5.864 Z-5.000 F800.0
G01 X27.341 Y-6.064 Z-5.000 F800.0
G01 X26.864 Y-6.227 Z-5.000 F800.0
G01 X26.376 Y-6.353 Z-5.000 F800.0
G01 X25.880 Y-6.440 Z-5.000 F800.0
G01 X25.378 Y-6.489 Z-5.000 F800.0
G01 X24.874 Y-6.499 Z-5.000 F800.0
G01 X24.371 Y-6.469 Z-5.000 F800.0
G01 X23.871 Y-6.401 Z-5.000 F800.0
G01 X23.379 Y-6.295 Z-5.000 F800.0
G01 X22.896 Y-6.150 Z-5.000 F800.0
G01 X22.425 Y-5.968 Z-5.000 F800.0
G01 X21.971 Y-5.751 Z-5.000 F800.0
G01 X21.534 Y-5.499 Z-5.000 F800.0
G01 X21.118 Y-5.214 Z-5.000 F800.0
G01 X20.726 Y-4.897 Z-5.000 F800.0
G01 X20.359 Y-4.551 Z-5.000 F800.0
G01 X20.021 Y-4.178 Z-5.000 F800.0
G01 X19.712 Y-3.780 Z-5.000 F800.0
G01 X19.435 Y-3.359 Z-5.000 F800.0
G01 X19.191 Y-2.917 Z-5.000 F800.0
G01 X18.983 Y-2.458 Z-5.000 F800.0
G01 X18.810 Y-1.985 Z-5.000 F800.0
G01 X18.675 Y-1.499 Z-5.000 F800.0
G01 X18.578 Y-1.004 Z-5.000 F800.0
G01 X18.520 Y-0.504 Z-5.000 F800.0
G01 X18.500 Y-0.000 Z-5.000 F800.0
G00 X18.500 Y-0.000 Z50.000
G00 X0.000 Y18.500 Z50.000
G01 Z-1.000 F200.0
G01 X-0.504 Y18.520 Z-1.000 F800.0
G01 X-1.004 Y18.578 Z-1.000 F800.0
G01 X-1.499 Y18.675 Z-1.000 F800.0
G01 X-1.985 Y18.810 Z-1.000 F800.0
G01 X-2.458 Y18.983 Z-1.000 F800.0
G01 X-2.917 Y19.191 Z-1.000 F800.0
G01 X-3.359 Y19.435 Z-1.000 F800.0
G01 X-3.780 Y19.712 Z-1.000 F800.0
G01 X-4.178 Y20.021 Z-1.000 F800.0
G01 X-4.551 Y20.359 Z-1.000 F800.0
G01 X-4.897 Y20.726 Z-1.000 F800.0
G01 X-5.214 Y21.118 Z-1.000 F800.0
G01 X-5.499 Y21.534 Z-1.000 F800.0
G01 X-5.751 Y21.971 Z-1.000 F800.0
G01 X-5.968 Y22.425 Z-1.000 F800.0
G01 X-6.150 Y22.896 Z-1.000 F800.0
G01 X-6.295 Y23.379 Z-1.000 F800.0
G01 X-6.401 Y23.871 Z-1.000 F800.0
G01 X-6.469 Y24.371 Z-1.000 F800.0
G01 X-6.499 Y24.874 Z-1.000 F800.0
G01 X-6.489 Y25.378 Z-1.000 F800.0
G01 X-6.440 Y25.880 Z-1.000 F800.0
G01 X-6.353 Y26.376 Z-1.000 F800.0
G01 X-6.227 Y26.864 Z-1.000 F800.0
G01 X-6.064 Y27.341 Z-1.000 F800.0
G01 X-5.864 Y27.804 Z-1.000 F800.0
G01 X-5.629 Y28.250 Z-1.000 F800.0
G01 X-5.360 Y28.676 Z-1.000 F800.0
G01 X-5.059 Y29.081 Z-1.000 F800.0
G01 X-4.728 Y29.461 Z-1.000 F800.0
G01 X-4.368 Y29.814 Z-1.000 F800.0
G01 X-3.982 Y30.138 Z-1.000 F800.0
G01 X-3.572 Y30.431 Z-1.000 F800.0
G01 X-3.140 Y30.691 Z-1.000 F800.0
G01 X-2.690 Y30.917 Z-1.000 F800.0
G01 X-2.223 Y31.108 Z-1.000 F800.0
G01 X-1.743 Y31.262 Z-1.000 F800.0
G01 X-1.253 Y31.378 Z-1.000 F800.0
G01 X-0.755 Y31.456 Z-1.000 F800.0
G01 X-0.252 Y31.495 Z-1.000 F800.0
G01 X0.252 Y31.495 Z-1.000 F800.0
G01 X0.755 Y31.456 Z-1.000 F800.0
G01 X1.253 Y31.378 Z-1.000 F800.0
G01 X1.743 Y31.262 Z-1.000 F800.0
G01 X2.223 Y31.108 Z-1.000 F800.0
G01 X2.690 Y30.917 Z-1.000 F800.0
G01 X3.140 Y30.691 Z-1.000 F800.0
G01 X3.572 Y30.431 Z-1.000 F800.0
G01 X3.982 Y30.138 Z-1.000 F800.0
G01 X4.368 Y29.814 Z-1.000 F800.0
G01 X4.728 Y29.461 Z-1.000 F800.0
G01 X5.059 Y29.081 Z-1.000 F800.0
G01 X5.360 Y28.676 Z-1.000 F800.0
G01 X5.629 Y28.250 Z-1.000 F800.0
G01 X5.864 Y27.804 Z-1.000 F800.0
G01 X6.064 Y27.341 Z-1.000 F800.0
G01 X6.227 Y26.864 Z-1.000 F800.0
G01 X6.353 Y26.376 Z-1.000 F800.0
G01 X6.440 Y25.880 Z-1.000 F800.0
G01 X6.489 Y25.378 Z-1.000 F800.0
G01 X6.499 Y24.874 Z-1.000 F800.0
G01 X6.469 Y24.371 Z-1.000 F800.0
G01 X6.401 Y23.871 Z-1.000 F800.0
G01 X6.295 Y23.379 Z-1.000 F800.0
G01 X6.150 Y22.896 Z-1.000 F800.0
G01 X5.968 Y22.425 Z-1.000 F800.0
G01 X5.751 Y21.971 Z-1.000 F800.0
G01 X5.499 Y21.534 Z-1.000 F800.0
G01 X5.214 Y21.118 Z-1.000 F800.0
G01 X4.897 Y20.726 Z-1.000 F800.0
G01 X4.551 Y20.359 Z-1.000 F800.0
G01 X4.178 Y20.021 Z-1.000 F800.0
G01 X3.780 Y19.712 Z-1.000 F800.0
G01 X3.359 Y19.435 Z-1.000 F800.0
G01 X2.917 Y19.191 Z-1.000 F800.0
G01 X2.458 Y18.983 Z-1.000 F800.0
G01 X1.985 Y18.810 Z-1.000 F800.0
G01 X1.499 Y18.675 Z-1.000 F800.0
G01 X1.004 Y18.578 Z-1.000 F800.0
G01 X0.504 Y18.520 Z-1.000 F800.0
G01 X0.000 Y18.500 Z-1.000 F800.0
G00 X0.000 Y18.500 Z50.000
G00 X0.000 Y18.500 Z50.000
G01 Z-2.000 F200.0
G01 X-0.504 Y18.520 Z-2.000 F800.0
G01 X-1.004 Y18.578 Z-2.000 F800.0
G01 X-1.499 Y18.675 Z-2.000 F800.0
G01 X-1.985 Y18.810 Z-2.000 F800.0
G01 X-2.458 Y18.983 Z-2.000 F800.0
G01 X-2.917 Y19.191 Z-2.000 F800.0
G01 X-3.359 Y19.435 Z-2.000 F800.0
G01 X-3.780 Y19.712 Z-2.000 F800.0
G01 X-4.178 Y20.021 Z-2.000 F800.0
G01 X-4.551 Y20.359 Z-2.000 F800.0
G01 X-4.897 Y20.726 Z-2.000 F800.0
G01 X-5.214 Y21.118 Z-2.000 F800.0
G01 X-5.499 Y21.534 Z-2.000 F800.0
G01 X-5.751 Y21.971 Z-2.000 F800.0
G01 X-5.968 Y22.425 Z-2.000 F800.0
G01 X-6.150 Y22.896 Z-2.000 F800.0
G01 X-6.295 Y23.379 Z-2.000 F800.0
G01 X-6.401 Y23.871 Z-2.000 F800.0
G01 X-6.469 Y24.371 Z-2.000 F800.0
G01 X-6.499 Y24.874 Z-2.000 F800.0
G01 X-6.489 Y25.378 Z-2.000 F800.0
G01 X-6.440 Y25.880 Z-2.000 F800.0
G01 X-6.353 Y26.376 Z-2.000 F800.0
G01 X-6.227 Y26.864 Z-2.000 F800.0
G01 X-6.064 Y27.341 Z-2.000 F800.0
G01 X-5.864 Y27.804 Z-2.000 F800.0
G01 X-5.629 Y28.250 Z-2.000 F800.0
G01 X-5.360 Y28.676 Z-2.000 F800.0
G01 X-5.059 Y29.081 Z-2.000 F800.0
G01 X-4.728 Y29.461 Z-2.000 F800.0
G01 X-4.368 Y29.814 Z-2.000 F800.0
G01 X-3.982 Y30.138 Z-2.000 F800.0
G01 X-3.572 Y30.431 Z-2.000 F800.0
G01 X-3.140 Y30.691 Z-2.000 F800.0
G01 X-2.690 Y30.917 Z-2.000 F800.0
G01 X-2.223 Y31.108 Z-2.000 F800.0
G01 X-1.743 Y31.262 Z-2.000 F800.0
G01 X-1.253 Y31.378 Z-2.000 F800.0
G01 X-0.755 Y31.456 Z-2.000 F800.0
G01 X-0.252 Y31.495 Z-2.000 F800.0
G01 X0.252 Y31.495 Z-2.000 F800.0
G01 X0.755 Y31.456 Z-2.000 F800.0
G01 X1.253 Y31.378 Z-2.000 F800.0
G01 X1.743 Y31.262 Z-2.000 F800.0
G01 X2.223 Y31.108 Z-2.000 F800.0
G01 X2.690 Y30.917 Z-2.000 F800.0
G01 X3.140 Y30.691 Z-2.000 F800.0
G01 X3.572 Y30.431 Z-2.000 F800.0
G01 X3.982 Y30.138 Z-2.000 F800.0
G01 X4.368 Y29.814 Z-2.000 F800.0
G01 X4.728 Y29.461 Z-2.000 F800.0
G01 X5.059 Y29.081 Z-2.000 F800.0
G01 X5.360 Y28.676 Z-2.000 F800.0
G01 X5.629 Y28.250 Z-2.000 F800.0
G01 X5.864 Y27.804 Z-2.000 F800.0
G01 X6.064 Y27.341 Z-2.000 F800.0
G01 X6.227 Y26.864 Z-2.000 F800.0
G01 X6.353 Y26.376 Z-2.000 F800.0
G01 X6.440 Y25.880 Z-2.000 F800.0
G01 X6.489 Y25.378 Z-2.000 F800.0
G01 X6.499 Y24.874 Z-2.000 F800.0
G01 X6.469 Y24.371 Z-2.000 F800.0
G01 X6.401 Y23.871 Z-2.000 F800.0
G01 X6.295 Y23.379 Z-2.000 F800.0
G01 X6.150 Y22.896 Z-2.000 F800.0
G01 X5.968 Y22.425 Z-2.000 F800.0
G01 X5.751 Y21.971 Z-2.000 F800.0
G01 X5.499 Y21.534 Z-2.000 F800.0
G01 X5.214 Y21.118 Z-2.000 F800.0
G01 X4.897 Y20.726 Z-2.000 F800.0
G01 X4.551 Y20.359 Z-2.000 F800.0
G01 X4.178 Y20.021 Z-2.000 F800.0
G01 X3.780 Y19.712 Z-2.000 F800.0
G01 X3.359 Y19.435 Z-2.000 F800.0
G01 X2.917 Y19.191 Z-2.000 F800.0
G01 X2.458 Y18.983 Z-2.000 F800.0
G01 X1.985 Y18.810 Z-2.000 F800.0
G01 X1.499 Y18.675 Z-2.000 F800.0
G01 X1.004 Y18.578 Z-2.000 F800.0
G01 X0.504 Y18.520 Z-2.000 F800.0
G01 X0.000 Y18.500 Z-2.000 F800.0
G00 X0.000 Y18.500 Z50.000
G00 X0.000 Y18.500 Z50.000
G01 Z-3.000 F200.0
G01 X-0.504 Y18.520 Z-3.000 F800.0
G01 X-1.004 Y18.578 Z-3.000 F800.0
G01 X-1.499 Y18.675 Z-3.000 F800.0
G01 X-1.985 Y18.810 Z-3.000 F800.0
G01 X-2.458 Y18.983 Z-3.000 F800.0
G01 X-2.917 Y19.191 Z-3.000 F800.0
G01 X-3.359 Y19.435 Z-3.000 F800.0
G01 X-3.780 Y19.712 Z-3.000 F800.0
G01 X-4.178 Y20.021 Z-3.000 F800.0
G01 X-4.551 Y20.359 Z-3.000 F800.0
G01 X-4.897 Y20.726 Z-3.000 F800.0
G01 X-5.214 Y21.118 Z-3.000 F800.0
G01 X-5.499 Y21.534 Z-3.000 F800.0
G01 X-5.751 Y21.971 Z-3.000 F800.0
G01 X-5.968 Y22.425 Z-3.000 F800.0
G01 X-6.150 Y22.896 Z-3.000 F800.0
G01 X-6.295 Y23.379 Z-3.000 F800.0
G01 X-6.401 Y23.871 Z-3.000 F800.0
G01 X-6.469 Y24.371 Z-3.000 F800.0
G01 X-6.499 Y24.874 Z-3.000 F800.0
G01 X-6.489 Y25.378 Z-3.000 F800.0
G01 X-6.440 Y25.880 Z-3.000 F800.0
G01 X-6.353 Y26.376 Z-3.000 F800.0
G01 X-6.227 Y26.864 Z-3.000 F800.0
G01 X-6.064 Y27.341 Z-3.000 F800.0
G01 X-5.864 Y27.804 Z-3.000 F800.0
G01 X-5.629 Y28.250 Z-3.000 F800.0
G01 X-5.360 Y28.676 Z-3.000 F800.0
G01 X-5.059 Y29.081 Z-3.000 F800.0
G01 X-4.728 Y29.461 Z-3.000 F800.0
G01 X-4.368 Y29.814 Z-3.000 F800.0
G01 X-3.982 Y30.138 Z-3.000 F800.0
G01 X-3.572 Y30.431 Z-3.000 F800.0
G01 X-3.140 Y30.691 Z-3.000 F800.0
G01 X-2.690 Y30.917 Z-3.000 F800.0
G01 X-2.223 Y31.108 Z-3.000 F800.0
G01 X-1.743 Y31.262 Z-3.000 F800.0
G01 X-1.253 Y31.378 Z-3.000 F800.0
G01 X-0.755 Y31.456 Z-3.000 F800.0
G01 X-0.252 Y31.495 Z-3.000 F800.0
G01 X0.252 Y31.495 Z-3.000 F800.0
G01 X0.755 Y31.456 Z-3.000 F800.0
G01 X1.253 Y31.378 Z-3.000 F800.0
G01 X1.743 Y31.262 Z-3.000 F800.0
G01 X2.223 Y31.108 Z-3.000 F800.0
G01 X2.690 Y30.917 Z-3.000 F800.0
G01 X3.140 Y30.691 Z-3.000 F800.0
G01 X3.572 Y30.431 Z-3.000 F800.0
G01 X3.982 Y30.138 Z-3.000 F800.0
G01 X4.368 Y29.814 Z-3.000 F800.0
G01 X4.728 Y29.461 Z-3.000 F800.0
G01 X5.059 Y29.081 Z-3.000 F800.0
G01 X5.360 Y28.676 Z-3.000 F800.0
G01 X5.629 Y28.250 Z-3.000 F800.0
G01 X5.864 Y27.804 Z-3.000 F800.0
G01 X6.064 Y27.341 Z-3.000 F800.0
G01 X6.227 Y26.864 Z-3.000 F800.0
G01 X6.353 Y26.376 Z-3.000 F800.0
G01 X6.440 Y25.880 Z-3.000 F800.0
G01 X6.489 Y25.378 Z-3.000 F800.0
G01 X6.499 Y24.874 Z-3.000 F800.0
G01 X6.469 Y24.371 Z-3.000 F800.0
G01 X6.401 Y23.871 Z-3.000 F800.0
G01 X6.295 Y23.379 Z-3.000 F800.0
G01 X6.150 Y22.896 Z-3.000 F800.0
G01 X5.968 Y22.425 Z-3.000 F800.0
G01 X5.751 Y21.971 Z-3.000 F800.0
G01 X5.499 Y21.534 Z-3.000 F800.0
G01 X5.214 Y21.118 Z-3.000 F800.0
G01 X4.897 Y20.726 Z-3.000 F800.0
G01 X4.551 Y20.359 Z-3.000 F800.0
G01 X4.178 Y20.021 Z-3.000 F800.0
G01 X3.780 Y19.712 Z-3.000 F800.0
G01 X3.359 Y19.435 Z-3.000 F800.0
G01 X2.917 Y19.191 Z-3.000 F800.0
G01 X2.458 Y18.983 Z-3.000 F800.0
G01 X1.985 Y18.810 Z-3.000 F800.0
G01 X1.499 Y18.675 Z-3.000 F800.0
G01 X1.004 Y18.578 Z-3.000 F800.0
G01 X0.504 Y18.520 Z-3.000 F800.0
G01 X0.000 Y18.500 Z-3.000 F800.0
G00 X0.000 Y18.500 Z50.000
G00 X0.000 Y18.500 Z50.000
G01 Z-4.000 F200.0
G01 X-0.504 Y18.520 Z-4.000 F800.0
G01 X-1.004 Y18.578 Z-4.000 F800.0
G01 X-1.499 Y18.675 Z-4.000 F800.0
G01 X-1.985 Y18.810 Z-4.000 F800.0
G01 X-2.458 Y18.983 Z-4.000 F800.0
G01 X-2.917 Y19.191 Z-4.000 F800.0
G01 X-3.359 Y19.435 Z-4.000 F800.0
G01 X-3.780 Y19.712 Z-4.000 F800.0
G01 X-4.178 Y20.021 Z-4.000 F800.0
G01 X-4.551 Y20.359 Z-4.000 F800.0
G01 X-4.897 Y20.726 Z-4.000 F800.0
G01 X-5.214 Y21.118 Z-4.000 F800.0
G01 X-5.499 Y21.534 Z-4.000 F800.0
G01 X-5.751 Y21.971 Z-4.000 F800.0
G01 X-5.968 Y22.425 Z-4.000 F800.0
G01 X-6.150 Y22.896 Z-4.000 F800.0
G01 X-6.295 Y23.379 Z-4.000 F800.0
G01 X-6.401 Y23.871 Z-4.000 F800.0
G01 X-6.469 Y24.371 Z-4.000 F800.0
G01 X-6.499 Y24.874 Z-4.000 F800.0
G01 X-6.489 Y25.378 Z-4.000 F800.0
G01 X-6.440 Y25.880 Z-4.000 F800.0
G01 X-6.353 Y26.376 Z-4.000 F800.0
G01 X-6.227 Y26.864 Z-4.000 F800.0
G01 X-6.064 Y27.341 Z-4.000 F800.0
G01 X-5.864 Y27.804 Z-4.000 F800.0
G01 X-5.629 Y28.250 Z-4.000 F800.0
G01 X-5.360 Y28.676 Z-4.000 F800.0
G01 X-5.059 Y29.081 Z-4.000 F800.0
G01 X-4.728 Y29.461 Z-4.000 F800.0
G01 X-4.368 Y29.814 Z-4.000 F800.0
G01 X-3.982 Y30.138 Z-4.000 F800.0
G01 X-3.572 Y30.431 Z-4.000 F800.0
G01 X-3.140 Y30.691 Z-4.000 F800.0
G01 X-2.690 Y30.917 Z-4.000 F800.0
G01 X-2.223 Y31.108 Z-4.000 F800.0
G01 X-1.743 Y31.262 Z-4.000 F800.0
G01 X-1.253 Y31.378 Z-4.000 F800.0
G01 X-0.755 Y31.456 Z-4.000 F800.0
G01 X-0.252 Y31.495 Z-4.000 F800.0
G01 X0.252 Y31.495 Z-4.000 F800.0
G01 X0.755 Y31.456 Z-4.000 F800.0
G01 X1.253 Y31.378 Z-4.000 F800.0
G01 X1.743 Y31.262 Z-4.000 F800.0
G01 X2.223 Y31.108 Z-4.000 F800.0
G01 X2.690 Y30.917 Z-4.000 F800.0
G01 X3.140 Y30.691 Z-4.000 F800.0
G01 X3.572 Y30.431 Z-4.000 F800.0
G01 X3.982 Y30.138 Z-4.000 F800.0
G01 X4.368 Y29.814 Z-4.000 F800.0
G01 X4.728 Y29.461 Z-4.000 F800.0
G01 X5.059 Y29.081 Z-4.000 F800.0
G01 X5.360 Y28.676 Z-4.000 F800.0
G01 X5.629 Y28.250 Z-4.000 F800.0
G01 X5.864 Y27.804 Z-4.000 F800.0
G01 X6.064 Y27.341 Z-4.000 F800.0
G01 X6.227 Y26.864 Z-4.000 F800.0
G01 X6.353 Y26.376 Z-4.000 F800.0
G01 X6.440 Y25.880 Z-4.000 F800.0
G01 X6.489 Y25.378 Z-4.000 F800.0
G01 X6.499 Y24.874 Z-4.000 F800.0
G01 X6.469 Y24.371 Z-4.000 F800.0
G01 X6.401 Y23.871 Z-4.000 F800.0
G01 X6.295 Y23.379 Z-4.000 F800.0
G01 X6.150 Y22.896 Z-4.000 F800.0
G01 X5.968 Y22.425 Z-4.000 F800.0
G01 X5.751 Y21.971 Z-4.000 F800.0
G01 X5.499 Y21.534 Z-4.000 F800.0
G01 X5.214 Y21.118 Z-4.000 F800.0
G01 X4.897 Y20.726 Z-4.000 F800.0
G01 X4.551 Y20.359 Z-4.000 F800.0
G01 X4.178 Y20.021 Z-4.000 F800.0
G01 X3.780 Y19.712 Z-4.000 F800.0
G01 X3.359 Y19.435 Z-4.000 F800.0
G01 X2.917 Y19.191 Z-4.000 F800.0
G01 X2.458 Y18.983 Z-4.000 F800.0
G01 X1.985 Y18.810 Z-4.000 F800.0
G01 X1.499 Y18.675 Z-4.000 F800.0
G01 X1.004 Y18.578 Z-4.000 F800.0
G01 X0.504 Y18.520 Z-4.000 F800.0
G01 X0.000 Y18.500 Z-4.000 F800.0
G00 X0.000 Y18.500 Z50.000
G00 X0.000 Y18.500 Z50.000
G01 Z-5.000 F200.0
G01 X-0.504 Y18.520 Z-5.000 F800.0
G01 X-1.004 Y18.578 Z-5.000 F800.0
G01 X-1.499 Y18.675 Z-5.000 F800.0
G01 X-1.985 Y18.810 Z-5.000 F800.0
G01 X-2.458 Y18.983 Z-5.000 F800.0
G01 X-2.917 Y19.191 Z-5.000 F800.0
G01 X-3.359 Y19.435 Z-5.000 F800.0
G01 X-3.780 Y19.712 Z-5.000 F800.0
G01 X-4.178 Y20.021 Z-5.000 F800.0
G01 X-4.551 Y20.359 Z-5.000 F800.0
G01 X-4.897 Y20.726 Z-5.000 F800.0
G01 X-5.214 Y21.118 Z-5.000 F800.0
G01 X-5.499 Y21.534 Z-5.000 F800.0
G01 X-5.751 Y21.971 Z-5.000 F800.0
G01 X-5.968 Y22.425 Z-5.000 F800.0
G01 X-6.150 Y22.896 Z-5.000 F800.0
G01 X-6.295 Y23.379 Z-5.000 F800.0
G01 X-6.401 Y23.871 Z-5.000 F800.0
G01 X-6.469 Y24.371 Z-5.000 F800.0
G01 X-6.499 Y24.874 Z-5.000 F800.0
G01 X-6.489 Y25.378 Z-5.000 F800.0
G01 X-6.440 Y25.880 Z-5.000 F800.0
G01 X-6.353 Y26.376 Z-5.000 F800.0
G01 X-6.227 Y26.864 Z-5.000 F800.0
G01 X-6.064 Y27.341 Z-5.000 F800.0
G01 X-5.864 Y27.804 Z-5.000 F800.0
G01 X-5.629 Y28.250 Z-5.000 F800.0
G01 X-5.360 Y28.676 Z-5.000 F800.0
G01 X-5.059 Y29.081 Z-5.000 F800.0
G01 X-4.728 Y29.461 Z-5.000 F800.0
G01 X-4.368 Y29.814 Z-5.000 F800.0
G01 X-3.982 Y30.138 Z-5.000 F800.0
G01 X-3.572 Y30.431 Z-5.000 F800.0
G01 X-3.140 Y30.691 Z-5.000 F800.0
G01 X-2.690 Y30.917 Z-5.000 F800.0
G01 X-2.223 Y31.108 Z-5.000 F800.0
G01 X-1.743 Y31.262 Z-5.000 F800.0
G01 X-1.253 Y31.378 Z-5.000 F800.0
G01 X-0.755 Y31.456 Z-5.000 F800.0
G01 X-0.252 Y31.495 Z-5.000 F800.0
G01 X0.252 Y31.495 Z-5.000 F800.0
G01 X0.755 Y31.456 Z-5.000 F800.0
G01 X1.253 Y31.378 Z-5.000 F800.0
G01 X1.743 Y31.262 Z-5.000 F800.0
G01 X2.223 Y31.108 Z-5.000 F800.0
G01 X2.690 Y30.917 Z-5.000 F800.0
G01 X3.140 Y30.691 Z-5.000 F800.0
G01 X3.572 Y30.431 Z-5.000 F800.0
G01 X3.982 Y30.138 Z-5.000 F800.0
G01 X4.368 Y29.814 Z-5.000 F800.0
G01 X4.728 Y29.461 Z-5.000 F800.0
G01 X5.059 Y29.081 Z-5.000 F800.0
G01 X5.360 Y28.676 Z-5.000 F800.0
G01 X5.629 Y28.250 Z-5.000 F800.0
G01 X5.864 Y27.804 Z-5.000 F800.0
G01 X6.064 Y27.341 Z-5.000 F800.0
G01 X6.227 Y26.864 Z-5.000 F800.0
G01 X6.353 Y26.376 Z-5.000 F800.0
G01 X6.440 Y25.880 Z-5.000 F800.0
G01 X6.489 Y25.378 Z-5.000 F800.0
G01 X6.499 Y24.874 Z-5.000 F800.0
G01 X6.469 Y24.371 Z-5.000 F800.0
G01 X6.401 Y23.871 Z-5.000 F800.0
G01 X6.295 Y23.379 Z-5.000 F800.0
G01 X6.150 Y22.896 Z-5.000 F800.0
G01 X5.968 Y22.425 Z-5.000 F800.0
G01 X5.751 Y21.971 Z-5.000 F800.0
G01 X5.499 Y21.534 Z-5.000 F800.0
G01 X5.214 Y21.118 Z-5.000 F800.0
G01 X4.897 Y20.726 Z-5.000 F800.0
G01 X4.551 Y20.359 Z-5.000 F800.0
G01 X4.178 Y20.021 Z-5.000 F800.0
G01 X3.780 Y19.712 Z-5.000 F800.0
G01 X3.359 Y19.435 Z-5.000 F800.0
G01 X2.917 Y19.191 Z-5.000 F800.0
G01 X2.458 Y18.983 Z-5.000 F800.0
G01 X1.985 Y18.810 Z-5.000 F800.0
G01 X1.499 Y18.675 Z-5.000 F800.0
G01 X1.004 Y18.578 Z-5.000 F800.0
G01 X0.504 Y18.520 Z-5.000 F800.0
G01 X0.000 Y18.500 Z-5.000 F800.0
G00 X0.000 Y18.500 Z50.000
M09 (COOLANT OFF)
M05 (SPINDLE STOP)
G91 G28 Z0 (HOME Z)
G28 X0 Y0 (HOME XY)
G90 (RESTORE ABSOLUTE)
M30 (END PROGRAM)
%